target,fitted_quantity,fold,model,complexity,n_terms,n_constants,r2_holdout,mae_holdout,expression,reduction_sr_reduction,reduction_cumulative_explained_variance,reduction_fitted_on_quotient_applied_to,reduction_n_coordinates,sr_operator_set,sr_reduction,quotient_operator,eval_split,target_transform,coordinate_basis_caveat
logMstar,logMstar,0,symbolic,1.0,0,1,-0.002381968047066918,0.743223999101156,8.4828e-16,pca,0.6590592270622698,anchor cloud,8,arithmetic_exp_log,pca,orbit_mean,kfold_5,log_ssfr,"expressions are in standardised PCA coordinates of the quotiented cloud; a PCA basis is arbitrary up to rotation, so a term is not a named physical direction"
logMstar,logMstar,0,symbolic,2.0,0,1,-0.0023819686728081546,0.7432240000022475,log(-1),pca,0.6590592270622698,anchor cloud,8,arithmetic_exp_log,pca,orbit_mean,kfold_5,log_ssfr,"expressions are in standardised PCA coordinates of the quotiented cloud; a PCA basis is arbitrary up to rotation, so a term is not a named physical direction"
logMstar,logMstar,0,symbolic,3.0,1,1,0.15140770505770562,0.6657745157573649,(z2 * 0.398773),pca,0.6590592270622698,anchor cloud,8,arithmetic_exp_log,pca,orbit_mean,kfold_5,log_ssfr,"expressions are in standardised PCA coordinates of the quotiented cloud; a PCA basis is arbitrary up to rotation, so a term is not a named physical direction"
logMstar,logMstar,0,symbolic,5.0,2,1,0.2734526503124547,0.6179471222110439,(0.392095 * (z2 + z6)),pca,0.6590592270622698,anchor cloud,8,arithmetic_exp_log,pca,orbit_mean,kfold_5,log_ssfr,"expressions are in standardised PCA coordinates of the quotiented cloud; a PCA basis is arbitrary up to rotation, so a term is not a named physical direction"
logMstar,logMstar,0,symbolic,7.0,2,2,0.3404789865203307,0.5393944953542301,(0.40133 * ((z5 * -1.03582) + z2)),pca,0.6590592270622698,anchor cloud,8,arithmetic_exp_log,pca,orbit_mean,kfold_5,log_ssfr,"expressions are in standardised PCA coordinates of the quotiented cloud; a PCA basis is arbitrary up to rotation, so a term is not a named physical direction"
logMstar,logMstar,0,symbolic,9.0,3,2,0.4286591909680303,0.5107828799536513,(0.373498 * ((z5 * -1.01482) + (z2 + z6))),pca,0.6590592270622698,anchor cloud,8,arithmetic_exp_log,pca,orbit_mean,kfold_5,log_ssfr,"expressions are in standardised PCA coordinates of the quotiented cloud; a PCA basis is arbitrary up to rotation, so a term is not a named physical direction"
logMstar,logMstar,0,symbolic,13.0,4,2,0.4322236990777054,0.5294030702569721,(0.224566 * ((z5 * -1.78443) + (z2 + (z2 + (z0 + z6))))),pca,0.6590592270622698,anchor cloud,8,arithmetic_exp_log,pca,orbit_mean,kfold_5,log_ssfr,"expressions are in standardised PCA coordinates of the quotiented cloud; a PCA basis is arbitrary up to rotation, so a term is not a named physical direction"
logMstar,logMstar,0,symbolic,15.0,5,3,0.5340890730295753,0.4359979271648988,(0.33011 * ((z5 * -1.20099) + (z2 + (((z1 / -1.28551) - z4) + z6)))),pca,0.6590592270622698,anchor cloud,8,arithmetic_exp_log,pca,orbit_mean,kfold_5,log_ssfr,"expressions are in standardised PCA coordinates of the quotiented cloud; a PCA basis is arbitrary up to rotation, so a term is not a named physical direction"
logMstar,logMstar,0,symbolic,19.0,6,3,0.5743681105736118,0.4432292812755637,(0.230602 * ((z5 * -1.69997) + (z2 + (z2 + (((z1 / -0.988096) - (z4 + z3)) + z6))))),pca,0.6590592270622698,anchor cloud,8,arithmetic_exp_log,pca,orbit_mean,kfold_5,log_ssfr,"expressions are in standardised PCA coordinates of the quotiented cloud; a PCA basis is arbitrary up to rotation, so a term is not a named physical direction"
logMstar,logMstar,0,symbolic,21.0,6,3,0.5567200095137869,0.4489732646494933,(0.197267 * ((z5 * -2.02341) + (z0 + (z2 + ((z2 + (((z1 / -0.810133) - z4) + z6)) + z6))))),pca,0.6590592270622698,anchor cloud,8,arithmetic_exp_log,pca,orbit_mean,kfold_5,log_ssfr,"expressions are in standardised PCA coordinates of the quotiented cloud; a PCA basis is arbitrary up to rotation, so a term is not a named physical direction"
logMstar,logMstar,0,linear_k,,1,2,0.0012152245269325679,,ridge on z0..z0,pca,0.6590592270622698,anchor cloud,8,arithmetic_exp_log,pca,orbit_mean,kfold_5,log_ssfr,"expressions are in standardised PCA coordinates of the quotiented cloud; a PCA basis is arbitrary up to rotation, so a term is not a named physical direction"
logMstar,logMstar,0,linear_k,,2,3,0.03541599010473584,,ridge on z0..z1,pca,0.6590592270622698,anchor cloud,8,arithmetic_exp_log,pca,orbit_mean,kfold_5,log_ssfr,"expressions are in standardised PCA coordinates of the quotiented cloud; a PCA basis is arbitrary up to rotation, so a term is not a named physical direction"
logMstar,logMstar,0,linear_k,,3,4,0.1720531773807984,,ridge on z0..z2,pca,0.6590592270622698,anchor cloud,8,arithmetic_exp_log,pca,orbit_mean,kfold_5,log_ssfr,"expressions are in standardised PCA coordinates of the quotiented cloud; a PCA basis is arbitrary up to rotation, so a term is not a named physical direction"
logMstar,logMstar,0,linear_k,,4,5,0.24786051913879525,,ridge on z0..z3,pca,0.6590592270622698,anchor cloud,8,arithmetic_exp_log,pca,orbit_mean,kfold_5,log_ssfr,"expressions are in standardised PCA coordinates of the quotiented cloud; a PCA basis is arbitrary up to rotation, so a term is not a named physical direction"
logMstar,logMstar,0,linear_k,,5,6,0.353356938096576,,ridge on z0..z4,pca,0.6590592270622698,anchor cloud,8,arithmetic_exp_log,pca,orbit_mean,kfold_5,log_ssfr,"expressions are in standardised PCA coordinates of the quotiented cloud; a PCA basis is arbitrary up to rotation, so a term is not a named physical direction"
logMstar,logMstar,0,linear_k,,6,7,0.5237204784782657,,ridge on z0..z5,pca,0.6590592270622698,anchor cloud,8,arithmetic_exp_log,pca,orbit_mean,kfold_5,log_ssfr,"expressions are in standardised PCA coordinates of the quotiented cloud; a PCA basis is arbitrary up to rotation, so a term is not a named physical direction"
logMstar,logMstar,0,linear_k,,7,8,0.6128495472765243,,ridge on z0..z6,pca,0.6590592270622698,anchor cloud,8,arithmetic_exp_log,pca,orbit_mean,kfold_5,log_ssfr,"expressions are in standardised PCA coordinates of the quotiented cloud; a PCA basis is arbitrary up to rotation, so a term is not a named physical direction"
logMstar,logMstar,0,linear_k,,8,9,0.6136330634674168,,ridge on z0..z7,pca,0.6590592270622698,anchor cloud,8,arithmetic_exp_log,pca,orbit_mean,kfold_5,log_ssfr,"expressions are in standardised PCA coordinates of the quotiented cloud; a PCA basis is arbitrary up to rotation, so a term is not a named physical direction"
logMstar,logMstar,0,linear_all,,1024,1025,0.8026292596652869,,ridge on the full conditioned embedding,pca,0.6590592270622698,anchor cloud,8,arithmetic_exp_log,pca,orbit_mean,kfold_5,log_ssfr,"expressions are in standardised PCA coordinates of the quotiented cloud; a PCA basis is arbitrary up to rotation, so a term is not a named physical direction"
logMstar,logMstar,1,symbolic,1.0,0,1,-0.000701718809505314,0.7680622555359087,8.7777e-16,pca,0.6590592270622698,anchor cloud,8,arithmetic_exp_log,pca,orbit_mean,kfold_5,log_ssfr,"expressions are in standardised PCA coordinates of the quotiented cloud; a PCA basis is arbitrary up to rotation, so a term is not a named physical direction"
logMstar,logMstar,1,symbolic,2.0,0,1,-0.0007017170546801399,0.7680622597371464,log(1),pca,0.6590592270622698,anchor cloud,8,arithmetic_exp_log,pca,orbit_mean,kfold_5,log_ssfr,"expressions are in standardised PCA coordinates of the quotiented cloud; a PCA basis is arbitrary up to rotation, so a term is not a named physical direction"
logMstar,logMstar,1,symbolic,3.0,1,1,0.16851852922139976,0.664547151088613,(z5 / -2.36988),pca,0.6590592270622698,anchor cloud,8,arithmetic_exp_log,pca,orbit_mean,kfold_5,log_ssfr,"expressions are in standardised PCA coordinates of the quotiented cloud; a PCA basis is arbitrary up to rotation, so a term is not a named physical direction"
logMstar,logMstar,1,symbolic,5.0,2,1,0.3270878635602761,0.5728652623561828,((z5 - z2) / -2.44526),pca,0.6590592270622698,anchor cloud,8,arithmetic_exp_log,pca,orbit_mean,kfold_5,log_ssfr,"expressions are in standardised PCA coordinates of the quotiented cloud; a PCA basis is arbitrary up to rotation, so a term is not a named physical direction"
logMstar,logMstar,1,symbolic,7.0,3,1,0.352989965138243,0.5878920897141593,(((z3 + z5) - z2) / -2.86093),pca,0.6590592270622698,anchor cloud,8,arithmetic_exp_log,pca,orbit_mean,kfold_5,log_ssfr,"expressions are in standardised PCA coordinates of the quotiented cloud; a PCA basis is arbitrary up to rotation, so a term is not a named physical direction"
logMstar,logMstar,1,symbolic,9.0,3,2,0.42152270636205347,0.5276130396502217,(((z5 - (z6 / 1.26712)) - z2) * -0.406801),pca,0.6590592270622698,anchor cloud,8,arithmetic_exp_log,pca,orbit_mean,kfold_5,log_ssfr,"expressions are in standardised PCA coordinates of the quotiented cloud; a PCA basis is arbitrary up to rotation, so a term is not a named physical direction"
logMstar,logMstar,1,symbolic,11.0,4,1,0.44634057667460747,0.5585515235801121,(((((z3 + z5) - z2) - z2) - z6) * -0.256693),pca,0.6590592270622698,anchor cloud,8,arithmetic_exp_log,pca,orbit_mean,kfold_5,log_ssfr,"expressions are in standardised PCA coordinates of the quotiented cloud; a PCA basis is arbitrary up to rotation, so a term is not a named physical direction"
logMstar,logMstar,1,symbolic,13.0,6,1,0.5288958977746681,0.5231125486863555,((((((z3 + z1) + z5) - z0) - z2) - z6) * -0.317941),pca,0.6590592270622698,anchor cloud,8,arithmetic_exp_log,pca,orbit_mean,kfold_5,log_ssfr,"expressions are in standardised PCA coordinates of the quotiented cloud; a PCA basis is arbitrary up to rotation, so a term is not a named physical direction"
logMstar,logMstar,1,symbolic,17.0,4,3,0.5133218742637228,0.5237477213475583,(((((1.30011 * z5) - z6) - z2) - (((z3 * z3) - z2) / -4.28608)) * -0.329511),pca,0.6590592270622698,anchor cloud,8,arithmetic_exp_log,pca,orbit_mean,kfold_5,log_ssfr,"expressions are in standardised PCA coordinates of the quotiented cloud; a PCA basis is arbitrary up to rotation, so a term is not a named physical direction"
logMstar,logMstar,1,symbolic,18.0,5,4,0.5505483147891026,0.5097200239167652,(((((1.13589 * z5) - (((z0 * z3) * log(0.244918)) / -3.7441)) - z2) - z6) * -0.397212),pca,0.6590592270622698,anchor cloud,8,arithmetic_exp_log,pca,orbit_mean,kfold_5,log_ssfr,"expressions are in standardised PCA coordinates of the quotiented cloud; a PCA basis is arbitrary up to rotation, so a term is not a named physical direction"
logMstar,logMstar,1,symbolic,21.0,7,2,0.5977634274628483,0.44781433722992137,(((((z3 - z0) + (z5 + z1)) - ((((z5 + z4) - z6) - z2) * -1.25101)) - z2) * -0.199117),pca,0.6590592270622698,anchor cloud,8,arithmetic_exp_log,pca,orbit_mean,kfold_5,log_ssfr,"expressions are in standardised PCA coordinates of the quotiented cloud; a PCA basis is arbitrary up to rotation, so a term is not a named physical direction"
logMstar,logMstar,1,symbolic,23.0,6,3,0.5817653515111384,0.46318616539691565,((((((z4 + z1) + z5) - z2) - (((((z3 * z3) - z2) + -1) - z2) / -4.80311)) - z6) * -0.307312),pca,0.6590592270622698,anchor cloud,8,arithmetic_exp_log,pca,orbit_mean,kfold_5,log_ssfr,"expressions are in standardised PCA coordinates of the quotiented cloud; a PCA basis is arbitrary up to rotation, so a term is not a named physical direction"
logMstar,logMstar,1,linear_k,,1,2,0.014899003080434237,,ridge on z0..z0,pca,0.6590592270622698,anchor cloud,8,arithmetic_exp_log,pca,orbit_mean,kfold_5,log_ssfr,"expressions are in standardised PCA coordinates of the quotiented cloud; a PCA basis is arbitrary up to rotation, so a term is not a named physical direction"
logMstar,logMstar,1,linear_k,,2,3,0.0460842809844515,,ridge on z0..z1,pca,0.6590592270622698,anchor cloud,8,arithmetic_exp_log,pca,orbit_mean,kfold_5,log_ssfr,"expressions are in standardised PCA coordinates of the quotiented cloud; a PCA basis is arbitrary up to rotation, so a term is not a named physical direction"
logMstar,logMstar,1,linear_k,,3,4,0.19251985249224313,,ridge on z0..z2,pca,0.6590592270622698,anchor cloud,8,arithmetic_exp_log,pca,orbit_mean,kfold_5,log_ssfr,"expressions are in standardised PCA coordinates of the quotiented cloud; a PCA basis is arbitrary up to rotation, so a term is not a named physical direction"
logMstar,logMstar,1,linear_k,,4,5,0.278590541525624,,ridge on z0..z3,pca,0.6590592270622698,anchor cloud,8,arithmetic_exp_log,pca,orbit_mean,kfold_5,log_ssfr,"expressions are in standardised PCA coordinates of the quotiented cloud; a PCA basis is arbitrary up to rotation, so a term is not a named physical direction"
logMstar,logMstar,1,linear_k,,5,6,0.3279983430747869,,ridge on z0..z4,pca,0.6590592270622698,anchor cloud,8,arithmetic_exp_log,pca,orbit_mean,kfold_5,log_ssfr,"expressions are in standardised PCA coordinates of the quotiented cloud; a PCA basis is arbitrary up to rotation, so a term is not a named physical direction"
logMstar,logMstar,1,linear_k,,6,7,0.5073053345293845,,ridge on z0..z5,pca,0.6590592270622698,anchor cloud,8,arithmetic_exp_log,pca,orbit_mean,kfold_5,log_ssfr,"expressions are in standardised PCA coordinates of the quotiented cloud; a PCA basis is arbitrary up to rotation, so a term is not a named physical direction"
logMstar,logMstar,1,linear_k,,7,8,0.611525514391664,,ridge on z0..z6,pca,0.6590592270622698,anchor cloud,8,arithmetic_exp_log,pca,orbit_mean,kfold_5,log_ssfr,"expressions are in standardised PCA coordinates of the quotiented cloud; a PCA basis is arbitrary up to rotation, so a term is not a named physical direction"
logMstar,logMstar,1,linear_k,,8,9,0.6165672560166051,,ridge on z0..z7,pca,0.6590592270622698,anchor cloud,8,arithmetic_exp_log,pca,orbit_mean,kfold_5,log_ssfr,"expressions are in standardised PCA coordinates of the quotiented cloud; a PCA basis is arbitrary up to rotation, so a term is not a named physical direction"
logMstar,logMstar,1,linear_all,,1024,1025,0.7894795947975268,,ridge on the full conditioned embedding,pca,0.6590592270622698,anchor cloud,8,arithmetic_exp_log,pca,orbit_mean,kfold_5,log_ssfr,"expressions are in standardised PCA coordinates of the quotiented cloud; a PCA basis is arbitrary up to rotation, so a term is not a named physical direction"
logMstar,logMstar,2,symbolic,1.0,0,1,-1.4545658965525732e-05,0.7405372985809767,5.01335e-16,pca,0.6590592270622698,anchor cloud,8,arithmetic_exp_log,pca,orbit_mean,kfold_5,log_ssfr,"expressions are in standardised PCA coordinates of the quotiented cloud; a PCA basis is arbitrary up to rotation, so a term is not a named physical direction"
logMstar,logMstar,2,symbolic,3.0,1,1,0.16791238763059735,0.6505098222802106,(-0.422052 * z5),pca,0.6590592270622698,anchor cloud,8,arithmetic_exp_log,pca,orbit_mean,kfold_5,log_ssfr,"expressions are in standardised PCA coordinates of the quotiented cloud; a PCA basis is arbitrary up to rotation, so a term is not a named physical direction"
logMstar,logMstar,2,symbolic,5.0,2,1,0.25874507977846184,0.6291860850595593,((z2 + z6) / 2.50602),pca,0.6590592270622698,anchor cloud,8,arithmetic_exp_log,pca,orbit_mean,kfold_5,log_ssfr,"expressions are in standardised PCA coordinates of the quotiented cloud; a PCA basis is arbitrary up to rotation, so a term is not a named physical direction"
logMstar,logMstar,2,symbolic,6.0,2,1,0.2587450786747536,0.6291860860596806,((z2 + z6) * exp(-0.918695)),pca,0.6590592270622698,anchor cloud,8,arithmetic_exp_log,pca,orbit_mean,kfold_5,log_ssfr,"expressions are in standardised PCA coordinates of the quotiented cloud; a PCA basis is arbitrary up to rotation, so a term is not a named physical direction"
logMstar,logMstar,2,symbolic,7.0,3,1,0.40961835232165056,0.5234701509908106,(0.377716 * (z2 + (z6 - z5))),pca,0.6590592270622698,anchor cloud,8,arithmetic_exp_log,pca,orbit_mean,kfold_5,log_ssfr,"expressions are in standardised PCA coordinates of the quotiented cloud; a PCA basis is arbitrary up to rotation, so a term is not a named physical direction"
logMstar,logMstar,2,symbolic,9.0,3,2,0.4159435460832568,0.5185890017849535,(0.405607 * (z2 + ((z6 / 1.26172) - z5))),pca,0.6590592270622698,anchor cloud,8,arithmetic_exp_log,pca,orbit_mean,kfold_5,log_ssfr,"expressions are in standardised PCA coordinates of the quotiented cloud; a PCA basis is arbitrary up to rotation, so a term is not a named physical direction"
logMstar,logMstar,2,symbolic,13.0,4,3,0.4563196419950337,0.4917664541619217,(((-0.539306 * z1) + (z2 + ((-2.94847e-10 - z5) + z6))) * 0.383336),pca,0.6590592270622698,anchor cloud,8,arithmetic_exp_log,pca,orbit_mean,kfold_5,log_ssfr,"expressions are in standardised PCA coordinates of the quotiented cloud; a PCA basis is arbitrary up to rotation, so a term is not a named physical direction"
logMstar,logMstar,2,symbolic,15.0,6,2,0.5356422357342756,0.4889844585902843,((z2 + ((((z0 - (z1 + z3)) / 1.72168) - z5) + z6)) * 0.391232),pca,0.6590592270622698,anchor cloud,8,arithmetic_exp_log,pca,orbit_mean,kfold_5,log_ssfr,"expressions are in standardised PCA coordinates of the quotiented cloud; a PCA basis is arbitrary up to rotation, so a term is not a named physical direction"
logMstar,logMstar,2,symbolic,17.0,7,2,0.5871093125458577,0.4556571884935233,((z6 + (z2 + ((((z0 - z4) - (z1 + z3)) / 1.69021) - z5))) * 0.387667),pca,0.6590592270622698,anchor cloud,8,arithmetic_exp_log,pca,orbit_mean,kfold_5,log_ssfr,"expressions are in standardised PCA coordinates of the quotiented cloud; a PCA basis is arbitrary up to rotation, so a term is not a named physical direction"
logMstar,logMstar,2,symbolic,20.0,7,3,0.5889689518558157,0.4537888025762846,(((log(-0.513117) * z1) + (z2 + (((((z0 - z3) - z4) / 1.76187) - z5) + z6))) * 0.388331),pca,0.6590592270622698,anchor cloud,8,arithmetic_exp_log,pca,orbit_mean,kfold_5,log_ssfr,"expressions are in standardised PCA coordinates of the quotiented cloud; a PCA basis is arbitrary up to rotation, so a term is not a named physical direction"
logMstar,logMstar,2,symbolic,24.0,7,4,0.5930674227898105,0.4496778518827521,(((log(-2.72794) * (z2 / 3.72322)) + (z2 + (((((z0 - z4) - (z1 + z3)) / 1.54872) - z5) + z6))) * 0.358383),pca,0.6590592270622698,anchor cloud,8,arithmetic_exp_log,pca,orbit_mean,kfold_5,log_ssfr,"expressions are in standardised PCA coordinates of the quotiented cloud; a PCA basis is arbitrary up to rotation, so a term is not a named physical direction"
logMstar,logMstar,2,linear_k,,1,2,0.003645765153775238,,ridge on z0..z0,pca,0.6590592270622698,anchor cloud,8,arithmetic_exp_log,pca,orbit_mean,kfold_5,log_ssfr,"expressions are in standardised PCA coordinates of the quotiented cloud; a PCA basis is arbitrary up to rotation, so a term is not a named physical direction"
logMstar,logMstar,2,linear_k,,2,3,0.049051557682194824,,ridge on z0..z1,pca,0.6590592270622698,anchor cloud,8,arithmetic_exp_log,pca,orbit_mean,kfold_5,log_ssfr,"expressions are in standardised PCA coordinates of the quotiented cloud; a PCA basis is arbitrary up to rotation, so a term is not a named physical direction"
logMstar,logMstar,2,linear_k,,3,4,0.17047165386968366,,ridge on z0..z2,pca,0.6590592270622698,anchor cloud,8,arithmetic_exp_log,pca,orbit_mean,kfold_5,log_ssfr,"expressions are in standardised PCA coordinates of the quotiented cloud; a PCA basis is arbitrary up to rotation, so a term is not a named physical direction"
logMstar,logMstar,2,linear_k,,4,5,0.25450733346049037,,ridge on z0..z3,pca,0.6590592270622698,anchor cloud,8,arithmetic_exp_log,pca,orbit_mean,kfold_5,log_ssfr,"expressions are in standardised PCA coordinates of the quotiented cloud; a PCA basis is arbitrary up to rotation, so a term is not a named physical direction"
logMstar,logMstar,2,linear_k,,5,6,0.31003769006288795,,ridge on z0..z4,pca,0.6590592270622698,anchor cloud,8,arithmetic_exp_log,pca,orbit_mean,kfold_5,log_ssfr,"expressions are in standardised PCA coordinates of the quotiented cloud; a PCA basis is arbitrary up to rotation, so a term is not a named physical direction"
logMstar,logMstar,2,linear_k,,6,7,0.4985263765131128,,ridge on z0..z5,pca,0.6590592270622698,anchor cloud,8,arithmetic_exp_log,pca,orbit_mean,kfold_5,log_ssfr,"expressions are in standardised PCA coordinates of the quotiented cloud; a PCA basis is arbitrary up to rotation, so a term is not a named physical direction"
logMstar,logMstar,2,linear_k,,7,8,0.5969147136178841,,ridge on z0..z6,pca,0.6590592270622698,anchor cloud,8,arithmetic_exp_log,pca,orbit_mean,kfold_5,log_ssfr,"expressions are in standardised PCA coordinates of the quotiented cloud; a PCA basis is arbitrary up to rotation, so a term is not a named physical direction"
logMstar,logMstar,2,linear_k,,8,9,0.6005498675314958,,ridge on z0..z7,pca,0.6590592270622698,anchor cloud,8,arithmetic_exp_log,pca,orbit_mean,kfold_5,log_ssfr,"expressions are in standardised PCA coordinates of the quotiented cloud; a PCA basis is arbitrary up to rotation, so a term is not a named physical direction"
logMstar,logMstar,2,linear_all,,1024,1025,0.7893372578163915,,ridge on the full conditioned embedding,pca,0.6590592270622698,anchor cloud,8,arithmetic_exp_log,pca,orbit_mean,kfold_5,log_ssfr,"expressions are in standardised PCA coordinates of the quotiented cloud; a PCA basis is arbitrary up to rotation, so a term is not a named physical direction"
logMstar,logMstar,3,symbolic,1.0,0,1,-0.000924773828825165,0.756945540758416,1.07553e-15,pca,0.6590592270622698,anchor cloud,8,arithmetic_exp_log,pca,orbit_mean,kfold_5,log_ssfr,"expressions are in standardised PCA coordinates of the quotiented cloud; a PCA basis is arbitrary up to rotation, so a term is not a named physical direction"
logMstar,logMstar,3,symbolic,3.0,1,1,0.1745159255006714,0.6772991296932644,(0.392139 * z2),pca,0.6590592270622698,anchor cloud,8,arithmetic_exp_log,pca,orbit_mean,kfold_5,log_ssfr,"expressions are in standardised PCA coordinates of the quotiented cloud; a PCA basis is arbitrary up to rotation, so a term is not a named physical direction"
logMstar,logMstar,3,symbolic,4.0,1,1,0.17451592551029582,0.6772991296950135,(exp(-0.936138) * z2),pca,0.6590592270622698,anchor cloud,8,arithmetic_exp_log,pca,orbit_mean,kfold_5,log_ssfr,"expressions are in standardised PCA coordinates of the quotiented cloud; a PCA basis is arbitrary up to rotation, so a term is not a named physical direction"
logMstar,logMstar,3,symbolic,5.0,2,1,0.3609415266780912,0.5657423128019916,(-0.405344 * (z5 - z2)),pca,0.6590592270622698,anchor cloud,8,arithmetic_exp_log,pca,orbit_mean,kfold_5,log_ssfr,"expressions are in standardised PCA coordinates of the quotiented cloud; a PCA basis is arbitrary up to rotation, so a term is not a named physical direction"
logMstar,logMstar,3,symbolic,7.0,3,1,0.3428037069010704,0.5711473419238917,(-0.354423 * (z5 - (z2 - z3))),pca,0.6590592270622698,anchor cloud,8,arithmetic_exp_log,pca,orbit_mean,kfold_5,log_ssfr,"expressions are in standardised PCA coordinates of the quotiented cloud; a PCA basis is arbitrary up to rotation, so a term is not a named physical direction"
logMstar,logMstar,3,symbolic,9.0,4,1,0.44036005491758135,0.5524988244185632,(-0.323595 * (z5 - ((z2 + z6) - z3))),pca,0.6590592270622698,anchor cloud,8,arithmetic_exp_log,pca,orbit_mean,kfold_5,log_ssfr,"expressions are in standardised PCA coordinates of the quotiented cloud; a PCA basis is arbitrary up to rotation, so a term is not a named physical direction"
logMstar,logMstar,3,symbolic,11.0,5,1,0.4134380863802283,0.5339948131613104,(-0.308237 * (z5 - (z2 - ((z3 + z1) + z4)))),pca,0.6590592270622698,anchor cloud,8,arithmetic_exp_log,pca,orbit_mean,kfold_5,log_ssfr,"expressions are in standardised PCA coordinates of the quotiented cloud; a PCA basis is arbitrary up to rotation, so a term is not a named physical direction"
logMstar,logMstar,3,symbolic,13.0,5,2,0.5288649963971592,0.5087778673754776,(-0.417286 * (z5 - ((z2 + z6) - ((z3 * z0) / -2.59444)))),pca,0.6590592270622698,anchor cloud,8,arithmetic_exp_log,pca,orbit_mean,kfold_5,log_ssfr,"expressions are in standardised PCA coordinates of the quotiented cloud; a PCA basis is arbitrary up to rotation, so a term is not a named physical direction"
logMstar,logMstar,3,symbolic,15.0,6,2,0.5397678126117588,0.49722332847161965,(-0.363059 * (z5 - ((z2 + z6) - (((z3 * z0) / -2.3617) + z4)))),pca,0.6590592270622698,anchor cloud,8,arithmetic_exp_log,pca,orbit_mean,kfold_5,log_ssfr,"expressions are in standardised PCA coordinates of the quotiented cloud; a PCA basis is arbitrary up to rotation, so a term is not a named physical direction"
logMstar,logMstar,3,symbolic,17.0,6,3,0.5729781554460791,0.4760374795440864,(-0.414641 * (z5 - ((z2 + z6) - (((z3 * z0) / -2.57077) + (z4 / 1.90693))))),pca,0.6590592270622698,anchor cloud,8,arithmetic_exp_log,pca,orbit_mean,kfold_5,log_ssfr,"expressions are in standardised PCA coordinates of the quotiented cloud; a PCA basis is arbitrary up to rotation, so a term is not a named physical direction"
logMstar,logMstar,3,symbolic,21.0,6,5,0.5748607892051494,0.4749233034932051,(-0.414953 * (z5 - ((z2 + z6) - (((z3 * z0) / -2.55531) + (-72.2586 + ((-138.029 - z4) / -1.90827)))))),pca,0.6590592270622698,anchor cloud,8,arithmetic_exp_log,pca,orbit_mean,kfold_5,log_ssfr,"expressions are in standardised PCA coordinates of the quotiented cloud; a PCA basis is arbitrary up to rotation, so a term is not a named physical direction"
logMstar,logMstar,3,symbolic,23.0,7,4,0.600132159610177,0.4542064417400985,(-0.365375 * (z5 - ((z2 + z6) - (((z3 * z0) / -2.46827) + ((((z2 - z1) - z4) / -1.74601) / 1.26838))))),pca,0.6590592270622698,anchor cloud,8,arithmetic_exp_log,pca,orbit_mean,kfold_5,log_ssfr,"expressions are in standardised PCA coordinates of the quotiented cloud; a PCA basis is arbitrary up to rotation, so a term is not a named physical direction"
logMstar,logMstar,3,symbolic,25.0,7,5,0.6105123730733812,0.4521834229989679,(-0.435028 * (z5 - ((z2 + z6) - ((((z3 * z0) / -2.08886) + (((z3 - z4) / -1.10086) / 2.15441)) + (z1 / 2.08079))))),pca,0.6590592270622698,anchor cloud,8,arithmetic_exp_log,pca,orbit_mean,kfold_5,log_ssfr,"expressions are in standardised PCA coordinates of the quotiented cloud; a PCA basis is arbitrary up to rotation, so a term is not a named physical direction"
logMstar,logMstar,3,symbolic,29.0,7,5,0.6294601681499903,0.4343690940572939,(-0.423757 * (z5 - (((z3 + z6) - (z3 + (((z2 - z1) - z4) / -1.74788))) - (((z3 * z0) / -2.64926) + ((z2 / -2.01275) / 1.28347))))),pca,0.6590592270622698,anchor cloud,8,arithmetic_exp_log,pca,orbit_mean,kfold_5,log_ssfr,"expressions are in standardised PCA coordinates of the quotiented cloud; a PCA basis is arbitrary up to rotation, so a term is not a named physical direction"
logMstar,logMstar,3,linear_k,,1,2,0.005155479551755104,,ridge on z0..z0,pca,0.6590592270622698,anchor cloud,8,arithmetic_exp_log,pca,orbit_mean,kfold_5,log_ssfr,"expressions are in standardised PCA coordinates of the quotiented cloud; a PCA basis is arbitrary up to rotation, so a term is not a named physical direction"
logMstar,logMstar,3,linear_k,,2,3,0.03575518623805418,,ridge on z0..z1,pca,0.6590592270622698,anchor cloud,8,arithmetic_exp_log,pca,orbit_mean,kfold_5,log_ssfr,"expressions are in standardised PCA coordinates of the quotiented cloud; a PCA basis is arbitrary up to rotation, so a term is not a named physical direction"
logMstar,logMstar,3,linear_k,,3,4,0.20123260477551952,,ridge on z0..z2,pca,0.6590592270622698,anchor cloud,8,arithmetic_exp_log,pca,orbit_mean,kfold_5,log_ssfr,"expressions are in standardised PCA coordinates of the quotiented cloud; a PCA basis is arbitrary up to rotation, so a term is not a named physical direction"
logMstar,logMstar,3,linear_k,,4,5,0.26262577735217085,,ridge on z0..z3,pca,0.6590592270622698,anchor cloud,8,arithmetic_exp_log,pca,orbit_mean,kfold_5,log_ssfr,"expressions are in standardised PCA coordinates of the quotiented cloud; a PCA basis is arbitrary up to rotation, so a term is not a named physical direction"
logMstar,logMstar,3,linear_k,,5,6,0.32417914616851984,,ridge on z0..z4,pca,0.6590592270622698,anchor cloud,8,arithmetic_exp_log,pca,orbit_mean,kfold_5,log_ssfr,"expressions are in standardised PCA coordinates of the quotiented cloud; a PCA basis is arbitrary up to rotation, so a term is not a named physical direction"
logMstar,logMstar,3,linear_k,,6,7,0.49997405274085593,,ridge on z0..z5,pca,0.6590592270622698,anchor cloud,8,arithmetic_exp_log,pca,orbit_mean,kfold_5,log_ssfr,"expressions are in standardised PCA coordinates of the quotiented cloud; a PCA basis is arbitrary up to rotation, so a term is not a named physical direction"
logMstar,logMstar,3,linear_k,,7,8,0.6195875326897949,,ridge on z0..z6,pca,0.6590592270622698,anchor cloud,8,arithmetic_exp_log,pca,orbit_mean,kfold_5,log_ssfr,"expressions are in standardised PCA coordinates of the quotiented cloud; a PCA basis is arbitrary up to rotation, so a term is not a named physical direction"
logMstar,logMstar,3,linear_k,,8,9,0.6159896448333035,,ridge on z0..z7,pca,0.6590592270622698,anchor cloud,8,arithmetic_exp_log,pca,orbit_mean,kfold_5,log_ssfr,"expressions are in standardised PCA coordinates of the quotiented cloud; a PCA basis is arbitrary up to rotation, so a term is not a named physical direction"
logMstar,logMstar,3,linear_all,,1024,1025,0.7982055886605846,,ridge on the full conditioned embedding,pca,0.6590592270622698,anchor cloud,8,arithmetic_exp_log,pca,orbit_mean,kfold_5,log_ssfr,"expressions are in standardised PCA coordinates of the quotiented cloud; a PCA basis is arbitrary up to rotation, so a term is not a named physical direction"
logMstar,logMstar,4,symbolic,1.0,0,1,-3.700228808334316e-05,0.7857492095546191,-1.24293e-15,pca,0.6590592270622698,anchor cloud,8,arithmetic_exp_log,pca,orbit_mean,kfold_5,log_ssfr,"expressions are in standardised PCA coordinates of the quotiented cloud; a PCA basis is arbitrary up to rotation, so a term is not a named physical direction"
logMstar,logMstar,4,symbolic,3.0,1,1,0.15051045368912663,0.6836840465389947,(z5 / -2.33703),pca,0.6590592270622698,anchor cloud,8,arithmetic_exp_log,pca,orbit_mean,kfold_5,log_ssfr,"expressions are in standardised PCA coordinates of the quotiented cloud; a PCA basis is arbitrary up to rotation, so a term is not a named physical direction"
logMstar,logMstar,4,symbolic,5.0,2,1,0.31599288981878215,0.5832202431087091,((z5 - z2) / -2.43419),pca,0.6590592270622698,anchor cloud,8,arithmetic_exp_log,pca,orbit_mean,kfold_5,log_ssfr,"expressions are in standardised PCA coordinates of the quotiented cloud; a PCA basis is arbitrary up to rotation, so a term is not a named physical direction"
logMstar,logMstar,4,symbolic,7.0,3,1,0.41140808444454524,0.5436101952270157,(((z5 - z6) - z2) / -2.63872),pca,0.6590592270622698,anchor cloud,8,arithmetic_exp_log,pca,orbit_mean,kfold_5,log_ssfr,"expressions are in standardised PCA coordinates of the quotiented cloud; a PCA basis is arbitrary up to rotation, so a term is not a named physical direction"
logMstar,logMstar,4,symbolic,11.0,5,1,0.4891063652326826,0.490148357543117,(((((z1 - z6) + z5) + z4) - z2) / -2.97506),pca,0.6590592270622698,anchor cloud,8,arithmetic_exp_log,pca,orbit_mean,kfold_5,log_ssfr,"expressions are in standardised PCA coordinates of the quotiented cloud; a PCA basis is arbitrary up to rotation, so a term is not a named physical direction"
logMstar,logMstar,4,symbolic,15.0,7,1,0.5817823257344372,0.5009243991662898,(((((z1 - (z2 - (z3 - z0))) + z5) + z4) - z6) / -3.27691),pca,0.6590592270622698,anchor cloud,8,arithmetic_exp_log,pca,orbit_mean,kfold_5,log_ssfr,"expressions are in standardised PCA coordinates of the quotiented cloud; a PCA basis is arbitrary up to rotation, so a term is not a named physical direction"
logMstar,logMstar,4,symbolic,17.0,7,1,0.5900366997705639,0.48996673517113143,(((((z1 - (z2 - ((z3 - z6) - z0))) + z5) + z4) - z2) / -3.83287),pca,0.6590592270622698,anchor cloud,8,arithmetic_exp_log,pca,orbit_mean,kfold_5,log_ssfr,"expressions are in standardised PCA coordinates of the quotiented cloud; a PCA basis is arbitrary up to rotation, so a term is not a named physical direction"
logMstar,logMstar,4,symbolic,19.0,7,1,0.6003235292735047,0.4722911188598317,((((((z1 - (z2 - ((z3 - z6) - z0))) + z5) + z5) + z4) - z2) / -4.42374),pca,0.6590592270622698,anchor cloud,8,arithmetic_exp_log,pca,orbit_mean,kfold_5,log_ssfr,"expressions are in standardised PCA coordinates of the quotiented cloud; a PCA basis is arbitrary up to rotation, so a term is not a named physical direction"
logMstar,logMstar,4,symbolic,21.0,7,2,0.601702642134992,0.4724512300817041,(((((z1 - ((z5 - (z2 - ((z3 - z6) - z0))) / -0.94188)) + z5) + z4) - z2) / -4.56862),pca,0.6590592270622698,anchor cloud,8,arithmetic_exp_log,pca,orbit_mean,kfold_5,log_ssfr,"expressions are in standardised PCA coordinates of the quotiented cloud; a PCA basis is arbitrary up to rotation, so a term is not a named physical direction"
logMstar,logMstar,4,symbolic,23.0,7,2,0.6061840144148938,0.46122760977558613,(((((z1 - ((((z5 - z6) - z0) - (z2 - (z3 - z6))) / -1.43835)) + z5) + z4) - z2) / -4.00758),pca,0.6590592270622698,anchor cloud,8,arithmetic_exp_log,pca,orbit_mean,kfold_5,log_ssfr,"expressions are in standardised PCA coordinates of the quotiented cloud; a PCA basis is arbitrary up to rotation, so a term is not a named physical direction"
logMstar,logMstar,4,symbolic,29.0,7,2,0.611492561773366,0.4677482481389792,(((((z1 - (((((z3 - z6) - z0) - z6) - (z2 - ((z3 - z6) - (z0 - z5)))) / -2.61752)) + z5) + z4) - z2) / -3.50023),pca,0.6590592270622698,anchor cloud,8,arithmetic_exp_log,pca,orbit_mean,kfold_5,log_ssfr,"expressions are in standardised PCA coordinates of the quotiented cloud; a PCA basis is arbitrary up to rotation, so a term is not a named physical direction"
logMstar,logMstar,4,symbolic,30.0,7,3,0.6113051205141795,0.4630991195075698,(((((z1 - ((z5 - (z2 - ((z3 - z6) - z6))) / (exp(1.53994) - 5.992))) + (z5 - (z2 - (z2 - z0)))) + z4) - z2) / -4.22335),pca,0.6590592270622698,anchor cloud,8,arithmetic_exp_log,pca,orbit_mean,kfold_5,log_ssfr,"expressions are in standardised PCA coordinates of the quotiented cloud; a PCA basis is arbitrary up to rotation, so a term is not a named physical direction"
logMstar,logMstar,4,linear_k,,1,2,0.014458857724697793,,ridge on z0..z0,pca,0.6590592270622698,anchor cloud,8,arithmetic_exp_log,pca,orbit_mean,kfold_5,log_ssfr,"expressions are in standardised PCA coordinates of the quotiented cloud; a PCA basis is arbitrary up to rotation, so a term is not a named physical direction"
logMstar,logMstar,4,linear_k,,2,3,0.046278086252364514,,ridge on z0..z1,pca,0.6590592270622698,anchor cloud,8,arithmetic_exp_log,pca,orbit_mean,kfold_5,log_ssfr,"expressions are in standardised PCA coordinates of the quotiented cloud; a PCA basis is arbitrary up to rotation, so a term is not a named physical direction"
logMstar,logMstar,4,linear_k,,3,4,0.1963785868160376,,ridge on z0..z2,pca,0.6590592270622698,anchor cloud,8,arithmetic_exp_log,pca,orbit_mean,kfold_5,log_ssfr,"expressions are in standardised PCA coordinates of the quotiented cloud; a PCA basis is arbitrary up to rotation, so a term is not a named physical direction"
logMstar,logMstar,4,linear_k,,4,5,0.28584506985754177,,ridge on z0..z3,pca,0.6590592270622698,anchor cloud,8,arithmetic_exp_log,pca,orbit_mean,kfold_5,log_ssfr,"expressions are in standardised PCA coordinates of the quotiented cloud; a PCA basis is arbitrary up to rotation, so a term is not a named physical direction"
logMstar,logMstar,4,linear_k,,5,6,0.35839030140035066,,ridge on z0..z4,pca,0.6590592270622698,anchor cloud,8,arithmetic_exp_log,pca,orbit_mean,kfold_5,log_ssfr,"expressions are in standardised PCA coordinates of the quotiented cloud; a PCA basis is arbitrary up to rotation, so a term is not a named physical direction"
logMstar,logMstar,4,linear_k,,6,7,0.5061629757036611,,ridge on z0..z5,pca,0.6590592270622698,anchor cloud,8,arithmetic_exp_log,pca,orbit_mean,kfold_5,log_ssfr,"expressions are in standardised PCA coordinates of the quotiented cloud; a PCA basis is arbitrary up to rotation, so a term is not a named physical direction"
logMstar,logMstar,4,linear_k,,7,8,0.614457297417466,,ridge on z0..z6,pca,0.6590592270622698,anchor cloud,8,arithmetic_exp_log,pca,orbit_mean,kfold_5,log_ssfr,"expressions are in standardised PCA coordinates of the quotiented cloud; a PCA basis is arbitrary up to rotation, so a term is not a named physical direction"
logMstar,logMstar,4,linear_k,,8,9,0.6178455122745437,,ridge on z0..z7,pca,0.6590592270622698,anchor cloud,8,arithmetic_exp_log,pca,orbit_mean,kfold_5,log_ssfr,"expressions are in standardised PCA coordinates of the quotiented cloud; a PCA basis is arbitrary up to rotation, so a term is not a named physical direction"
logMstar,logMstar,4,linear_all,,1024,1025,0.8052191038489411,,ridge on the full conditioned embedding,pca,0.6590592270622698,anchor cloud,8,arithmetic_exp_log,pca,orbit_mean,kfold_5,log_ssfr,"expressions are in standardised PCA coordinates of the quotiented cloud; a PCA basis is arbitrary up to rotation, so a term is not a named physical direction"
avgSfr,log_sSFR,0,symbolic,1.0,0,1,-0.00046182234143921086,0.7723802226847489,-2.48065e-16,pca,0.6590592270622698,anchor cloud,8,arithmetic_exp_log,pca,orbit_mean,kfold_5,log_ssfr,"expressions are in standardised PCA coordinates of the quotiented cloud; a PCA basis is arbitrary up to rotation, so a term is not a named physical direction"
avgSfr,log_sSFR,0,symbolic,3.0,1,1,0.2526217751260882,0.6316355124237273,(z2 / -1.98706),pca,0.6590592270622698,anchor cloud,8,arithmetic_exp_log,pca,orbit_mean,kfold_5,log_ssfr,"expressions are in standardised PCA coordinates of the quotiented cloud; a PCA basis is arbitrary up to rotation, so a term is not a named physical direction"
avgSfr,log_sSFR,0,symbolic,5.0,2,1,0.2974584910858131,0.6076818379993749,((z2 - z1) / -2.69009),pca,0.6590592270622698,anchor cloud,8,arithmetic_exp_log,pca,orbit_mean,kfold_5,log_ssfr,"expressions are in standardised PCA coordinates of the quotiented cloud; a PCA basis is arbitrary up to rotation, so a term is not a named physical direction"
avgSfr,log_sSFR,0,symbolic,7.0,3,1,0.3223100812427292,0.6006404328128564,(((z2 - z1) - z5) / -2.99374),pca,0.6590592270622698,anchor cloud,8,arithmetic_exp_log,pca,orbit_mean,kfold_5,log_ssfr,"expressions are in standardised PCA coordinates of the quotiented cloud; a PCA basis is arbitrary up to rotation, so a term is not a named physical direction"
avgSfr,log_sSFR,0,symbolic,9.0,3,2,0.3230300107633832,0.6006070195521573,(((z2 - (z1 / 1.06017)) - z5) / -2.93624),pca,0.6590592270622698,anchor cloud,8,arithmetic_exp_log,pca,orbit_mean,kfold_5,log_ssfr,"expressions are in standardised PCA coordinates of the quotiented cloud; a PCA basis is arbitrary up to rotation, so a term is not a named physical direction"
avgSfr,log_sSFR,0,symbolic,11.0,3,2,0.3556016907849524,0.5860871565323599,(((z2 - z1) - ((z2 - z5) / -1.38823)) / -3.57573),pca,0.6590592270622698,anchor cloud,8,arithmetic_exp_log,pca,orbit_mean,kfold_5,log_ssfr,"expressions are in standardised PCA coordinates of the quotiented cloud; a PCA basis is arbitrary up to rotation, so a term is not a named physical direction"
avgSfr,log_sSFR,0,symbolic,13.0,4,2,0.36610894690403273,0.5793681813048602,(((z2 - z1) - (((z2 - z5) - z4) / -1.75429)) / -3.23144),pca,0.6590592270622698,anchor cloud,8,arithmetic_exp_log,pca,orbit_mean,kfold_5,log_ssfr,"expressions are in standardised PCA coordinates of the quotiented cloud; a PCA basis is arbitrary up to rotation, so a term is not a named physical direction"
avgSfr,log_sSFR,0,symbolic,15.0,4,3,0.3661089469144182,0.5793681812239779,(((z2 - z1) - ((((z2 - z5) - 2.33639e-09) - z4) / -1.75429)) / -3.23144),pca,0.6590592270622698,anchor cloud,8,arithmetic_exp_log,pca,orbit_mean,kfold_5,log_ssfr,"expressions are in standardised PCA coordinates of the quotiented cloud; a PCA basis is arbitrary up to rotation, so a term is not a named physical direction"
avgSfr,log_sSFR,0,symbolic,17.0,5,3,0.36678397776777283,0.5804653832849548,(((z2 - z1) - ((((z2 - z5) - (z7 / -2.81809)) - z4) / -1.75249)) / -3.24828),pca,0.6590592270622698,anchor cloud,8,arithmetic_exp_log,pca,orbit_mean,kfold_5,log_ssfr,"expressions are in standardised PCA coordinates of the quotiented cloud; a PCA basis is arbitrary up to rotation, so a term is not a named physical direction"
avgSfr,log_sSFR,0,symbolic,19.0,5,4,0.37019209057996316,0.5738062223945575,(((z2 - z1) - ((((z2 - z5) - ((z3 / -1.83307) / -1.39593)) - z4) / -1.82628)) / -3.15955),pca,0.6590592270622698,anchor cloud,8,arithmetic_exp_log,pca,orbit_mean,kfold_5,log_ssfr,"expressions are in standardised PCA coordinates of the quotiented cloud; a PCA basis is arbitrary up to rotation, so a term is not a named physical direction"
avgSfr,log_sSFR,0,symbolic,20.0,5,4,0.3701921066016657,0.573806288066105,(((z2 - z1) - ((((z2 - z5) - ((z3 + -4.82108e-08) * exp(-0.939585))) - z4) / -1.82628)) / -3.15955),pca,0.6590592270622698,anchor cloud,8,arithmetic_exp_log,pca,orbit_mean,kfold_5,log_ssfr,"expressions are in standardised PCA coordinates of the quotiented cloud; a PCA basis is arbitrary up to rotation, so a term is not a named physical direction"
avgSfr,log_sSFR,0,symbolic,22.0,6,3,0.36906222232843555,0.5807952834365165,(((z2 - z1) - ((((z2 - z5) - (((z2 * z3) - log(z6)) / -4.76852)) - z4) / -1.77568)) / -3.18291),pca,0.6590592270622698,anchor cloud,8,arithmetic_exp_log,pca,orbit_mean,kfold_5,log_ssfr,"expressions are in standardised PCA coordinates of the quotiented cloud; a PCA basis is arbitrary up to rotation, so a term is not a named physical direction"
avgSfr,log_sSFR,0,symbolic,23.0,6,5,0.371473380679055,0.573615583859414,(((z2 - z1) - (((((z2 - z5) - ((z3 / -1.68974) / -1.37507)) - (z7 / -2.49394)) - z4) / -1.83153)) / -3.1707),pca,0.6590592270622698,anchor cloud,8,arithmetic_exp_log,pca,orbit_mean,kfold_5,log_ssfr,"expressions are in standardised PCA coordinates of the quotiented cloud; a PCA basis is arbitrary up to rotation, so a term is not a named physical direction"
avgSfr,log_sSFR,0,linear_k,,1,2,0.0011217153664485613,,ridge on z0..z0,pca,0.6590592270622698,anchor cloud,8,arithmetic_exp_log,pca,orbit_mean,kfold_5,log_ssfr,"expressions are in standardised PCA coordinates of the quotiented cloud; a PCA basis is arbitrary up to rotation, so a term is not a named physical direction"
avgSfr,log_sSFR,0,linear_k,,2,3,0.1054501284188154,,ridge on z0..z1,pca,0.6590592270622698,anchor cloud,8,arithmetic_exp_log,pca,orbit_mean,kfold_5,log_ssfr,"expressions are in standardised PCA coordinates of the quotiented cloud; a PCA basis is arbitrary up to rotation, so a term is not a named physical direction"
avgSfr,log_sSFR,0,linear_k,,3,4,0.31789861865842084,,ridge on z0..z2,pca,0.6590592270622698,anchor cloud,8,arithmetic_exp_log,pca,orbit_mean,kfold_5,log_ssfr,"expressions are in standardised PCA coordinates of the quotiented cloud; a PCA basis is arbitrary up to rotation, so a term is not a named physical direction"
avgSfr,log_sSFR,0,linear_k,,4,5,0.3238007167924246,,ridge on z0..z3,pca,0.6590592270622698,anchor cloud,8,arithmetic_exp_log,pca,orbit_mean,kfold_5,log_ssfr,"expressions are in standardised PCA coordinates of the quotiented cloud; a PCA basis is arbitrary up to rotation, so a term is not a named physical direction"
avgSfr,log_sSFR,0,linear_k,,5,6,0.3406873358424687,,ridge on z0..z4,pca,0.6590592270622698,anchor cloud,8,arithmetic_exp_log,pca,orbit_mean,kfold_5,log_ssfr,"expressions are in standardised PCA coordinates of the quotiented cloud; a PCA basis is arbitrary up to rotation, so a term is not a named physical direction"
avgSfr,log_sSFR,0,linear_k,,6,7,0.3725742219570123,,ridge on z0..z5,pca,0.6590592270622698,anchor cloud,8,arithmetic_exp_log,pca,orbit_mean,kfold_5,log_ssfr,"expressions are in standardised PCA coordinates of the quotiented cloud; a PCA basis is arbitrary up to rotation, so a term is not a named physical direction"
avgSfr,log_sSFR,0,linear_k,,7,8,0.3736613244125674,,ridge on z0..z6,pca,0.6590592270622698,anchor cloud,8,arithmetic_exp_log,pca,orbit_mean,kfold_5,log_ssfr,"expressions are in standardised PCA coordinates of the quotiented cloud; a PCA basis is arbitrary up to rotation, so a term is not a named physical direction"
avgSfr,log_sSFR,0,linear_k,,8,9,0.37432086552677946,,ridge on z0..z7,pca,0.6590592270622698,anchor cloud,8,arithmetic_exp_log,pca,orbit_mean,kfold_5,log_ssfr,"expressions are in standardised PCA coordinates of the quotiented cloud; a PCA basis is arbitrary up to rotation, so a term is not a named physical direction"
avgSfr,log_sSFR,0,linear_all,,1024,1025,0.5170997988991503,,ridge on the full conditioned embedding,pca,0.6590592270622698,anchor cloud,8,arithmetic_exp_log,pca,orbit_mean,kfold_5,log_ssfr,"expressions are in standardised PCA coordinates of the quotiented cloud; a PCA basis is arbitrary up to rotation, so a term is not a named physical direction"
avgSfr,log_sSFR,1,symbolic,1.0,0,1,-0.0008141699843264849,0.7573242359191528,-1.09114e-15,pca,0.6590592270622698,anchor cloud,8,arithmetic_exp_log,pca,orbit_mean,kfold_5,log_ssfr,"expressions are in standardised PCA coordinates of the quotiented cloud; a PCA basis is arbitrary up to rotation, so a term is not a named physical direction"
avgSfr,log_sSFR,1,symbolic,3.0,1,1,0.23896347553905095,0.6197760091181426,(z2 / -1.97416),pca,0.6590592270622698,anchor cloud,8,arithmetic_exp_log,pca,orbit_mean,kfold_5,log_ssfr,"expressions are in standardised PCA coordinates of the quotiented cloud; a PCA basis is arbitrary up to rotation, so a term is not a named physical direction"
avgSfr,log_sSFR,1,symbolic,4.0,1,1,0.23896347658019035,0.6197760068477874,(z2 / log(-0.138879)),pca,0.6590592270622698,anchor cloud,8,arithmetic_exp_log,pca,orbit_mean,kfold_5,log_ssfr,"expressions are in standardised PCA coordinates of the quotiented cloud; a PCA basis is arbitrary up to rotation, so a term is not a named physical direction"
avgSfr,log_sSFR,1,symbolic,5.0,1,1,0.23896347658894157,0.6197760068288314,(log(exp(z2)) / -1.97416),pca,0.6590592270622698,anchor cloud,8,arithmetic_exp_log,pca,orbit_mean,kfold_5,log_ssfr,"expressions are in standardised PCA coordinates of the quotiented cloud; a PCA basis is arbitrary up to rotation, so a term is not a named physical direction"
avgSfr,log_sSFR,1,symbolic,8.0,1,3,0.23896328367235797,0.6197764274989014,((exp(1.11643) * (z2 + 2.60211e-10)) / -6.02889),pca,0.6590592270622698,anchor cloud,8,arithmetic_exp_log,pca,orbit_mean,kfold_5,log_ssfr,"expressions are in standardised PCA coordinates of the quotiented cloud; a PCA basis is arbitrary up to rotation, so a term is not a named physical direction"
avgSfr,log_sSFR,1,symbolic,9.0,2,2,0.2398102676136371,0.6216280463462625,((z2 + (z5 * (z2 / -20.8983))) / -1.97276),pca,0.6590592270622698,anchor cloud,8,arithmetic_exp_log,pca,orbit_mean,kfold_5,log_ssfr,"expressions are in standardised PCA coordinates of the quotiented cloud; a PCA basis is arbitrary up to rotation, so a term is not a named physical direction"
avgSfr,log_sSFR,1,symbolic,13.0,2,4,0.2645894200470803,0.6117435586191168,(0.189769 * ((-2.66715 * (z2 + (z5 * 0.135327))) + (z5 / 0.728115))),pca,0.6590592270622698,anchor cloud,8,arithmetic_exp_log,pca,orbit_mean,kfold_5,log_ssfr,"expressions are in standardised PCA coordinates of the quotiented cloud; a PCA basis is arbitrary up to rotation, so a term is not a named physical direction"
avgSfr,log_sSFR,1,symbolic,14.0,3,4,0.26458913087089453,0.6117446190278393,(1.70505e-06 * ((log(z4) + ((z2 / -3.36871e-06) - 2.07967)) + (z5 / 8.87429e-06))),pca,0.6590592270622698,anchor cloud,8,arithmetic_exp_log,pca,orbit_mean,kfold_5,log_ssfr,"expressions are in standardised PCA coordinates of the quotiented cloud; a PCA basis is arbitrary up to rotation, so a term is not a named physical direction"
avgSfr,log_sSFR,1,symbolic,17.0,4,4,0.346759923569957,0.57411562873458,(-1.57855e-05 * ((z7 * (z2 / -9.98392)) + (((z1 + z5) + (z2 / -0.52634)) / -6.32747e-05))),pca,0.6590592270622698,anchor cloud,8,arithmetic_exp_log,pca,orbit_mean,kfold_5,log_ssfr,"expressions are in standardised PCA coordinates of the quotiented cloud; a PCA basis is arbitrary up to rotation, so a term is not a named physical direction"
avgSfr,log_sSFR,1,symbolic,19.0,5,4,0.3563012880710388,0.5642120191012077,(0.000144398 * ((z7 * (z2 / -0.0142588)) + (((z1 + z5) + (z4 + (z2 / -0.424519))) / 0.000683813))),pca,0.6590592270622698,anchor cloud,8,arithmetic_exp_log,pca,orbit_mean,kfold_5,log_ssfr,"expressions are in standardised PCA coordinates of the quotiented cloud; a PCA basis is arbitrary up to rotation, so a term is not a named physical direction"
avgSfr,log_sSFR,1,linear_k,,1,2,-0.0024855574131166236,,ridge on z0..z0,pca,0.6590592270622698,anchor cloud,8,arithmetic_exp_log,pca,orbit_mean,kfold_5,log_ssfr,"expressions are in standardised PCA coordinates of the quotiented cloud; a PCA basis is arbitrary up to rotation, so a term is not a named physical direction"
avgSfr,log_sSFR,1,linear_k,,2,3,0.1118704414269307,,ridge on z0..z1,pca,0.6590592270622698,anchor cloud,8,arithmetic_exp_log,pca,orbit_mean,kfold_5,log_ssfr,"expressions are in standardised PCA coordinates of the quotiented cloud; a PCA basis is arbitrary up to rotation, so a term is not a named physical direction"
avgSfr,log_sSFR,1,linear_k,,3,4,0.3144883013289438,,ridge on z0..z2,pca,0.6590592270622698,anchor cloud,8,arithmetic_exp_log,pca,orbit_mean,kfold_5,log_ssfr,"expressions are in standardised PCA coordinates of the quotiented cloud; a PCA basis is arbitrary up to rotation, so a term is not a named physical direction"
avgSfr,log_sSFR,1,linear_k,,4,5,0.3235782753173613,,ridge on z0..z3,pca,0.6590592270622698,anchor cloud,8,arithmetic_exp_log,pca,orbit_mean,kfold_5,log_ssfr,"expressions are in standardised PCA coordinates of the quotiented cloud; a PCA basis is arbitrary up to rotation, so a term is not a named physical direction"
avgSfr,log_sSFR,1,linear_k,,5,6,0.34210446298096,,ridge on z0..z4,pca,0.6590592270622698,anchor cloud,8,arithmetic_exp_log,pca,orbit_mean,kfold_5,log_ssfr,"expressions are in standardised PCA coordinates of the quotiented cloud; a PCA basis is arbitrary up to rotation, so a term is not a named physical direction"
avgSfr,log_sSFR,1,linear_k,,6,7,0.3796199217056646,,ridge on z0..z5,pca,0.6590592270622698,anchor cloud,8,arithmetic_exp_log,pca,orbit_mean,kfold_5,log_ssfr,"expressions are in standardised PCA coordinates of the quotiented cloud; a PCA basis is arbitrary up to rotation, so a term is not a named physical direction"
avgSfr,log_sSFR,1,linear_k,,7,8,0.38228625654166737,,ridge on z0..z6,pca,0.6590592270622698,anchor cloud,8,arithmetic_exp_log,pca,orbit_mean,kfold_5,log_ssfr,"expressions are in standardised PCA coordinates of the quotiented cloud; a PCA basis is arbitrary up to rotation, so a term is not a named physical direction"
avgSfr,log_sSFR,1,linear_k,,8,9,0.38705986337721554,,ridge on z0..z7,pca,0.6590592270622698,anchor cloud,8,arithmetic_exp_log,pca,orbit_mean,kfold_5,log_ssfr,"expressions are in standardised PCA coordinates of the quotiented cloud; a PCA basis is arbitrary up to rotation, so a term is not a named physical direction"
avgSfr,log_sSFR,1,linear_all,,1024,1025,0.5548707206219341,,ridge on the full conditioned embedding,pca,0.6590592270622698,anchor cloud,8,arithmetic_exp_log,pca,orbit_mean,kfold_5,log_ssfr,"expressions are in standardised PCA coordinates of the quotiented cloud; a PCA basis is arbitrary up to rotation, so a term is not a named physical direction"
avgSfr,log_sSFR,2,symbolic,1.0,0,1,-0.00010812984598218556,0.7436653599514523,6.26235e-16,pca,0.6590592270622698,anchor cloud,8,arithmetic_exp_log,pca,orbit_mean,kfold_5,log_ssfr,"expressions are in standardised PCA coordinates of the quotiented cloud; a PCA basis is arbitrary up to rotation, so a term is not a named physical direction"
avgSfr,log_sSFR,2,symbolic,3.0,1,1,0.24227116709764196,0.6068447638572103,(z2 * -0.505697),pca,0.6590592270622698,anchor cloud,8,arithmetic_exp_log,pca,orbit_mean,kfold_5,log_ssfr,"expressions are in standardised PCA coordinates of the quotiented cloud; a PCA basis is arbitrary up to rotation, so a term is not a named physical direction"
avgSfr,log_sSFR,2,symbolic,5.0,2,1,0.30938227662054996,0.5772657071304549,((z2 - z1) / -2.70685),pca,0.6590592270622698,anchor cloud,8,arithmetic_exp_log,pca,orbit_mean,kfold_5,log_ssfr,"expressions are in standardised PCA coordinates of the quotiented cloud; a PCA basis is arbitrary up to rotation, so a term is not a named physical direction"
avgSfr,log_sSFR,2,symbolic,7.0,3,1,0.3334292865216324,0.5705158829599184,(((z2 - z1) - z5) / -3.0307),pca,0.6590592270622698,anchor cloud,8,arithmetic_exp_log,pca,orbit_mean,kfold_5,log_ssfr,"expressions are in standardised PCA coordinates of the quotiented cloud; a PCA basis is arbitrary up to rotation, so a term is not a named physical direction"
avgSfr,log_sSFR,2,symbolic,9.0,3,1,0.3637411270013332,0.5564401757337354,(((z2 - z5) - (z1 - z2)) / -4.17369),pca,0.6590592270622698,anchor cloud,8,arithmetic_exp_log,pca,orbit_mean,kfold_5,log_ssfr,"expressions are in standardised PCA coordinates of the quotiented cloud; a PCA basis is arbitrary up to rotation, so a term is not a named physical direction"
avgSfr,log_sSFR,2,symbolic,11.0,3,3,0.3674735917988683,0.5547728901870395,((z1 + ((z2 - (0.450629 * z5)) * -1.62841)) / 3.49044),pca,0.6590592270622698,anchor cloud,8,arithmetic_exp_log,pca,orbit_mean,kfold_5,log_ssfr,"expressions are in standardised PCA coordinates of the quotiented cloud; a PCA basis is arbitrary up to rotation, so a term is not a named physical direction"
avgSfr,log_sSFR,2,symbolic,13.0,4,2,0.3643884613380478,0.5572163387003577,((((z2 - (0.808659 * z5)) - z4) - (z1 - z2)) / -4.17254),pca,0.6590592270622698,anchor cloud,8,arithmetic_exp_log,pca,orbit_mean,kfold_5,log_ssfr,"expressions are in standardised PCA coordinates of the quotiented cloud; a PCA basis is arbitrary up to rotation, so a term is not a named physical direction"
avgSfr,log_sSFR,2,symbolic,23.0,5,3,0.3679243491642199,0.5525362768468276,(((((z2 - ((z4 + z1) + (z7 - z7))) - (-97983 * z5)) - (97984.1 * z5)) - (z1 - z2)) / -5.19354),pca,0.6590592270622698,anchor cloud,8,arithmetic_exp_log,pca,orbit_mean,kfold_5,log_ssfr,"expressions are in standardised PCA coordinates of the quotiented cloud; a PCA basis is arbitrary up to rotation, so a term is not a named physical direction"
avgSfr,log_sSFR,2,linear_k,,1,2,0.0015079724876908562,,ridge on z0..z0,pca,0.6590592270622698,anchor cloud,8,arithmetic_exp_log,pca,orbit_mean,kfold_5,log_ssfr,"expressions are in standardised PCA coordinates of the quotiented cloud; a PCA basis is arbitrary up to rotation, so a term is not a named physical direction"
avgSfr,log_sSFR,2,linear_k,,2,3,0.12145782255436033,,ridge on z0..z1,pca,0.6590592270622698,anchor cloud,8,arithmetic_exp_log,pca,orbit_mean,kfold_5,log_ssfr,"expressions are in standardised PCA coordinates of the quotiented cloud; a PCA basis is arbitrary up to rotation, so a term is not a named physical direction"
avgSfr,log_sSFR,2,linear_k,,3,4,0.3233142431963334,,ridge on z0..z2,pca,0.6590592270622698,anchor cloud,8,arithmetic_exp_log,pca,orbit_mean,kfold_5,log_ssfr,"expressions are in standardised PCA coordinates of the quotiented cloud; a PCA basis is arbitrary up to rotation, so a term is not a named physical direction"
avgSfr,log_sSFR,2,linear_k,,4,5,0.33116874908324034,,ridge on z0..z3,pca,0.6590592270622698,anchor cloud,8,arithmetic_exp_log,pca,orbit_mean,kfold_5,log_ssfr,"expressions are in standardised PCA coordinates of the quotiented cloud; a PCA basis is arbitrary up to rotation, so a term is not a named physical direction"
avgSfr,log_sSFR,2,linear_k,,5,6,0.34549119217450674,,ridge on z0..z4,pca,0.6590592270622698,anchor cloud,8,arithmetic_exp_log,pca,orbit_mean,kfold_5,log_ssfr,"expressions are in standardised PCA coordinates of the quotiented cloud; a PCA basis is arbitrary up to rotation, so a term is not a named physical direction"
avgSfr,log_sSFR,2,linear_k,,6,7,0.3887301066488834,,ridge on z0..z5,pca,0.6590592270622698,anchor cloud,8,arithmetic_exp_log,pca,orbit_mean,kfold_5,log_ssfr,"expressions are in standardised PCA coordinates of the quotiented cloud; a PCA basis is arbitrary up to rotation, so a term is not a named physical direction"
avgSfr,log_sSFR,2,linear_k,,7,8,0.3895238885059735,,ridge on z0..z6,pca,0.6590592270622698,anchor cloud,8,arithmetic_exp_log,pca,orbit_mean,kfold_5,log_ssfr,"expressions are in standardised PCA coordinates of the quotiented cloud; a PCA basis is arbitrary up to rotation, so a term is not a named physical direction"
avgSfr,log_sSFR,2,linear_k,,8,9,0.3947522022567055,,ridge on z0..z7,pca,0.6590592270622698,anchor cloud,8,arithmetic_exp_log,pca,orbit_mean,kfold_5,log_ssfr,"expressions are in standardised PCA coordinates of the quotiented cloud; a PCA basis is arbitrary up to rotation, so a term is not a named physical direction"
avgSfr,log_sSFR,2,linear_all,,1024,1025,0.5464311208233218,,ridge on the full conditioned embedding,pca,0.6590592270622698,anchor cloud,8,arithmetic_exp_log,pca,orbit_mean,kfold_5,log_ssfr,"expressions are in standardised PCA coordinates of the quotiented cloud; a PCA basis is arbitrary up to rotation, so a term is not a named physical direction"
avgSfr,log_sSFR,3,symbolic,1.0,0,1,-0.0005799098288732374,0.7611400495334787,1.76942e-16,pca,0.6590592270622698,anchor cloud,8,arithmetic_exp_log,pca,orbit_mean,kfold_5,log_ssfr,"expressions are in standardised PCA coordinates of the quotiented cloud; a PCA basis is arbitrary up to rotation, so a term is not a named physical direction"
avgSfr,log_sSFR,3,symbolic,3.0,1,1,0.2663566327902255,0.6121666358841948,(-0.499862 * z2),pca,0.6590592270622698,anchor cloud,8,arithmetic_exp_log,pca,orbit_mean,kfold_5,log_ssfr,"expressions are in standardised PCA coordinates of the quotiented cloud; a PCA basis is arbitrary up to rotation, so a term is not a named physical direction"
avgSfr,log_sSFR,3,symbolic,5.0,2,1,0.2912537537464568,0.6017387750027241,((z1 - z2) / 2.69093),pca,0.6590592270622698,anchor cloud,8,arithmetic_exp_log,pca,orbit_mean,kfold_5,log_ssfr,"expressions are in standardised PCA coordinates of the quotiented cloud; a PCA basis is arbitrary up to rotation, so a term is not a named physical direction"
avgSfr,log_sSFR,3,symbolic,7.0,2,1,0.31866319347581984,0.5927268562850873,(((z1 - z2) - z2) / 4.12279),pca,0.6590592270622698,anchor cloud,8,arithmetic_exp_log,pca,orbit_mean,kfold_5,log_ssfr,"expressions are in standardised PCA coordinates of the quotiented cloud; a PCA basis is arbitrary up to rotation, so a term is not a named physical direction"
avgSfr,log_sSFR,3,symbolic,9.0,3,1,0.36466473633279595,0.5720072764971437,((((z5 - z2) + z1) - z2) / 4.1681),pca,0.6590592270622698,anchor cloud,8,arithmetic_exp_log,pca,orbit_mean,kfold_5,log_ssfr,"expressions are in standardised PCA coordinates of the quotiented cloud; a PCA basis is arbitrary up to rotation, so a term is not a named physical direction"
avgSfr,log_sSFR,3,linear_k,,1,2,0.002098938443173548,,ridge on z0..z0,pca,0.6590592270622698,anchor cloud,8,arithmetic_exp_log,pca,orbit_mean,kfold_5,log_ssfr,"expressions are in standardised PCA coordinates of the quotiented cloud; a PCA basis is arbitrary up to rotation, so a term is not a named physical direction"
avgSfr,log_sSFR,3,linear_k,,2,3,0.07772858097909552,,ridge on z0..z1,pca,0.6590592270622698,anchor cloud,8,arithmetic_exp_log,pca,orbit_mean,kfold_5,log_ssfr,"expressions are in standardised PCA coordinates of the quotiented cloud; a PCA basis is arbitrary up to rotation, so a term is not a named physical direction"
avgSfr,log_sSFR,3,linear_k,,3,4,0.31688264042824077,,ridge on z0..z2,pca,0.6590592270622698,anchor cloud,8,arithmetic_exp_log,pca,orbit_mean,kfold_5,log_ssfr,"expressions are in standardised PCA coordinates of the quotiented cloud; a PCA basis is arbitrary up to rotation, so a term is not a named physical direction"
avgSfr,log_sSFR,3,linear_k,,4,5,0.3225131407379782,,ridge on z0..z3,pca,0.6590592270622698,anchor cloud,8,arithmetic_exp_log,pca,orbit_mean,kfold_5,log_ssfr,"expressions are in standardised PCA coordinates of the quotiented cloud; a PCA basis is arbitrary up to rotation, so a term is not a named physical direction"
avgSfr,log_sSFR,3,linear_k,,5,6,0.3469380246238053,,ridge on z0..z4,pca,0.6590592270622698,anchor cloud,8,arithmetic_exp_log,pca,orbit_mean,kfold_5,log_ssfr,"expressions are in standardised PCA coordinates of the quotiented cloud; a PCA basis is arbitrary up to rotation, so a term is not a named physical direction"
avgSfr,log_sSFR,3,linear_k,,6,7,0.389221844991015,,ridge on z0..z5,pca,0.6590592270622698,anchor cloud,8,arithmetic_exp_log,pca,orbit_mean,kfold_5,log_ssfr,"expressions are in standardised PCA coordinates of the quotiented cloud; a PCA basis is arbitrary up to rotation, so a term is not a named physical direction"
avgSfr,log_sSFR,3,linear_k,,7,8,0.3925358611843637,,ridge on z0..z6,pca,0.6590592270622698,anchor cloud,8,arithmetic_exp_log,pca,orbit_mean,kfold_5,log_ssfr,"expressions are in standardised PCA coordinates of the quotiented cloud; a PCA basis is arbitrary up to rotation, so a term is not a named physical direction"
avgSfr,log_sSFR,3,linear_k,,8,9,0.39388947005684105,,ridge on z0..z7,pca,0.6590592270622698,anchor cloud,8,arithmetic_exp_log,pca,orbit_mean,kfold_5,log_ssfr,"expressions are in standardised PCA coordinates of the quotiented cloud; a PCA basis is arbitrary up to rotation, so a term is not a named physical direction"
avgSfr,log_sSFR,3,linear_all,,1024,1025,0.5532730041904321,,ridge on the full conditioned embedding,pca,0.6590592270622698,anchor cloud,8,arithmetic_exp_log,pca,orbit_mean,kfold_5,log_ssfr,"expressions are in standardised PCA coordinates of the quotiented cloud; a PCA basis is arbitrary up to rotation, so a term is not a named physical direction"
avgSfr,log_sSFR,4,symbolic,1.0,0,1,-0.000409514758165308,0.7938168672484196,-1.00403e-15,pca,0.6590592270622698,anchor cloud,8,arithmetic_exp_log,pca,orbit_mean,kfold_5,log_ssfr,"expressions are in standardised PCA coordinates of the quotiented cloud; a PCA basis is arbitrary up to rotation, so a term is not a named physical direction"
avgSfr,log_sSFR,4,symbolic,3.0,1,1,0.2626819082996389,0.6518338824257666,(-0.500642 * z2),pca,0.6590592270622698,anchor cloud,8,arithmetic_exp_log,pca,orbit_mean,kfold_5,log_ssfr,"expressions are in standardised PCA coordinates of the quotiented cloud; a PCA basis is arbitrary up to rotation, so a term is not a named physical direction"
avgSfr,log_sSFR,4,symbolic,7.0,2,2,0.3359029042648861,0.6059207895565617,((0.654375 * (z1 - z2)) * 0.558023),pca,0.6590592270622698,anchor cloud,8,arithmetic_exp_log,pca,orbit_mean,kfold_5,log_ssfr,"expressions are in standardised PCA coordinates of the quotiented cloud; a PCA basis is arbitrary up to rotation, so a term is not a named physical direction"
avgSfr,log_sSFR,4,symbolic,9.0,2,3,0.35013144958773124,0.6055014472098916,((0.690467 * (z1 - (1.77614 * z2))) * 0.380996),pca,0.6590592270622698,anchor cloud,8,arithmetic_exp_log,pca,orbit_mean,kfold_5,log_ssfr,"expressions are in standardised PCA coordinates of the quotiented cloud; a PCA basis is arbitrary up to rotation, so a term is not a named physical direction"
avgSfr,log_sSFR,4,symbolic,16.0,3,5,0.35097651546680697,0.6053204885013317,((z2 + ((z1 / -16.0565) * (10.0671 - exp((0.518599 * z6))))) * (-14.0295 + 13.5618)),pca,0.6590592270622698,anchor cloud,8,arithmetic_exp_log,pca,orbit_mean,kfold_5,log_ssfr,"expressions are in standardised PCA coordinates of the quotiented cloud; a PCA basis is arbitrary up to rotation, so a term is not a named physical direction"
avgSfr,log_sSFR,4,symbolic,18.0,2,6,0.3559716091258568,0.6003328743912711,((z2 + ((z1 / 0.000260039) * ((-0.706059 + 1.70593) - exp((z2 / 22357.7))))) * (-2.99465 + 2.5146)),pca,0.6590592270622698,anchor cloud,8,arithmetic_exp_log,pca,orbit_mean,kfold_5,log_ssfr,"expressions are in standardised PCA coordinates of the quotiented cloud; a PCA basis is arbitrary up to rotation, so a term is not a named physical direction"
avgSfr,log_sSFR,4,symbolic,19.0,2,6,0.35597176392213625,0.6003326414566236,((z2 + ((z1 / 0.000234095) * ((2.59027 * exp(-0.951878)) - exp((z2 / 24834.2))))) * (-4.63819 + 4.15814)),pca,0.6590592270622698,anchor cloud,8,arithmetic_exp_log,pca,orbit_mean,kfold_5,log_ssfr,"expressions are in standardised PCA coordinates of the quotiented cloud; a PCA basis is arbitrary up to rotation, so a term is not a named physical direction"
avgSfr,log_sSFR,4,symbolic,21.0,2,7,0.3559708146097411,0.6003342527736463,((z2 + ((z1 / 7.11651e-05) * ((2.22452 * exp(-0.799577)) - exp(((-0.00105309 * -0.0116204) * z2))))) * (-1.50365 + 1.0236)),pca,0.6590592270622698,anchor cloud,8,arithmetic_exp_log,pca,orbit_mean,kfold_5,log_ssfr,"expressions are in standardised PCA coordinates of the quotiented cloud; a PCA basis is arbitrary up to rotation, so a term is not a named physical direction"
avgSfr,log_sSFR,4,symbolic,27.0,2,9,0.3617331387386733,0.5961453929382652,((z2 + ((z1 / 0.798748) * ((0.686974 * exp(((-0.70032 * 0.947402) + 0.380344))) - exp(((0.26561 - (0.238495 * z2)) * z2))))) * (-1.29348e+06 + 1.29348e+06)),pca,0.6590592270622698,anchor cloud,8,arithmetic_exp_log,pca,orbit_mean,kfold_5,log_ssfr,"expressions are in standardised PCA coordinates of the quotiented cloud; a PCA basis is arbitrary up to rotation, so a term is not a named physical direction"
avgSfr,log_sSFR,4,linear_k,,1,2,0.0024156948017065583,,ridge on z0..z0,pca,0.6590592270622698,anchor cloud,8,arithmetic_exp_log,pca,orbit_mean,kfold_5,log_ssfr,"expressions are in standardised PCA coordinates of the quotiented cloud; a PCA basis is arbitrary up to rotation, so a term is not a named physical direction"
avgSfr,log_sSFR,4,linear_k,,2,3,0.13156627505905916,,ridge on z0..z1,pca,0.6590592270622698,anchor cloud,8,arithmetic_exp_log,pca,orbit_mean,kfold_5,log_ssfr,"expressions are in standardised PCA coordinates of the quotiented cloud; a PCA basis is arbitrary up to rotation, so a term is not a named physical direction"
avgSfr,log_sSFR,4,linear_k,,3,4,0.3509874939740555,,ridge on z0..z2,pca,0.6590592270622698,anchor cloud,8,arithmetic_exp_log,pca,orbit_mean,kfold_5,log_ssfr,"expressions are in standardised PCA coordinates of the quotiented cloud; a PCA basis is arbitrary up to rotation, so a term is not a named physical direction"
avgSfr,log_sSFR,4,linear_k,,4,5,0.36107295627030944,,ridge on z0..z3,pca,0.6590592270622698,anchor cloud,8,arithmetic_exp_log,pca,orbit_mean,kfold_5,log_ssfr,"expressions are in standardised PCA coordinates of the quotiented cloud; a PCA basis is arbitrary up to rotation, so a term is not a named physical direction"
avgSfr,log_sSFR,4,linear_k,,5,6,0.38061845754048385,,ridge on z0..z4,pca,0.6590592270622698,anchor cloud,8,arithmetic_exp_log,pca,orbit_mean,kfold_5,log_ssfr,"expressions are in standardised PCA coordinates of the quotiented cloud; a PCA basis is arbitrary up to rotation, so a term is not a named physical direction"
avgSfr,log_sSFR,4,linear_k,,6,7,0.42730438579336794,,ridge on z0..z5,pca,0.6590592270622698,anchor cloud,8,arithmetic_exp_log,pca,orbit_mean,kfold_5,log_ssfr,"expressions are in standardised PCA coordinates of the quotiented cloud; a PCA basis is arbitrary up to rotation, so a term is not a named physical direction"
avgSfr,log_sSFR,4,linear_k,,7,8,0.42773084165275876,,ridge on z0..z6,pca,0.6590592270622698,anchor cloud,8,arithmetic_exp_log,pca,orbit_mean,kfold_5,log_ssfr,"expressions are in standardised PCA coordinates of the quotiented cloud; a PCA basis is arbitrary up to rotation, so a term is not a named physical direction"
avgSfr,log_sSFR,4,linear_k,,8,9,0.43087486186637936,,ridge on z0..z7,pca,0.6590592270622698,anchor cloud,8,arithmetic_exp_log,pca,orbit_mean,kfold_5,log_ssfr,"expressions are in standardised PCA coordinates of the quotiented cloud; a PCA basis is arbitrary up to rotation, so a term is not a named physical direction"
avgSfr,log_sSFR,4,linear_all,,1024,1025,0.5722271728706305,,ridge on the full conditioned embedding,pca,0.6590592270622698,anchor cloud,8,arithmetic_exp_log,pca,orbit_mean,kfold_5,log_ssfr,"expressions are in standardised PCA coordinates of the quotiented cloud; a PCA basis is arbitrary up to rotation, so a term is not a named physical direction"
tageMw,tageMw,0,symbolic,1.0,0,1,-6.297305073621473e-06,0.6732743829586181,-5.408e-16,pca,0.6590592270622698,anchor cloud,8,arithmetic_exp_log,pca,orbit_mean,kfold_5,log_ssfr,"expressions are in standardised PCA coordinates of the quotiented cloud; a PCA basis is arbitrary up to rotation, so a term is not a named physical direction"
tageMw,tageMw,0,symbolic,3.0,1,1,0.05539462161579334,0.6574784077578052,(-0.228724 * z3),pca,0.6590592270622698,anchor cloud,8,arithmetic_exp_log,pca,orbit_mean,kfold_5,log_ssfr,"expressions are in standardised PCA coordinates of the quotiented cloud; a PCA basis is arbitrary up to rotation, so a term is not a named physical direction"
tageMw,tageMw,0,symbolic,5.0,2,1,0.06328537611515528,0.6674556838011384,(0.19699 * (z6 - z3)),pca,0.6590592270622698,anchor cloud,8,arithmetic_exp_log,pca,orbit_mean,kfold_5,log_ssfr,"expressions are in standardised PCA coordinates of the quotiented cloud; a PCA basis is arbitrary up to rotation, so a term is not a named physical direction"
tageMw,tageMw,0,symbolic,7.0,3,1,0.10744969930965353,0.6342351790516527,(0.201552 * (z2 - (z3 - z6))),pca,0.6590592270622698,anchor cloud,8,arithmetic_exp_log,pca,orbit_mean,kfold_5,log_ssfr,"expressions are in standardised PCA coordinates of the quotiented cloud; a PCA basis is arbitrary up to rotation, so a term is not a named physical direction"
tageMw,tageMw,0,symbolic,9.0,4,1,0.13185790986401213,0.6236775364274816,(0.187146 * ((z2 + z6) + (z4 - z3))),pca,0.6590592270622698,anchor cloud,8,arithmetic_exp_log,pca,orbit_mean,kfold_5,log_ssfr,"expressions are in standardised PCA coordinates of the quotiented cloud; a PCA basis is arbitrary up to rotation, so a term is not a named physical direction"
tageMw,tageMw,0,symbolic,11.0,4,1,0.13185790986427182,0.6236775364240423,(0.187146 * (z6 - ((z3 - log(exp(z4))) - z2))),pca,0.6590592270622698,anchor cloud,8,arithmetic_exp_log,pca,orbit_mean,kfold_5,log_ssfr,"expressions are in standardised PCA coordinates of the quotiented cloud; a PCA basis is arbitrary up to rotation, so a term is not a named physical direction"
tageMw,tageMw,0,symbolic,13.0,5,1,0.12521407946513674,0.6194703476745139,(0.136209 * ((z4 - z1) - (z3 - (z2 - (z3 - z6))))),pca,0.6590592270622698,anchor cloud,8,arithmetic_exp_log,pca,orbit_mean,kfold_5,log_ssfr,"expressions are in standardised PCA coordinates of the quotiented cloud; a PCA basis is arbitrary up to rotation, so a term is not a named physical direction"
tageMw,tageMw,0,symbolic,17.0,6,1,0.12081690880039986,0.6226929753576382,(0.119196 * ((z0 - ((z3 - z2) - z6)) + ((z6 + (z4 - z3)) - z1))),pca,0.6590592270622698,anchor cloud,8,arithmetic_exp_log,pca,orbit_mean,kfold_5,log_ssfr,"expressions are in standardised PCA coordinates of the quotiented cloud; a PCA basis is arbitrary up to rotation, so a term is not a named physical direction"
tageMw,tageMw,0,symbolic,21.0,5,1,0.11900547077728796,0.6350429707549566,(0.110697 * (((z6 - (log(exp(z3)) - (z3 * (z6 - z1)))) - ((z3 - z2) - z6)) + z4)),pca,0.6590592270622698,anchor cloud,8,arithmetic_exp_log,pca,orbit_mean,kfold_5,log_ssfr,"expressions are in standardised PCA coordinates of the quotiented cloud; a PCA basis is arbitrary up to rotation, so a term is not a named physical direction"
tageMw,tageMw,0,symbolic,23.0,5,1,0.12381984080251862,0.6235267994110897,(0.11319 * (((z6 - (log(exp(z3)) - (z3 * (z6 - z1)))) - ((z3 - z2) - z6)) + (z4 - z1))),pca,0.6590592270622698,anchor cloud,8,arithmetic_exp_log,pca,orbit_mean,kfold_5,log_ssfr,"expressions are in standardised PCA coordinates of the quotiented cloud; a PCA basis is arbitrary up to rotation, so a term is not a named physical direction"
tageMw,tageMw,0,linear_k,,1,2,0.0009229476491401378,,ridge on z0..z0,pca,0.6590592270622698,anchor cloud,8,arithmetic_exp_log,pca,orbit_mean,kfold_5,log_ssfr,"expressions are in standardised PCA coordinates of the quotiented cloud; a PCA basis is arbitrary up to rotation, so a term is not a named physical direction"
tageMw,tageMw,0,linear_k,,2,3,0.00433020959904129,,ridge on z0..z1,pca,0.6590592270622698,anchor cloud,8,arithmetic_exp_log,pca,orbit_mean,kfold_5,log_ssfr,"expressions are in standardised PCA coordinates of the quotiented cloud; a PCA basis is arbitrary up to rotation, so a term is not a named physical direction"
tageMw,tageMw,0,linear_k,,3,4,0.02486279052974305,,ridge on z0..z2,pca,0.6590592270622698,anchor cloud,8,arithmetic_exp_log,pca,orbit_mean,kfold_5,log_ssfr,"expressions are in standardised PCA coordinates of the quotiented cloud; a PCA basis is arbitrary up to rotation, so a term is not a named physical direction"
tageMw,tageMw,0,linear_k,,4,5,0.08987056826651374,,ridge on z0..z3,pca,0.6590592270622698,anchor cloud,8,arithmetic_exp_log,pca,orbit_mean,kfold_5,log_ssfr,"expressions are in standardised PCA coordinates of the quotiented cloud; a PCA basis is arbitrary up to rotation, so a term is not a named physical direction"
tageMw,tageMw,0,linear_k,,5,6,0.10615317039702865,,ridge on z0..z4,pca,0.6590592270622698,anchor cloud,8,arithmetic_exp_log,pca,orbit_mean,kfold_5,log_ssfr,"expressions are in standardised PCA coordinates of the quotiented cloud; a PCA basis is arbitrary up to rotation, so a term is not a named physical direction"
tageMw,tageMw,0,linear_k,,6,7,0.10775633430112519,,ridge on z0..z5,pca,0.6590592270622698,anchor cloud,8,arithmetic_exp_log,pca,orbit_mean,kfold_5,log_ssfr,"expressions are in standardised PCA coordinates of the quotiented cloud; a PCA basis is arbitrary up to rotation, so a term is not a named physical direction"
tageMw,tageMw,0,linear_k,,7,8,0.13781720611569392,,ridge on z0..z6,pca,0.6590592270622698,anchor cloud,8,arithmetic_exp_log,pca,orbit_mean,kfold_5,log_ssfr,"expressions are in standardised PCA coordinates of the quotiented cloud; a PCA basis is arbitrary up to rotation, so a term is not a named physical direction"
tageMw,tageMw,0,linear_k,,8,9,0.1312646370028573,,ridge on z0..z7,pca,0.6590592270622698,anchor cloud,8,arithmetic_exp_log,pca,orbit_mean,kfold_5,log_ssfr,"expressions are in standardised PCA coordinates of the quotiented cloud; a PCA basis is arbitrary up to rotation, so a term is not a named physical direction"
tageMw,tageMw,0,linear_all,,1024,1025,0.22942758515427364,,ridge on the full conditioned embedding,pca,0.6590592270622698,anchor cloud,8,arithmetic_exp_log,pca,orbit_mean,kfold_5,log_ssfr,"expressions are in standardised PCA coordinates of the quotiented cloud; a PCA basis is arbitrary up to rotation, so a term is not a named physical direction"
tageMw,tageMw,1,symbolic,1.0,0,1,-0.0007316428979853296,0.6993394621540552,-5.13478e-16,pca,0.6590592270622698,anchor cloud,8,arithmetic_exp_log,pca,orbit_mean,kfold_5,log_ssfr,"expressions are in standardised PCA coordinates of the quotiented cloud; a PCA basis is arbitrary up to rotation, so a term is not a named physical direction"
tageMw,tageMw,1,symbolic,3.0,1,1,0.04424498022290935,0.6877427753629403,(z6 / 5.17606),pca,0.6590592270622698,anchor cloud,8,arithmetic_exp_log,pca,orbit_mean,kfold_5,log_ssfr,"expressions are in standardised PCA coordinates of the quotiented cloud; a PCA basis is arbitrary up to rotation, so a term is not a named physical direction"
tageMw,tageMw,1,symbolic,4.0,1,1,0.04424498019203493,0.6877427753174162,(z6 / exp(1.64404)),pca,0.6590592270622698,anchor cloud,8,arithmetic_exp_log,pca,orbit_mean,kfold_5,log_ssfr,"expressions are in standardised PCA coordinates of the quotiented cloud; a PCA basis is arbitrary up to rotation, so a term is not a named physical direction"
tageMw,tageMw,1,symbolic,5.0,2,1,0.0715593167951265,0.6757522704227614,((z2 - z3) / 4.70905),pca,0.6590592270622698,anchor cloud,8,arithmetic_exp_log,pca,orbit_mean,kfold_5,log_ssfr,"expressions are in standardised PCA coordinates of the quotiented cloud; a PCA basis is arbitrary up to rotation, so a term is not a named physical direction"
tageMw,tageMw,1,symbolic,6.0,2,1,0.09163170558323253,0.6821020133267856,((z6 - z3) / exp(1.67273)),pca,0.6590592270622698,anchor cloud,8,arithmetic_exp_log,pca,orbit_mean,kfold_5,log_ssfr,"expressions are in standardised PCA coordinates of the quotiented cloud; a PCA basis is arbitrary up to rotation, so a term is not a named physical direction"
tageMw,tageMw,1,symbolic,7.0,3,1,0.1182626699828917,0.6632780546052983,((z6 + (z2 - z3)) / 5.02166),pca,0.6590592270622698,anchor cloud,8,arithmetic_exp_log,pca,orbit_mean,kfold_5,log_ssfr,"expressions are in standardised PCA coordinates of the quotiented cloud; a PCA basis is arbitrary up to rotation, so a term is not a named physical direction"
tageMw,tageMw,1,symbolic,9.0,4,1,0.12674327898845905,0.6627558129810258,((z4 + ((z6 + z2) - z3)) / 5.26642),pca,0.6590592270622698,anchor cloud,8,arithmetic_exp_log,pca,orbit_mean,kfold_5,log_ssfr,"expressions are in standardised PCA coordinates of the quotiented cloud; a PCA basis is arbitrary up to rotation, so a term is not a named physical direction"
tageMw,tageMw,1,symbolic,10.0,4,1,0.12674327889631054,0.6627558133853698,((z4 + ((z6 + z2) - z3)) / exp(1.66135)),pca,0.6590592270622698,anchor cloud,8,arithmetic_exp_log,pca,orbit_mean,kfold_5,log_ssfr,"expressions are in standardised PCA coordinates of the quotiented cloud; a PCA basis is arbitrary up to rotation, so a term is not a named physical direction"
tageMw,tageMw,1,symbolic,12.0,4,2,0.1318593865897939,0.6600562086636999,(((z6 + (z2 - z3)) + (0.711863 * z4)) / exp(1.58753)),pca,0.6590592270622698,anchor cloud,8,arithmetic_exp_log,pca,orbit_mean,kfold_5,log_ssfr,"expressions are in standardised PCA coordinates of the quotiented cloud; a PCA basis is arbitrary up to rotation, so a term is not a named physical direction"
tageMw,tageMw,1,symbolic,21.0,4,3,0.13562456414613688,0.6611356301773288,((z2 + (z6 + ((((z6 + (z2 - 2.63982e-08)) / exp(0.791074)) + (z4 - z3)) - z3))) / exp(2.06905)),pca,0.6590592270622698,anchor cloud,8,arithmetic_exp_log,pca,orbit_mean,kfold_5,log_ssfr,"expressions are in standardised PCA coordinates of the quotiented cloud; a PCA basis is arbitrary up to rotation, so a term is not a named physical direction"
tageMw,tageMw,1,linear_k,,1,2,-0.003517035352435194,,ridge on z0..z0,pca,0.6590592270622698,anchor cloud,8,arithmetic_exp_log,pca,orbit_mean,kfold_5,log_ssfr,"expressions are in standardised PCA coordinates of the quotiented cloud; a PCA basis is arbitrary up to rotation, so a term is not a named physical direction"
tageMw,tageMw,1,linear_k,,2,3,0.007496773117740774,,ridge on z0..z1,pca,0.6590592270622698,anchor cloud,8,arithmetic_exp_log,pca,orbit_mean,kfold_5,log_ssfr,"expressions are in standardised PCA coordinates of the quotiented cloud; a PCA basis is arbitrary up to rotation, so a term is not a named physical direction"
tageMw,tageMw,1,linear_k,,3,4,0.019292919503829498,,ridge on z0..z2,pca,0.6590592270622698,anchor cloud,8,arithmetic_exp_log,pca,orbit_mean,kfold_5,log_ssfr,"expressions are in standardised PCA coordinates of the quotiented cloud; a PCA basis is arbitrary up to rotation, so a term is not a named physical direction"
tageMw,tageMw,1,linear_k,,4,5,0.09166938540263059,,ridge on z0..z3,pca,0.6590592270622698,anchor cloud,8,arithmetic_exp_log,pca,orbit_mean,kfold_5,log_ssfr,"expressions are in standardised PCA coordinates of the quotiented cloud; a PCA basis is arbitrary up to rotation, so a term is not a named physical direction"
tageMw,tageMw,1,linear_k,,5,6,0.10334368798568272,,ridge on z0..z4,pca,0.6590592270622698,anchor cloud,8,arithmetic_exp_log,pca,orbit_mean,kfold_5,log_ssfr,"expressions are in standardised PCA coordinates of the quotiented cloud; a PCA basis is arbitrary up to rotation, so a term is not a named physical direction"
tageMw,tageMw,1,linear_k,,6,7,0.1046722358860479,,ridge on z0..z5,pca,0.6590592270622698,anchor cloud,8,arithmetic_exp_log,pca,orbit_mean,kfold_5,log_ssfr,"expressions are in standardised PCA coordinates of the quotiented cloud; a PCA basis is arbitrary up to rotation, so a term is not a named physical direction"
tageMw,tageMw,1,linear_k,,7,8,0.15956724325742977,,ridge on z0..z6,pca,0.6590592270622698,anchor cloud,8,arithmetic_exp_log,pca,orbit_mean,kfold_5,log_ssfr,"expressions are in standardised PCA coordinates of the quotiented cloud; a PCA basis is arbitrary up to rotation, so a term is not a named physical direction"
tageMw,tageMw,1,linear_k,,8,9,0.1600647118363191,,ridge on z0..z7,pca,0.6590592270622698,anchor cloud,8,arithmetic_exp_log,pca,orbit_mean,kfold_5,log_ssfr,"expressions are in standardised PCA coordinates of the quotiented cloud; a PCA basis is arbitrary up to rotation, so a term is not a named physical direction"
tageMw,tageMw,1,linear_all,,1024,1025,0.26065436641189066,,ridge on the full conditioned embedding,pca,0.6590592270622698,anchor cloud,8,arithmetic_exp_log,pca,orbit_mean,kfold_5,log_ssfr,"expressions are in standardised PCA coordinates of the quotiented cloud; a PCA basis is arbitrary up to rotation, so a term is not a named physical direction"
tageMw,tageMw,2,symbolic,1.0,0,1,-0.0017666696550930894,0.662821207977325,-1.8735e-16,pca,0.6590592270622698,anchor cloud,8,arithmetic_exp_log,pca,orbit_mean,kfold_5,log_ssfr,"expressions are in standardised PCA coordinates of the quotiented cloud; a PCA basis is arbitrary up to rotation, so a term is not a named physical direction"
tageMw,tageMw,2,symbolic,3.0,1,1,0.047611697726655744,0.6475918266923025,(-0.231654 * z3),pca,0.6590592270622698,anchor cloud,8,arithmetic_exp_log,pca,orbit_mean,kfold_5,log_ssfr,"expressions are in standardised PCA coordinates of the quotiented cloud; a PCA basis is arbitrary up to rotation, so a term is not a named physical direction"
tageMw,tageMw,2,symbolic,5.0,2,1,0.055142282009990384,0.6481676772622077,(-0.198492 * (z3 - z6)),pca,0.6590592270622698,anchor cloud,8,arithmetic_exp_log,pca,orbit_mean,kfold_5,log_ssfr,"expressions are in standardised PCA coordinates of the quotiented cloud; a PCA basis is arbitrary up to rotation, so a term is not a named physical direction"
tageMw,tageMw,2,symbolic,7.0,3,1,0.07734619556812317,0.6279949296505554,(-0.207693 * ((z3 - z2) - z6)),pca,0.6590592270622698,anchor cloud,8,arithmetic_exp_log,pca,orbit_mean,kfold_5,log_ssfr,"expressions are in standardised PCA coordinates of the quotiented cloud; a PCA basis is arbitrary up to rotation, so a term is not a named physical direction"
tageMw,tageMw,2,symbolic,9.0,4,1,0.10028971753978477,0.6176900960700906,(-0.193833 * ((z3 - (z2 + z4)) - z6)),pca,0.6590592270622698,anchor cloud,8,arithmetic_exp_log,pca,orbit_mean,kfold_5,log_ssfr,"expressions are in standardised PCA coordinates of the quotiented cloud; a PCA basis is arbitrary up to rotation, so a term is not a named physical direction"
tageMw,tageMw,2,symbolic,11.0,4,2,0.10028971744181492,0.6176900962930532,(-0.193833 * (z3 - ((z6 + (-3.97196e-09 + z2)) + z4))),pca,0.6590592270622698,anchor cloud,8,arithmetic_exp_log,pca,orbit_mean,kfold_5,log_ssfr,"expressions are in standardised PCA coordinates of the quotiented cloud; a PCA basis is arbitrary up to rotation, so a term is not a named physical direction"
tageMw,tageMw,2,symbolic,13.0,5,2,0.09791198273833046,0.6165905152688266,(-0.198135 * ((z3 - ((0.239749 * z0) + (z2 + z4))) - z6)),pca,0.6590592270622698,anchor cloud,8,arithmetic_exp_log,pca,orbit_mean,kfold_5,log_ssfr,"expressions are in standardised PCA coordinates of the quotiented cloud; a PCA basis is arbitrary up to rotation, so a term is not a named physical direction"
tageMw,tageMw,2,symbolic,19.0,4,2,0.09588754784745657,0.628414867914978,(-0.191974 * ((z3 - (((-0.109626 * (z3 - z6)) * (z3 - z6)) + (z2 + z4))) - z6)),pca,0.6590592270622698,anchor cloud,8,arithmetic_exp_log,pca,orbit_mean,kfold_5,log_ssfr,"expressions are in standardised PCA coordinates of the quotiented cloud; a PCA basis is arbitrary up to rotation, so a term is not a named physical direction"
tageMw,tageMw,2,symbolic,21.0,4,2,0.09708623616669687,0.627458653242182,(-0.189867 * ((z3 - (((-0.126953 * ((z3 - z2) - z6)) * (z3 - z6)) + (z2 + z4))) - z6)),pca,0.6590592270622698,anchor cloud,8,arithmetic_exp_log,pca,orbit_mean,kfold_5,log_ssfr,"expressions are in standardised PCA coordinates of the quotiented cloud; a PCA basis is arbitrary up to rotation, so a term is not a named physical direction"
tageMw,tageMw,2,symbolic,23.0,4,2,0.09747628603438141,0.6250544749355397,(-0.195211 * (z3 - ((z6 + (z2 + ((-0.129576 * ((z3 - (z2 + z4)) - z6)) * (z3 - z6)))) + z4))),pca,0.6590592270622698,anchor cloud,8,arithmetic_exp_log,pca,orbit_mean,kfold_5,log_ssfr,"expressions are in standardised PCA coordinates of the quotiented cloud; a PCA basis is arbitrary up to rotation, so a term is not a named physical direction"
tageMw,tageMw,2,symbolic,25.0,4,3,0.09835658854520668,0.6241284737460282,(-0.165774 * ((z3 - (((-0.145086 * ((z3 - (-2.42067 + (z2 + z4))) - z6)) * (z3 - z6)) + (z2 + z4))) - z6)),pca,0.6590592270622698,anchor cloud,8,arithmetic_exp_log,pca,orbit_mean,kfold_5,log_ssfr,"expressions are in standardised PCA coordinates of the quotiented cloud; a PCA basis is arbitrary up to rotation, so a term is not a named physical direction"
tageMw,tageMw,2,linear_k,,1,2,-0.0017499910754239512,,ridge on z0..z0,pca,0.6590592270622698,anchor cloud,8,arithmetic_exp_log,pca,orbit_mean,kfold_5,log_ssfr,"expressions are in standardised PCA coordinates of the quotiented cloud; a PCA basis is arbitrary up to rotation, so a term is not a named physical direction"
tageMw,tageMw,2,linear_k,,2,3,0.011878837957023047,,ridge on z0..z1,pca,0.6590592270622698,anchor cloud,8,arithmetic_exp_log,pca,orbit_mean,kfold_5,log_ssfr,"expressions are in standardised PCA coordinates of the quotiented cloud; a PCA basis is arbitrary up to rotation, so a term is not a named physical direction"
tageMw,tageMw,2,linear_k,,3,4,0.021131441022735453,,ridge on z0..z2,pca,0.6590592270622698,anchor cloud,8,arithmetic_exp_log,pca,orbit_mean,kfold_5,log_ssfr,"expressions are in standardised PCA coordinates of the quotiented cloud; a PCA basis is arbitrary up to rotation, so a term is not a named physical direction"
tageMw,tageMw,2,linear_k,,4,5,0.07924617187183747,,ridge on z0..z3,pca,0.6590592270622698,anchor cloud,8,arithmetic_exp_log,pca,orbit_mean,kfold_5,log_ssfr,"expressions are in standardised PCA coordinates of the quotiented cloud; a PCA basis is arbitrary up to rotation, so a term is not a named physical direction"
tageMw,tageMw,2,linear_k,,5,6,0.09850577039826236,,ridge on z0..z4,pca,0.6590592270622698,anchor cloud,8,arithmetic_exp_log,pca,orbit_mean,kfold_5,log_ssfr,"expressions are in standardised PCA coordinates of the quotiented cloud; a PCA basis is arbitrary up to rotation, so a term is not a named physical direction"
tageMw,tageMw,2,linear_k,,6,7,0.09896560901180329,,ridge on z0..z5,pca,0.6590592270622698,anchor cloud,8,arithmetic_exp_log,pca,orbit_mean,kfold_5,log_ssfr,"expressions are in standardised PCA coordinates of the quotiented cloud; a PCA basis is arbitrary up to rotation, so a term is not a named physical direction"
tageMw,tageMw,2,linear_k,,7,8,0.11145379302131364,,ridge on z0..z6,pca,0.6590592270622698,anchor cloud,8,arithmetic_exp_log,pca,orbit_mean,kfold_5,log_ssfr,"expressions are in standardised PCA coordinates of the quotiented cloud; a PCA basis is arbitrary up to rotation, so a term is not a named physical direction"
tageMw,tageMw,2,linear_k,,8,9,0.11568572900421159,,ridge on z0..z7,pca,0.6590592270622698,anchor cloud,8,arithmetic_exp_log,pca,orbit_mean,kfold_5,log_ssfr,"expressions are in standardised PCA coordinates of the quotiented cloud; a PCA basis is arbitrary up to rotation, so a term is not a named physical direction"
tageMw,tageMw,2,linear_all,,1024,1025,0.22775335016014464,,ridge on the full conditioned embedding,pca,0.6590592270622698,anchor cloud,8,arithmetic_exp_log,pca,orbit_mean,kfold_5,log_ssfr,"expressions are in standardised PCA coordinates of the quotiented cloud; a PCA basis is arbitrary up to rotation, so a term is not a named physical direction"
tageMw,tageMw,3,symbolic,1.0,0,1,-0.0002842019770095128,0.7384828814161609,-2.7929e-16,pca,0.6590592270622698,anchor cloud,8,arithmetic_exp_log,pca,orbit_mean,kfold_5,log_ssfr,"expressions are in standardised PCA coordinates of the quotiented cloud; a PCA basis is arbitrary up to rotation, so a term is not a named physical direction"
tageMw,tageMw,3,symbolic,3.0,1,1,0.027844713704744062,0.7276722591863938,(z3 * -0.244461),pca,0.6590592270622698,anchor cloud,8,arithmetic_exp_log,pca,orbit_mean,kfold_5,log_ssfr,"expressions are in standardised PCA coordinates of the quotiented cloud; a PCA basis is arbitrary up to rotation, so a term is not a named physical direction"
tageMw,tageMw,3,symbolic,5.0,2,1,0.08351091293961055,0.7134301841416792,((z3 - z6) * -0.191388),pca,0.6590592270622698,anchor cloud,8,arithmetic_exp_log,pca,orbit_mean,kfold_5,log_ssfr,"expressions are in standardised PCA coordinates of the quotiented cloud; a PCA basis is arbitrary up to rotation, so a term is not a named physical direction"
tageMw,tageMw,3,symbolic,7.0,3,1,0.08708316104635294,0.7048696890586268,((z1 + (z3 - z6)) * -0.182987),pca,0.6590592270622698,anchor cloud,8,arithmetic_exp_log,pca,orbit_mean,kfold_5,log_ssfr,"expressions are in standardised PCA coordinates of the quotiented cloud; a PCA basis is arbitrary up to rotation, so a term is not a named physical direction"
tageMw,tageMw,3,symbolic,9.0,4,1,0.08146918202703501,0.7083907093002118,((z1 + ((z3 - z7) - z6)) * -0.151485),pca,0.6590592270622698,anchor cloud,8,arithmetic_exp_log,pca,orbit_mean,kfold_5,log_ssfr,"expressions are in standardised PCA coordinates of the quotiented cloud; a PCA basis is arbitrary up to rotation, so a term is not a named physical direction"
tageMw,tageMw,3,symbolic,11.0,4,1,0.12808987073866585,0.681195126369951,((((z3 - z4) - z6) + (z3 - z2)) * -0.143637),pca,0.6590592270622698,anchor cloud,8,arithmetic_exp_log,pca,orbit_mean,kfold_5,log_ssfr,"expressions are in standardised PCA coordinates of the quotiented cloud; a PCA basis is arbitrary up to rotation, so a term is not a named physical direction"
tageMw,tageMw,3,symbolic,13.0,5,1,0.10071507210139752,0.6956514708592212,(((z1 + ((z3 - z7) - z6)) + (z3 - z4)) * -0.123438),pca,0.6590592270622698,anchor cloud,8,arithmetic_exp_log,pca,orbit_mean,kfold_5,log_ssfr,"expressions are in standardised PCA coordinates of the quotiented cloud; a PCA basis is arbitrary up to rotation, so a term is not a named physical direction"
tageMw,tageMw,3,symbolic,15.0,6,1,0.1260048939276105,0.6801283582723372,(((z1 + ((z3 - z7) - z6)) + ((z3 - z2) - z4)) * -0.125782),pca,0.6590592270622698,anchor cloud,8,arithmetic_exp_log,pca,orbit_mean,kfold_5,log_ssfr,"expressions are in standardised PCA coordinates of the quotiented cloud; a PCA basis is arbitrary up to rotation, so a term is not a named physical direction"
tageMw,tageMw,3,symbolic,17.0,6,1,0.1415247978527815,0.6763072876963845,(((z1 + ((((z3 - z6) - z6) - z7) - z2)) + (z3 - z4)) * -0.108804),pca,0.6590592270622698,anchor cloud,8,arithmetic_exp_log,pca,orbit_mean,kfold_5,log_ssfr,"expressions are in standardised PCA coordinates of the quotiented cloud; a PCA basis is arbitrary up to rotation, so a term is not a named physical direction"
tageMw,tageMw,3,symbolic,19.0,7,1,0.13784987262854131,0.6766994020168976,((((z1 - (z2 + z5)) + (((z3 - z7) - z6) - z6)) + (z3 - z4)) * -0.106561),pca,0.6590592270622698,anchor cloud,8,arithmetic_exp_log,pca,orbit_mean,kfold_5,log_ssfr,"expressions are in standardised PCA coordinates of the quotiented cloud; a PCA basis is arbitrary up to rotation, so a term is not a named physical direction"
tageMw,tageMw,3,symbolic,21.0,7,2,0.13840903501029878,0.6766213625867722,((((z1 * 0.930882) + ((((z3 - z6) - z5) - z7) - z2)) + ((z3 - z6) - z4)) * -0.10716),pca,0.6590592270622698,anchor cloud,8,arithmetic_exp_log,pca,orbit_mean,kfold_5,log_ssfr,"expressions are in standardised PCA coordinates of the quotiented cloud; a PCA basis is arbitrary up to rotation, so a term is not a named physical direction"
tageMw,tageMw,3,linear_k,,1,2,0.0001542550832792644,,ridge on z0..z0,pca,0.6590592270622698,anchor cloud,8,arithmetic_exp_log,pca,orbit_mean,kfold_5,log_ssfr,"expressions are in standardised PCA coordinates of the quotiented cloud; a PCA basis is arbitrary up to rotation, so a term is not a named physical direction"
tageMw,tageMw,3,linear_k,,2,3,0.0047144405157736324,,ridge on z0..z1,pca,0.6590592270622698,anchor cloud,8,arithmetic_exp_log,pca,orbit_mean,kfold_5,log_ssfr,"expressions are in standardised PCA coordinates of the quotiented cloud; a PCA basis is arbitrary up to rotation, so a term is not a named physical direction"
tageMw,tageMw,3,linear_k,,3,4,0.026961469394376603,,ridge on z0..z2,pca,0.6590592270622698,anchor cloud,8,arithmetic_exp_log,pca,orbit_mean,kfold_5,log_ssfr,"expressions are in standardised PCA coordinates of the quotiented cloud; a PCA basis is arbitrary up to rotation, so a term is not a named physical direction"
tageMw,tageMw,3,linear_k,,4,5,0.06810414839236756,,ridge on z0..z3,pca,0.6590592270622698,anchor cloud,8,arithmetic_exp_log,pca,orbit_mean,kfold_5,log_ssfr,"expressions are in standardised PCA coordinates of the quotiented cloud; a PCA basis is arbitrary up to rotation, so a term is not a named physical direction"
tageMw,tageMw,3,linear_k,,5,6,0.08492555406583202,,ridge on z0..z4,pca,0.6590592270622698,anchor cloud,8,arithmetic_exp_log,pca,orbit_mean,kfold_5,log_ssfr,"expressions are in standardised PCA coordinates of the quotiented cloud; a PCA basis is arbitrary up to rotation, so a term is not a named physical direction"
tageMw,tageMw,3,linear_k,,6,7,0.08529155168789115,,ridge on z0..z5,pca,0.6590592270622698,anchor cloud,8,arithmetic_exp_log,pca,orbit_mean,kfold_5,log_ssfr,"expressions are in standardised PCA coordinates of the quotiented cloud; a PCA basis is arbitrary up to rotation, so a term is not a named physical direction"
tageMw,tageMw,3,linear_k,,7,8,0.14783256343845708,,ridge on z0..z6,pca,0.6590592270622698,anchor cloud,8,arithmetic_exp_log,pca,orbit_mean,kfold_5,log_ssfr,"expressions are in standardised PCA coordinates of the quotiented cloud; a PCA basis is arbitrary up to rotation, so a term is not a named physical direction"
tageMw,tageMw,3,linear_k,,8,9,0.1499210445020681,,ridge on z0..z7,pca,0.6590592270622698,anchor cloud,8,arithmetic_exp_log,pca,orbit_mean,kfold_5,log_ssfr,"expressions are in standardised PCA coordinates of the quotiented cloud; a PCA basis is arbitrary up to rotation, so a term is not a named physical direction"
tageMw,tageMw,3,linear_all,,1024,1025,0.25011674653696925,,ridge on the full conditioned embedding,pca,0.6590592270622698,anchor cloud,8,arithmetic_exp_log,pca,orbit_mean,kfold_5,log_ssfr,"expressions are in standardised PCA coordinates of the quotiented cloud; a PCA basis is arbitrary up to rotation, so a term is not a named physical direction"
tageMw,tageMw,4,symbolic,1.0,0,1,-0.0007335080659909288,0.7176189985620356,1.71738e-16,pca,0.6590592270622698,anchor cloud,8,arithmetic_exp_log,pca,orbit_mean,kfold_5,log_ssfr,"expressions are in standardised PCA coordinates of the quotiented cloud; a PCA basis is arbitrary up to rotation, so a term is not a named physical direction"
tageMw,tageMw,4,symbolic,3.0,1,1,0.07461369204574297,0.6946476592385882,(z3 / -4.62949),pca,0.6590592270622698,anchor cloud,8,arithmetic_exp_log,pca,orbit_mean,kfold_5,log_ssfr,"expressions are in standardised PCA coordinates of the quotiented cloud; a PCA basis is arbitrary up to rotation, so a term is not a named physical direction"
tageMw,tageMw,4,symbolic,5.0,2,1,0.09516076149999952,0.6714381970802816,((z3 - z2) / -4.88224),pca,0.6590592270622698,anchor cloud,8,arithmetic_exp_log,pca,orbit_mean,kfold_5,log_ssfr,"expressions are in standardised PCA coordinates of the quotiented cloud; a PCA basis is arbitrary up to rotation, so a term is not a named physical direction"
tageMw,tageMw,4,symbolic,7.0,3,1,0.13127593624748013,0.6708414413549303,(((z3 - z2) - z6) / -5.06446),pca,0.6590592270622698,anchor cloud,8,arithmetic_exp_log,pca,orbit_mean,kfold_5,log_ssfr,"expressions are in standardised PCA coordinates of the quotiented cloud; a PCA basis is arbitrary up to rotation, so a term is not a named physical direction"
tageMw,tageMw,4,symbolic,9.0,4,1,0.14305745758196986,0.6633508491073836,(0.185988 * (z4 + (z2 - (z3 - z6)))),pca,0.6590592270622698,anchor cloud,8,arithmetic_exp_log,pca,orbit_mean,kfold_5,log_ssfr,"expressions are in standardised PCA coordinates of the quotiented cloud; a PCA basis is arbitrary up to rotation, so a term is not a named physical direction"
tageMw,tageMw,4,symbolic,11.0,4,2,0.1479770975079493,0.6624858666445813,(0.200726 * ((0.712189 * z4) + ((z6 + z2) - z3))),pca,0.6590592270622698,anchor cloud,8,arithmetic_exp_log,pca,orbit_mean,kfold_5,log_ssfr,"expressions are in standardised PCA coordinates of the quotiented cloud; a PCA basis is arbitrary up to rotation, so a term is not a named physical direction"
tageMw,tageMw,4,symbolic,13.0,5,2,0.1578131591428148,0.6538252163219505,(0.201834 * ((z6 + ((z1 - z4) / -1.91433)) + (z2 - z3))),pca,0.6590592270622698,anchor cloud,8,arithmetic_exp_log,pca,orbit_mean,kfold_5,log_ssfr,"expressions are in standardised PCA coordinates of the quotiented cloud; a PCA basis is arbitrary up to rotation, so a term is not a named physical direction"
tageMw,tageMw,4,symbolic,15.0,5,3,0.15781315914760463,0.6538252160713008,(0.201834 * (((z6 - -7.00118e-09) + ((z1 - z4) / -1.91433)) + (z2 - z3))),pca,0.6590592270622698,anchor cloud,8,arithmetic_exp_log,pca,orbit_mean,kfold_5,log_ssfr,"expressions are in standardised PCA coordinates of the quotiented cloud; a PCA basis is arbitrary up to rotation, so a term is not a named physical direction"
tageMw,tageMw,4,symbolic,21.0,6,4,0.15469300770496497,0.6601802934332047,(0.193871 * (((z6 - 0.0227052) + ((((z5 - z0) * (z3 * 0.203206)) - z4) / -1.33286)) + (z2 - z3))),pca,0.6590592270622698,anchor cloud,8,arithmetic_exp_log,pca,orbit_mean,kfold_5,log_ssfr,"expressions are in standardised PCA coordinates of the quotiented cloud; a PCA basis is arbitrary up to rotation, so a term is not a named physical direction"
tageMw,tageMw,4,symbolic,22.0,5,4,0.13887019441728,0.6652891697871851,(0.200054 * (((z6 - -0.0633297) + ((((z6 - 0.248858) * (z3 * log(z7))) - z4) / -3.28202)) + (z2 - z3))),pca,0.6590592270622698,anchor cloud,8,arithmetic_exp_log,pca,orbit_mean,kfold_5,log_ssfr,"expressions are in standardised PCA coordinates of the quotiented cloud; a PCA basis is arbitrary up to rotation, so a term is not a named physical direction"
tageMw,tageMw,4,symbolic,25.0,6,6,0.15439023625107184,0.6498511679156754,(0.235886 * ((0.222661 * z0) + ((((z6 - 400.268) - -400.268) + ((z1 - ((z6 - z4) / -1.07444)) / -2.84982)) + (z2 - z3)))),pca,0.6590592270622698,anchor cloud,8,arithmetic_exp_log,pca,orbit_mean,kfold_5,log_ssfr,"expressions are in standardised PCA coordinates of the quotiented cloud; a PCA basis is arbitrary up to rotation, so a term is not a named physical direction"
tageMw,tageMw,4,linear_k,,1,2,8.619107313201368e-06,,ridge on z0..z0,pca,0.6590592270622698,anchor cloud,8,arithmetic_exp_log,pca,orbit_mean,kfold_5,log_ssfr,"expressions are in standardised PCA coordinates of the quotiented cloud; a PCA basis is arbitrary up to rotation, so a term is not a named physical direction"
tageMw,tageMw,4,linear_k,,2,3,0.00966811896795372,,ridge on z0..z1,pca,0.6590592270622698,anchor cloud,8,arithmetic_exp_log,pca,orbit_mean,kfold_5,log_ssfr,"expressions are in standardised PCA coordinates of the quotiented cloud; a PCA basis is arbitrary up to rotation, so a term is not a named physical direction"
tageMw,tageMw,4,linear_k,,3,4,0.025142819585114662,,ridge on z0..z2,pca,0.6590592270622698,anchor cloud,8,arithmetic_exp_log,pca,orbit_mean,kfold_5,log_ssfr,"expressions are in standardised PCA coordinates of the quotiented cloud; a PCA basis is arbitrary up to rotation, so a term is not a named physical direction"
tageMw,tageMw,4,linear_k,,4,5,0.11033594823349702,,ridge on z0..z3,pca,0.6590592270622698,anchor cloud,8,arithmetic_exp_log,pca,orbit_mean,kfold_5,log_ssfr,"expressions are in standardised PCA coordinates of the quotiented cloud; a PCA basis is arbitrary up to rotation, so a term is not a named physical direction"
tageMw,tageMw,4,linear_k,,5,6,0.12135823931701573,,ridge on z0..z4,pca,0.6590592270622698,anchor cloud,8,arithmetic_exp_log,pca,orbit_mean,kfold_5,log_ssfr,"expressions are in standardised PCA coordinates of the quotiented cloud; a PCA basis is arbitrary up to rotation, so a term is not a named physical direction"
tageMw,tageMw,4,linear_k,,6,7,0.1205951269138511,,ridge on z0..z5,pca,0.6590592270622698,anchor cloud,8,arithmetic_exp_log,pca,orbit_mean,kfold_5,log_ssfr,"expressions are in standardised PCA coordinates of the quotiented cloud; a PCA basis is arbitrary up to rotation, so a term is not a named physical direction"
tageMw,tageMw,4,linear_k,,7,8,0.16522682569028724,,ridge on z0..z6,pca,0.6590592270622698,anchor cloud,8,arithmetic_exp_log,pca,orbit_mean,kfold_5,log_ssfr,"expressions are in standardised PCA coordinates of the quotiented cloud; a PCA basis is arbitrary up to rotation, so a term is not a named physical direction"
tageMw,tageMw,4,linear_k,,8,9,0.17113441293283715,,ridge on z0..z7,pca,0.6590592270622698,anchor cloud,8,arithmetic_exp_log,pca,orbit_mean,kfold_5,log_ssfr,"expressions are in standardised PCA coordinates of the quotiented cloud; a PCA basis is arbitrary up to rotation, so a term is not a named physical direction"
tageMw,tageMw,4,linear_all,,1024,1025,0.2735291561688252,,ridge on the full conditioned embedding,pca,0.6590592270622698,anchor cloud,8,arithmetic_exp_log,pca,orbit_mean,kfold_5,log_ssfr,"expressions are in standardised PCA coordinates of the quotiented cloud; a PCA basis is arbitrary up to rotation, so a term is not a named physical direction"
zMw,log_zMw,0,symbolic,1.0,0,1,-0.0007547007553869722,0.8111572289826027,9.02056e-17,pca,0.6590592270622698,anchor cloud,8,arithmetic_exp_log,pca,orbit_mean,kfold_5,log_ssfr,"expressions are in standardised PCA coordinates of the quotiented cloud; a PCA basis is arbitrary up to rotation, so a term is not a named physical direction"
zMw,log_zMw,0,symbolic,3.0,1,1,0.12167674340754786,0.7264178051845357,(0.360035 * z2),pca,0.6590592270622698,anchor cloud,8,arithmetic_exp_log,pca,orbit_mean,kfold_5,log_ssfr,"expressions are in standardised PCA coordinates of the quotiented cloud; a PCA basis is arbitrary up to rotation, so a term is not a named physical direction"
zMw,log_zMw,0,symbolic,5.0,2,1,0.15256394972240783,0.7271730569027929,(0.30964 * (z2 + z6)),pca,0.6590592270622698,anchor cloud,8,arithmetic_exp_log,pca,orbit_mean,kfold_5,log_ssfr,"expressions are in standardised PCA coordinates of the quotiented cloud; a PCA basis is arbitrary up to rotation, so a term is not a named physical direction"
zMw,log_zMw,0,linear_k,,1,2,0.014827168124237455,,ridge on z0..z0,pca,0.6590592270622698,anchor cloud,8,arithmetic_exp_log,pca,orbit_mean,kfold_5,log_ssfr,"expressions are in standardised PCA coordinates of the quotiented cloud; a PCA basis is arbitrary up to rotation, so a term is not a named physical direction"
zMw,log_zMw,0,linear_k,,2,3,0.06679459857362391,,ridge on z0..z1,pca,0.6590592270622698,anchor cloud,8,arithmetic_exp_log,pca,orbit_mean,kfold_5,log_ssfr,"expressions are in standardised PCA coordinates of the quotiented cloud; a PCA basis is arbitrary up to rotation, so a term is not a named physical direction"
zMw,log_zMw,0,linear_k,,3,4,0.171651527676293,,ridge on z0..z2,pca,0.6590592270622698,anchor cloud,8,arithmetic_exp_log,pca,orbit_mean,kfold_5,log_ssfr,"expressions are in standardised PCA coordinates of the quotiented cloud; a PCA basis is arbitrary up to rotation, so a term is not a named physical direction"
zMw,log_zMw,0,linear_k,,4,5,0.17272839078287938,,ridge on z0..z3,pca,0.6590592270622698,anchor cloud,8,arithmetic_exp_log,pca,orbit_mean,kfold_5,log_ssfr,"expressions are in standardised PCA coordinates of the quotiented cloud; a PCA basis is arbitrary up to rotation, so a term is not a named physical direction"
zMw,log_zMw,0,linear_k,,5,6,0.21246405413308778,,ridge on z0..z4,pca,0.6590592270622698,anchor cloud,8,arithmetic_exp_log,pca,orbit_mean,kfold_5,log_ssfr,"expressions are in standardised PCA coordinates of the quotiented cloud; a PCA basis is arbitrary up to rotation, so a term is not a named physical direction"
zMw,log_zMw,0,linear_k,,6,7,0.27277577646533724,,ridge on z0..z5,pca,0.6590592270622698,anchor cloud,8,arithmetic_exp_log,pca,orbit_mean,kfold_5,log_ssfr,"expressions are in standardised PCA coordinates of the quotiented cloud; a PCA basis is arbitrary up to rotation, so a term is not a named physical direction"
zMw,log_zMw,0,linear_k,,7,8,0.3180760878045723,,ridge on z0..z6,pca,0.6590592270622698,anchor cloud,8,arithmetic_exp_log,pca,orbit_mean,kfold_5,log_ssfr,"expressions are in standardised PCA coordinates of the quotiented cloud; a PCA basis is arbitrary up to rotation, so a term is not a named physical direction"
zMw,log_zMw,0,linear_k,,8,9,0.3227494250893719,,ridge on z0..z7,pca,0.6590592270622698,anchor cloud,8,arithmetic_exp_log,pca,orbit_mean,kfold_5,log_ssfr,"expressions are in standardised PCA coordinates of the quotiented cloud; a PCA basis is arbitrary up to rotation, so a term is not a named physical direction"
zMw,log_zMw,0,linear_all,,1024,1025,0.4203084482420373,,ridge on the full conditioned embedding,pca,0.6590592270622698,anchor cloud,8,arithmetic_exp_log,pca,orbit_mean,kfold_5,log_ssfr,"expressions are in standardised PCA coordinates of the quotiented cloud; a PCA basis is arbitrary up to rotation, so a term is not a named physical direction"
zMw,log_zMw,1,symbolic,1.0,0,1,-0.002011591054231543,0.8165678197222921,1.99493e-16,pca,0.6590592270622698,anchor cloud,8,arithmetic_exp_log,pca,orbit_mean,kfold_5,log_ssfr,"expressions are in standardised PCA coordinates of the quotiented cloud; a PCA basis is arbitrary up to rotation, so a term is not a named physical direction"
zMw,log_zMw,1,symbolic,3.0,1,1,0.13463099751221075,0.7244014452594404,(0.355119 * z2),pca,0.6590592270622698,anchor cloud,8,arithmetic_exp_log,pca,orbit_mean,kfold_5,log_ssfr,"expressions are in standardised PCA coordinates of the quotiented cloud; a PCA basis is arbitrary up to rotation, so a term is not a named physical direction"
zMw,log_zMw,1,symbolic,5.0,2,1,0.20390224099442988,0.6933363479778973,(0.291099 * (z2 - z5)),pca,0.6590592270622698,anchor cloud,8,arithmetic_exp_log,pca,orbit_mean,kfold_5,log_ssfr,"expressions are in standardised PCA coordinates of the quotiented cloud; a PCA basis is arbitrary up to rotation, so a term is not a named physical direction"
zMw,log_zMw,1,symbolic,7.0,3,1,0.24827350147649385,0.6856885867579626,(0.258279 * ((z2 - z5) + z6)),pca,0.6590592270622698,anchor cloud,8,arithmetic_exp_log,pca,orbit_mean,kfold_5,log_ssfr,"expressions are in standardised PCA coordinates of the quotiented cloud; a PCA basis is arbitrary up to rotation, so a term is not a named physical direction"
zMw,log_zMw,1,symbolic,9.0,3,1,0.2622623105376941,0.6734718596196441,(0.193735 * (((z2 - z5) + z2) + z6)),pca,0.6590592270622698,anchor cloud,8,arithmetic_exp_log,pca,orbit_mean,kfold_5,log_ssfr,"expressions are in standardised PCA coordinates of the quotiented cloud; a PCA basis is arbitrary up to rotation, so a term is not a named physical direction"
zMw,log_zMw,1,symbolic,11.0,5,1,0.2951804573494349,0.6594748610988046,(0.246549 * (((z0 - z1) + (z2 - z5)) + z6)),pca,0.6590592270622698,anchor cloud,8,arithmetic_exp_log,pca,orbit_mean,kfold_5,log_ssfr,"expressions are in standardised PCA coordinates of the quotiented cloud; a PCA basis is arbitrary up to rotation, so a term is not a named physical direction"
zMw,log_zMw,1,symbolic,13.0,5,2,0.30902267348977,0.6506223387670871,(0.261713 * ((((0.668366 * z0) - z1) + (z2 - z5)) + z6)),pca,0.6590592270622698,anchor cloud,8,arithmetic_exp_log,pca,orbit_mean,kfold_5,log_ssfr,"expressions are in standardised PCA coordinates of the quotiented cloud; a PCA basis is arbitrary up to rotation, so a term is not a named physical direction"
zMw,log_zMw,1,symbolic,20.0,5,5,0.29774920562108154,0.6529956589991373,(0.288302 * (((((z5 * -0.765685) + z2) + (0.19725 * z3)) + (0.730186 * (log(1) - z1))) + z6)),pca,0.6590592270622698,anchor cloud,8,arithmetic_exp_log,pca,orbit_mean,kfold_5,log_ssfr,"expressions are in standardised PCA coordinates of the quotiented cloud; a PCA basis is arbitrary up to rotation, so a term is not a named physical direction"
zMw,log_zMw,1,symbolic,21.0,6,2,0.3013939301501479,0.6543777634266306,(0.135341 * (((((((((z0 - z1) + z2) + z6) - z5) + z3) + z6) - z5) + z2) + -1.11453e-08)),pca,0.6590592270622698,anchor cloud,8,arithmetic_exp_log,pca,orbit_mean,kfold_5,log_ssfr,"expressions are in standardised PCA coordinates of the quotiented cloud; a PCA basis is arbitrary up to rotation, so a term is not a named physical direction"
zMw,log_zMw,1,symbolic,30.0,5,6,0.3168090183859724,0.6413675236839065,(0.18964 * (((((z0 * 0.877536) + z2) + (z5 * 72705.4)) + (((z5 * -72706.6) + z2) + (1.04226 * (((log(1.00002) - z1) + z5) - z5)))) + z6)),pca,0.6590592270622698,anchor cloud,8,arithmetic_exp_log,pca,orbit_mean,kfold_5,log_ssfr,"expressions are in standardised PCA coordinates of the quotiented cloud; a PCA basis is arbitrary up to rotation, so a term is not a named physical direction"
zMw,log_zMw,1,linear_k,,1,2,0.010413231167251902,,ridge on z0..z0,pca,0.6590592270622698,anchor cloud,8,arithmetic_exp_log,pca,orbit_mean,kfold_5,log_ssfr,"expressions are in standardised PCA coordinates of the quotiented cloud; a PCA basis is arbitrary up to rotation, so a term is not a named physical direction"
zMw,log_zMw,1,linear_k,,2,3,0.0440741820059084,,ridge on z0..z1,pca,0.6590592270622698,anchor cloud,8,arithmetic_exp_log,pca,orbit_mean,kfold_5,log_ssfr,"expressions are in standardised PCA coordinates of the quotiented cloud; a PCA basis is arbitrary up to rotation, so a term is not a named physical direction"
zMw,log_zMw,1,linear_k,,3,4,0.16901770468112665,,ridge on z0..z2,pca,0.6590592270622698,anchor cloud,8,arithmetic_exp_log,pca,orbit_mean,kfold_5,log_ssfr,"expressions are in standardised PCA coordinates of the quotiented cloud; a PCA basis is arbitrary up to rotation, so a term is not a named physical direction"
zMw,log_zMw,1,linear_k,,4,5,0.16825775155772615,,ridge on z0..z3,pca,0.6590592270622698,anchor cloud,8,arithmetic_exp_log,pca,orbit_mean,kfold_5,log_ssfr,"expressions are in standardised PCA coordinates of the quotiented cloud; a PCA basis is arbitrary up to rotation, so a term is not a named physical direction"
zMw,log_zMw,1,linear_k,,5,6,0.1924813878767877,,ridge on z0..z4,pca,0.6590592270622698,anchor cloud,8,arithmetic_exp_log,pca,orbit_mean,kfold_5,log_ssfr,"expressions are in standardised PCA coordinates of the quotiented cloud; a PCA basis is arbitrary up to rotation, so a term is not a named physical direction"
zMw,log_zMw,1,linear_k,,6,7,0.2771644189332937,,ridge on z0..z5,pca,0.6590592270622698,anchor cloud,8,arithmetic_exp_log,pca,orbit_mean,kfold_5,log_ssfr,"expressions are in standardised PCA coordinates of the quotiented cloud; a PCA basis is arbitrary up to rotation, so a term is not a named physical direction"
zMw,log_zMw,1,linear_k,,7,8,0.34524766343511437,,ridge on z0..z6,pca,0.6590592270622698,anchor cloud,8,arithmetic_exp_log,pca,orbit_mean,kfold_5,log_ssfr,"expressions are in standardised PCA coordinates of the quotiented cloud; a PCA basis is arbitrary up to rotation, so a term is not a named physical direction"
zMw,log_zMw,1,linear_k,,8,9,0.35107381615391664,,ridge on z0..z7,pca,0.6590592270622698,anchor cloud,8,arithmetic_exp_log,pca,orbit_mean,kfold_5,log_ssfr,"expressions are in standardised PCA coordinates of the quotiented cloud; a PCA basis is arbitrary up to rotation, so a term is not a named physical direction"
zMw,log_zMw,1,linear_all,,1024,1025,0.40846722103269506,,ridge on the full conditioned embedding,pca,0.6590592270622698,anchor cloud,8,arithmetic_exp_log,pca,orbit_mean,kfold_5,log_ssfr,"expressions are in standardised PCA coordinates of the quotiented cloud; a PCA basis is arbitrary up to rotation, so a term is not a named physical direction"
zMw,log_zMw,2,symbolic,1.0,0,1,-4.526468107224346e-06,0.8110856175366228,2.08167e-16,pca,0.6590592270622698,anchor cloud,8,arithmetic_exp_log,pca,orbit_mean,kfold_5,log_ssfr,"expressions are in standardised PCA coordinates of the quotiented cloud; a PCA basis is arbitrary up to rotation, so a term is not a named physical direction"
zMw,log_zMw,2,symbolic,3.0,1,1,0.13162181748662694,0.720092771544395,(z2 / 2.80243),pca,0.6590592270622698,anchor cloud,8,arithmetic_exp_log,pca,orbit_mean,kfold_5,log_ssfr,"expressions are in standardised PCA coordinates of the quotiented cloud; a PCA basis is arbitrary up to rotation, so a term is not a named physical direction"
zMw,log_zMw,2,symbolic,4.0,1,1,0.1316218174787387,0.7200927715899204,(z2 / exp(1.03049)),pca,0.6590592270622698,anchor cloud,8,arithmetic_exp_log,pca,orbit_mean,kfold_5,log_ssfr,"expressions are in standardised PCA coordinates of the quotiented cloud; a PCA basis is arbitrary up to rotation, so a term is not a named physical direction"
zMw,log_zMw,2,symbolic,5.0,2,0,0.18184357122444417,0.7079901709283748,(z2 / exp(exp(z6))),pca,0.6590592270622698,anchor cloud,8,arithmetic_exp_log,pca,orbit_mean,kfold_5,log_ssfr,"expressions are in standardised PCA coordinates of the quotiented cloud; a PCA basis is arbitrary up to rotation, so a term is not a named physical direction"
zMw,log_zMw,2,symbolic,7.0,2,2,0.18758696026958077,0.7143688343851696,(-0.779651 / (-2.55291 / (z2 + z6))),pca,0.6590592270622698,anchor cloud,8,arithmetic_exp_log,pca,orbit_mean,kfold_5,log_ssfr,"expressions are in standardised PCA coordinates of the quotiented cloud; a PCA basis is arbitrary up to rotation, so a term is not a named physical direction"
zMw,log_zMw,2,symbolic,13.0,2,3,0.20449573833638635,0.6940864280987221,(z2 / (-6.53856 / (-2.21657 + ((z2 / (-2.48212 / z6)) + z6)))),pca,0.6590592270622698,anchor cloud,8,arithmetic_exp_log,pca,orbit_mean,kfold_5,log_ssfr,"expressions are in standardised PCA coordinates of the quotiented cloud; a PCA basis is arbitrary up to rotation, so a term is not a named physical direction"
zMw,log_zMw,2,symbolic,19.0,2,4,0.20480284893227063,0.6931894900151705,(z2 / (-6.46618 / (-2.18322 + ((z2 / (z2 / (z2 / (-2.64423 / (-0.307584 + z6))))) + z6)))),pca,0.6590592270622698,anchor cloud,8,arithmetic_exp_log,pca,orbit_mean,kfold_5,log_ssfr,"expressions are in standardised PCA coordinates of the quotiented cloud; a PCA basis is arbitrary up to rotation, so a term is not a named physical direction"
zMw,log_zMw,2,symbolic,22.0,3,6,0.20476432890624963,0.6928226664371538,(z2 / (-6.48891 / (-2.19703 + (((z2 / (-7.4909 / (-11.2998 + log(z5)))) / (-4.14908 / (-0.259357 + z6))) + z6)))),pca,0.6590592270622698,anchor cloud,8,arithmetic_exp_log,pca,orbit_mean,kfold_5,log_ssfr,"expressions are in standardised PCA coordinates of the quotiented cloud; a PCA basis is arbitrary up to rotation, so a term is not a named physical direction"
zMw,log_zMw,2,symbolic,23.0,2,5,0.20609249523689466,0.6907866153316267,(z2 / (-6.45961 / (-2.73881 + ((z2 / (-4.46886 / (((z2 / (-2.30498e+09 / (2.38017e+09 + z6))) + z6) + z6))) + z6)))),pca,0.6590592270622698,anchor cloud,8,arithmetic_exp_log,pca,orbit_mean,kfold_5,log_ssfr,"expressions are in standardised PCA coordinates of the quotiented cloud; a PCA basis is arbitrary up to rotation, so a term is not a named physical direction"
zMw,log_zMw,2,symbolic,25.0,2,7,0.20932732356745265,0.6912260378813594,(z2 / (-3.4418 / (-1.18052 + (((z2 / (-4.43495 / (-5.42971 + ((z2 / (-3.15371 / 14.4024)) + z6)))) / (-4.83859 / z6)) + z6)))),pca,0.6590592270622698,anchor cloud,8,arithmetic_exp_log,pca,orbit_mean,kfold_5,log_ssfr,"expressions are in standardised PCA coordinates of the quotiented cloud; a PCA basis is arbitrary up to rotation, so a term is not a named physical direction"
zMw,log_zMw,2,symbolic,29.0,3,8,0.21116160079938573,0.6883078235594815,(z2 / (-3.41009 / (-1.35019 + (((z2 / (-5.2259 / (-9.03431 + ((z2 / (-1008.82 / (7340.13 + z7))) + z6)))) / (-6.9019 / (-0.368679 + z6))) + z6)))),pca,0.6590592270622698,anchor cloud,8,arithmetic_exp_log,pca,orbit_mean,kfold_5,log_ssfr,"expressions are in standardised PCA coordinates of the quotiented cloud; a PCA basis is arbitrary up to rotation, so a term is not a named physical direction"
zMw,log_zMw,2,linear_k,,1,2,0.0041280517568746955,,ridge on z0..z0,pca,0.6590592270622698,anchor cloud,8,arithmetic_exp_log,pca,orbit_mean,kfold_5,log_ssfr,"expressions are in standardised PCA coordinates of the quotiented cloud; a PCA basis is arbitrary up to rotation, so a term is not a named physical direction"
zMw,log_zMw,2,linear_k,,2,3,0.0573103455871109,,ridge on z0..z1,pca,0.6590592270622698,anchor cloud,8,arithmetic_exp_log,pca,orbit_mean,kfold_5,log_ssfr,"expressions are in standardised PCA coordinates of the quotiented cloud; a PCA basis is arbitrary up to rotation, so a term is not a named physical direction"
zMw,log_zMw,2,linear_k,,3,4,0.17111433882217864,,ridge on z0..z2,pca,0.6590592270622698,anchor cloud,8,arithmetic_exp_log,pca,orbit_mean,kfold_5,log_ssfr,"expressions are in standardised PCA coordinates of the quotiented cloud; a PCA basis is arbitrary up to rotation, so a term is not a named physical direction"
zMw,log_zMw,2,linear_k,,4,5,0.1708503576104694,,ridge on z0..z3,pca,0.6590592270622698,anchor cloud,8,arithmetic_exp_log,pca,orbit_mean,kfold_5,log_ssfr,"expressions are in standardised PCA coordinates of the quotiented cloud; a PCA basis is arbitrary up to rotation, so a term is not a named physical direction"
zMw,log_zMw,2,linear_k,,5,6,0.190376223833835,,ridge on z0..z4,pca,0.6590592270622698,anchor cloud,8,arithmetic_exp_log,pca,orbit_mean,kfold_5,log_ssfr,"expressions are in standardised PCA coordinates of the quotiented cloud; a PCA basis is arbitrary up to rotation, so a term is not a named physical direction"
zMw,log_zMw,2,linear_k,,6,7,0.25394395279222903,,ridge on z0..z5,pca,0.6590592270622698,anchor cloud,8,arithmetic_exp_log,pca,orbit_mean,kfold_5,log_ssfr,"expressions are in standardised PCA coordinates of the quotiented cloud; a PCA basis is arbitrary up to rotation, so a term is not a named physical direction"
zMw,log_zMw,2,linear_k,,7,8,0.3244156230829116,,ridge on z0..z6,pca,0.6590592270622698,anchor cloud,8,arithmetic_exp_log,pca,orbit_mean,kfold_5,log_ssfr,"expressions are in standardised PCA coordinates of the quotiented cloud; a PCA basis is arbitrary up to rotation, so a term is not a named physical direction"
zMw,log_zMw,2,linear_k,,8,9,0.32747636611430275,,ridge on z0..z7,pca,0.6590592270622698,anchor cloud,8,arithmetic_exp_log,pca,orbit_mean,kfold_5,log_ssfr,"expressions are in standardised PCA coordinates of the quotiented cloud; a PCA basis is arbitrary up to rotation, so a term is not a named physical direction"
zMw,log_zMw,2,linear_all,,1024,1025,0.4221093793107398,,ridge on the full conditioned embedding,pca,0.6590592270622698,anchor cloud,8,arithmetic_exp_log,pca,orbit_mean,kfold_5,log_ssfr,"expressions are in standardised PCA coordinates of the quotiented cloud; a PCA basis is arbitrary up to rotation, so a term is not a named physical direction"
zMw,log_zMw,3,symbolic,1.0,0,1,-0.0004364913646628388,0.8061282605322588,-2.11636e-16,pca,0.6590592270622698,anchor cloud,8,arithmetic_exp_log,pca,orbit_mean,kfold_5,log_ssfr,"expressions are in standardised PCA coordinates of the quotiented cloud; a PCA basis is arbitrary up to rotation, so a term is not a named physical direction"
zMw,log_zMw,3,symbolic,3.0,1,1,0.12471099499937688,0.7111766256982447,(0.359085 * z2),pca,0.6590592270622698,anchor cloud,8,arithmetic_exp_log,pca,orbit_mean,kfold_5,log_ssfr,"expressions are in standardised PCA coordinates of the quotiented cloud; a PCA basis is arbitrary up to rotation, so a term is not a named physical direction"
zMw,log_zMw,3,symbolic,6.0,1,2,0.12471060491277464,0.7111768681566722,(exp(-11.1437) + (z2 * 0.359085)),pca,0.6590592270622698,anchor cloud,8,arithmetic_exp_log,pca,orbit_mean,kfold_5,log_ssfr,"expressions are in standardised PCA coordinates of the quotiented cloud; a PCA basis is arbitrary up to rotation, so a term is not a named physical direction"
zMw,log_zMw,3,symbolic,7.0,2,2,0.18084536586171274,0.6866113887197869,((z5 * -0.237454) + (z2 * 0.360492)),pca,0.6590592270622698,anchor cloud,8,arithmetic_exp_log,pca,orbit_mean,kfold_5,log_ssfr,"expressions are in standardised PCA coordinates of the quotiented cloud; a PCA basis is arbitrary up to rotation, so a term is not a named physical direction"
zMw,log_zMw,3,symbolic,9.0,3,2,0.21120983506870128,0.6686179268480346,(((z5 - z2) * -0.293742) + (z1 * -0.18401)),pca,0.6590592270622698,anchor cloud,8,arithmetic_exp_log,pca,orbit_mean,kfold_5,log_ssfr,"expressions are in standardised PCA coordinates of the quotiented cloud; a PCA basis is arbitrary up to rotation, so a term is not a named physical direction"
zMw,log_zMw,3,symbolic,11.0,4,2,0.244577709002884,0.6631926126925748,(((z1 + (z4 + z5)) * -0.202761) + (z2 * 0.351804)),pca,0.6590592270622698,anchor cloud,8,arithmetic_exp_log,pca,orbit_mean,kfold_5,log_ssfr,"expressions are in standardised PCA coordinates of the quotiented cloud; a PCA basis is arbitrary up to rotation, so a term is not a named physical direction"
zMw,log_zMw,3,symbolic,13.0,4,3,0.25129879647183107,0.6695947943392011,(((z4 + z5) * -0.166811) + ((0.205984 * z6) + (z2 * 0.394009))),pca,0.6590592270622698,anchor cloud,8,arithmetic_exp_log,pca,orbit_mean,kfold_5,log_ssfr,"expressions are in standardised PCA coordinates of the quotiented cloud; a PCA basis is arbitrary up to rotation, so a term is not a named physical direction"
zMw,log_zMw,3,symbolic,15.0,5,3,0.29941609933801183,0.6425751468657278,(((z1 + (z4 + z5)) * -0.195768) + ((0.220754 * z6) + (z2 * 0.372014))),pca,0.6590592270622698,anchor cloud,8,arithmetic_exp_log,pca,orbit_mean,kfold_5,log_ssfr,"expressions are in standardised PCA coordinates of the quotiented cloud; a PCA basis is arbitrary up to rotation, so a term is not a named physical direction"
zMw,log_zMw,3,symbolic,17.0,5,3,0.29122175498932223,0.6435461955156893,((((z1 + z5) + (z4 + z5)) * -0.131539) + ((0.21197 * z6) + (z2 * 0.374306))),pca,0.6590592270622698,anchor cloud,8,arithmetic_exp_log,pca,orbit_mean,kfold_5,log_ssfr,"expressions are in standardised PCA coordinates of the quotiented cloud; a PCA basis is arbitrary up to rotation, so a term is not a named physical direction"
zMw,log_zMw,3,symbolic,21.0,5,5,0.3083915052143559,0.6398490811551397,(((z1 + (z4 + z5)) * -0.18877) + ((((0.149433 * z6) / (z2 + 4.38116)) * 5.75894) + (z2 * 0.363482))),pca,0.6590592270622698,anchor cloud,8,arithmetic_exp_log,pca,orbit_mean,kfold_5,log_ssfr,"expressions are in standardised PCA coordinates of the quotiented cloud; a PCA basis is arbitrary up to rotation, so a term is not a named physical direction"
zMw,log_zMw,3,symbolic,23.0,5,5,0.30103434528259176,0.6407956482858636,((((z1 + (z4 + z5)) + z5) * -0.127064) + ((((0.164095 * z6) / (z2 + 4.17444)) * 4.77517) + (z2 * 0.365242))),pca,0.6590592270622698,anchor cloud,8,arithmetic_exp_log,pca,orbit_mean,kfold_5,log_ssfr,"expressions are in standardised PCA coordinates of the quotiented cloud; a PCA basis is arbitrary up to rotation, so a term is not a named physical direction"
zMw,log_zMw,3,symbolic,25.0,5,6,0.3010348313079805,0.6407955401729982,((((z1 + z5) + (z4 + z5)) * -0.127064) + ((((0.229795 * z6) / ((z2 * 0.721816) + 3.01302)) * 2.46121) + (z2 * 0.365241))),pca,0.6590592270622698,anchor cloud,8,arithmetic_exp_log,pca,orbit_mean,kfold_5,log_ssfr,"expressions are in standardised PCA coordinates of the quotiented cloud; a PCA basis is arbitrary up to rotation, so a term is not a named physical direction"
zMw,log_zMw,3,linear_k,,1,2,0.020482270457419238,,ridge on z0..z0,pca,0.6590592270622698,anchor cloud,8,arithmetic_exp_log,pca,orbit_mean,kfold_5,log_ssfr,"expressions are in standardised PCA coordinates of the quotiented cloud; a PCA basis is arbitrary up to rotation, so a term is not a named physical direction"
zMw,log_zMw,3,linear_k,,2,3,0.05813661866746089,,ridge on z0..z1,pca,0.6590592270622698,anchor cloud,8,arithmetic_exp_log,pca,orbit_mean,kfold_5,log_ssfr,"expressions are in standardised PCA coordinates of the quotiented cloud; a PCA basis is arbitrary up to rotation, so a term is not a named physical direction"
zMw,log_zMw,3,linear_k,,3,4,0.1750673015498524,,ridge on z0..z2,pca,0.6590592270622698,anchor cloud,8,arithmetic_exp_log,pca,orbit_mean,kfold_5,log_ssfr,"expressions are in standardised PCA coordinates of the quotiented cloud; a PCA basis is arbitrary up to rotation, so a term is not a named physical direction"
zMw,log_zMw,3,linear_k,,4,5,0.17579971063522448,,ridge on z0..z3,pca,0.6590592270622698,anchor cloud,8,arithmetic_exp_log,pca,orbit_mean,kfold_5,log_ssfr,"expressions are in standardised PCA coordinates of the quotiented cloud; a PCA basis is arbitrary up to rotation, so a term is not a named physical direction"
zMw,log_zMw,3,linear_k,,5,6,0.2126511749405835,,ridge on z0..z4,pca,0.6590592270622698,anchor cloud,8,arithmetic_exp_log,pca,orbit_mean,kfold_5,log_ssfr,"expressions are in standardised PCA coordinates of the quotiented cloud; a PCA basis is arbitrary up to rotation, so a term is not a named physical direction"
zMw,log_zMw,3,linear_k,,6,7,0.2780200910019295,,ridge on z0..z5,pca,0.6590592270622698,anchor cloud,8,arithmetic_exp_log,pca,orbit_mean,kfold_5,log_ssfr,"expressions are in standardised PCA coordinates of the quotiented cloud; a PCA basis is arbitrary up to rotation, so a term is not a named physical direction"
zMw,log_zMw,3,linear_k,,7,8,0.3397002984391586,,ridge on z0..z6,pca,0.6590592270622698,anchor cloud,8,arithmetic_exp_log,pca,orbit_mean,kfold_5,log_ssfr,"expressions are in standardised PCA coordinates of the quotiented cloud; a PCA basis is arbitrary up to rotation, so a term is not a named physical direction"
zMw,log_zMw,3,linear_k,,8,9,0.3370258387299171,,ridge on z0..z7,pca,0.6590592270622698,anchor cloud,8,arithmetic_exp_log,pca,orbit_mean,kfold_5,log_ssfr,"expressions are in standardised PCA coordinates of the quotiented cloud; a PCA basis is arbitrary up to rotation, so a term is not a named physical direction"
zMw,log_zMw,3,linear_all,,1024,1025,0.40407781851058444,,ridge on the full conditioned embedding,pca,0.6590592270622698,anchor cloud,8,arithmetic_exp_log,pca,orbit_mean,kfold_5,log_ssfr,"expressions are in standardised PCA coordinates of the quotiented cloud; a PCA basis is arbitrary up to rotation, so a term is not a named physical direction"
zMw,log_zMw,4,symbolic,1.0,0,1,-0.0016348052847512395,0.8277863954367282,-2.87964e-16,pca,0.6590592270622698,anchor cloud,8,arithmetic_exp_log,pca,orbit_mean,kfold_5,log_ssfr,"expressions are in standardised PCA coordinates of the quotiented cloud; a PCA basis is arbitrary up to rotation, so a term is not a named physical direction"
zMw,log_zMw,4,symbolic,3.0,1,1,0.12420137851370561,0.7333266192634217,(z2 / 2.78558),pca,0.6590592270622698,anchor cloud,8,arithmetic_exp_log,pca,orbit_mean,kfold_5,log_ssfr,"expressions are in standardised PCA coordinates of the quotiented cloud; a PCA basis is arbitrary up to rotation, so a term is not a named physical direction"
zMw,log_zMw,4,symbolic,5.0,2,1,0.14821988778675266,0.7112981032962378,((z2 - z5) / 3.29811),pca,0.6590592270622698,anchor cloud,8,arithmetic_exp_log,pca,orbit_mean,kfold_5,log_ssfr,"expressions are in standardised PCA coordinates of the quotiented cloud; a PCA basis is arbitrary up to rotation, so a term is not a named physical direction"
zMw,log_zMw,4,symbolic,7.0,3,1,0.1569410540883447,0.7101846949402447,(((z2 - z1) - z5) / 3.79321),pca,0.6590592270622698,anchor cloud,8,arithmetic_exp_log,pca,orbit_mean,kfold_5,log_ssfr,"expressions are in standardised PCA coordinates of the quotiented cloud; a PCA basis is arbitrary up to rotation, so a term is not a named physical direction"
zMw,log_zMw,4,symbolic,9.0,4,1,0.19984583527182898,0.6912620305355474,((((z2 + z6) - z1) - z5) / 3.80288),pca,0.6590592270622698,anchor cloud,8,arithmetic_exp_log,pca,orbit_mean,kfold_5,log_ssfr,"expressions are in standardised PCA coordinates of the quotiented cloud; a PCA basis is arbitrary up to rotation, so a term is not a named physical direction"
zMw,log_zMw,4,symbolic,11.0,4,1,0.21836451410742552,0.678218467671223,((((z2 + (z2 + z6)) - z1) - z5) / 5.03763),pca,0.6590592270622698,anchor cloud,8,arithmetic_exp_log,pca,orbit_mean,kfold_5,log_ssfr,"expressions are in standardised PCA coordinates of the quotiented cloud; a PCA basis is arbitrary up to rotation, so a term is not a named physical direction"
zMw,log_zMw,4,symbolic,13.0,5,2,0.22850749593901976,0.6885508167139002,((((z2 + z6) - z1) - (-0.741239 * (z0 - z5))) / 3.5436),pca,0.6590592270622698,anchor cloud,8,arithmetic_exp_log,pca,orbit_mean,kfold_5,log_ssfr,"expressions are in standardised PCA coordinates of the quotiented cloud; a PCA basis is arbitrary up to rotation, so a term is not a named physical direction"
zMw,log_zMw,4,symbolic,19.0,5,2,0.23480955574709994,0.6708113502625536,(((((z2 + ((((z2 + z5) - z4) - z5) / 1.52364)) + z6) - z1) - z5) / 4.37184),pca,0.6590592270622698,anchor cloud,8,arithmetic_exp_log,pca,orbit_mean,kfold_5,log_ssfr,"expressions are in standardised PCA coordinates of the quotiented cloud; a PCA basis is arbitrary up to rotation, so a term is not a named physical direction"
zMw,log_zMw,4,linear_k,,1,2,0.0109360905913497,,ridge on z0..z0,pca,0.6590592270622698,anchor cloud,8,arithmetic_exp_log,pca,orbit_mean,kfold_5,log_ssfr,"expressions are in standardised PCA coordinates of the quotiented cloud; a PCA basis is arbitrary up to rotation, so a term is not a named physical direction"
zMw,log_zMw,4,linear_k,,2,3,0.03604878363861552,,ridge on z0..z1,pca,0.6590592270622698,anchor cloud,8,arithmetic_exp_log,pca,orbit_mean,kfold_5,log_ssfr,"expressions are in standardised PCA coordinates of the quotiented cloud; a PCA basis is arbitrary up to rotation, so a term is not a named physical direction"
zMw,log_zMw,4,linear_k,,3,4,0.14977993565923753,,ridge on z0..z2,pca,0.6590592270622698,anchor cloud,8,arithmetic_exp_log,pca,orbit_mean,kfold_5,log_ssfr,"expressions are in standardised PCA coordinates of the quotiented cloud; a PCA basis is arbitrary up to rotation, so a term is not a named physical direction"
zMw,log_zMw,4,linear_k,,4,5,0.14890207799158062,,ridge on z0..z3,pca,0.6590592270622698,anchor cloud,8,arithmetic_exp_log,pca,orbit_mean,kfold_5,log_ssfr,"expressions are in standardised PCA coordinates of the quotiented cloud; a PCA basis is arbitrary up to rotation, so a term is not a named physical direction"
zMw,log_zMw,4,linear_k,,5,6,0.17783662738769568,,ridge on z0..z4,pca,0.6590592270622698,anchor cloud,8,arithmetic_exp_log,pca,orbit_mean,kfold_5,log_ssfr,"expressions are in standardised PCA coordinates of the quotiented cloud; a PCA basis is arbitrary up to rotation, so a term is not a named physical direction"
zMw,log_zMw,4,linear_k,,6,7,0.21717398270785349,,ridge on z0..z5,pca,0.6590592270622698,anchor cloud,8,arithmetic_exp_log,pca,orbit_mean,kfold_5,log_ssfr,"expressions are in standardised PCA coordinates of the quotiented cloud; a PCA basis is arbitrary up to rotation, so a term is not a named physical direction"
zMw,log_zMw,4,linear_k,,7,8,0.2626166960754661,,ridge on z0..z6,pca,0.6590592270622698,anchor cloud,8,arithmetic_exp_log,pca,orbit_mean,kfold_5,log_ssfr,"expressions are in standardised PCA coordinates of the quotiented cloud; a PCA basis is arbitrary up to rotation, so a term is not a named physical direction"
zMw,log_zMw,4,linear_k,,8,9,0.26073637892467016,,ridge on z0..z7,pca,0.6590592270622698,anchor cloud,8,arithmetic_exp_log,pca,orbit_mean,kfold_5,log_ssfr,"expressions are in standardised PCA coordinates of the quotiented cloud; a PCA basis is arbitrary up to rotation, so a term is not a named physical direction"
zMw,log_zMw,4,linear_all,,1024,1025,0.35131774397052595,,ridge on the full conditioned embedding,pca,0.6590592270622698,anchor cloud,8,arithmetic_exp_log,pca,orbit_mean,kfold_5,log_ssfr,"expressions are in standardised PCA coordinates of the quotiented cloud; a PCA basis is arbitrary up to rotation, so a term is not a named physical direction"
redshift,redshift,0,symbolic,1.0,0,1,-0.0018314533464123262,0.8412186925772279,8.41341e-17,pca,0.6590592270622698,anchor cloud,8,arithmetic_exp_log,pca,orbit_mean,kfold_5,log_ssfr,"expressions are in standardised PCA coordinates of the quotiented cloud; a PCA basis is arbitrary up to rotation, so a term is not a named physical direction"
redshift,redshift,0,symbolic,3.0,1,1,0.13904644966183888,0.7581852061734456,(0.411675 * z0),pca,0.6590592270622698,anchor cloud,8,arithmetic_exp_log,pca,orbit_mean,kfold_5,log_ssfr,"expressions are in standardised PCA coordinates of the quotiented cloud; a PCA basis is arbitrary up to rotation, so a term is not a named physical direction"
redshift,redshift,0,symbolic,5.0,2,1,0.37439438446499695,0.6322577636340417,((z5 - z0) / -2.27489),pca,0.6590592270622698,anchor cloud,8,arithmetic_exp_log,pca,orbit_mean,kfold_5,log_ssfr,"expressions are in standardised PCA coordinates of the quotiented cloud; a PCA basis is arbitrary up to rotation, so a term is not a named physical direction"
redshift,redshift,0,symbolic,7.0,3,1,0.3787921069926563,0.6321584068304453,((z5 - (z0 + z2)) / -2.71596),pca,0.6590592270622698,anchor cloud,8,arithmetic_exp_log,pca,orbit_mean,kfold_5,log_ssfr,"expressions are in standardised PCA coordinates of the quotiented cloud; a PCA basis is arbitrary up to rotation, so a term is not a named physical direction"
redshift,redshift,0,symbolic,9.0,3,2,0.530710761900375,0.5416052064406213,((((z5 * 1.12643) - z0) + z4) / -2.55194),pca,0.6590592270622698,anchor cloud,8,arithmetic_exp_log,pca,orbit_mean,kfold_5,log_ssfr,"expressions are in standardised PCA coordinates of the quotiented cloud; a PCA basis is arbitrary up to rotation, so a term is not a named physical direction"
redshift,redshift,0,symbolic,11.0,4,2,0.5662235066685382,0.5164703024806961,(((((z5 * 1.22989) + z4) - z2) - z0) / -2.7724),pca,0.6590592270622698,anchor cloud,8,arithmetic_exp_log,pca,orbit_mean,kfold_5,log_ssfr,"expressions are in standardised PCA coordinates of the quotiented cloud; a PCA basis is arbitrary up to rotation, so a term is not a named physical direction"
redshift,redshift,0,symbolic,13.0,4,3,0.5863489357060703,0.5035440252373172,((((z5 * 1.08422) - (z0 + (0.630176 * z2))) + z4) / -2.44752),pca,0.6590592270622698,anchor cloud,8,arithmetic_exp_log,pca,orbit_mean,kfold_5,log_ssfr,"expressions are in standardised PCA coordinates of the quotiented cloud; a PCA basis is arbitrary up to rotation, so a term is not a named physical direction"
redshift,redshift,0,symbolic,17.0,5,4,0.5948390823966763,0.4949657037572296,(((((z5 * 1.12159) + z4) - (0.604717 * z2)) - (z0 + (0.278868 * z3))) / -2.48923),pca,0.6590592270622698,anchor cloud,8,arithmetic_exp_log,pca,orbit_mean,kfold_5,log_ssfr,"expressions are in standardised PCA coordinates of the quotiented cloud; a PCA basis is arbitrary up to rotation, so a term is not a named physical direction"
redshift,redshift,0,symbolic,24.0,4,3,0.5851813022680831,0.5043235005037823,(((((z5 * 1.56565) + z4) - z2) - (z0 + (z0 + (-0.158224 * (z0 + (z0 + (exp(z5) * z0))))))) / -3.19382),pca,0.6590592270622698,anchor cloud,8,arithmetic_exp_log,pca,orbit_mean,kfold_5,log_ssfr,"expressions are in standardised PCA coordinates of the quotiented cloud; a PCA basis is arbitrary up to rotation, so a term is not a named physical direction"
redshift,redshift,0,symbolic,29.0,4,6,0.5905066550959165,0.5001322797639021,(((((z5 * 1.41836) + z4) - z2) - (z0 + ((((((z5 * 1.93415) + z4) - 1.39082) - (z5 + (0.146559 * z0))) / -4.12307) * z0))) / -2.95267),pca,0.6590592270622698,anchor cloud,8,arithmetic_exp_log,pca,orbit_mean,kfold_5,log_ssfr,"expressions are in standardised PCA coordinates of the quotiented cloud; a PCA basis is arbitrary up to rotation, so a term is not a named physical direction"
redshift,redshift,0,linear_k,,1,2,0.13905456484943712,,ridge on z0..z0,pca,0.6590592270622698,anchor cloud,8,arithmetic_exp_log,pca,orbit_mean,kfold_5,log_ssfr,"expressions are in standardised PCA coordinates of the quotiented cloud; a PCA basis is arbitrary up to rotation, so a term is not a named physical direction"
redshift,redshift,0,linear_k,,2,3,0.14009455625149614,,ridge on z0..z1,pca,0.6590592270622698,anchor cloud,8,arithmetic_exp_log,pca,orbit_mean,kfold_5,log_ssfr,"expressions are in standardised PCA coordinates of the quotiented cloud; a PCA basis is arbitrary up to rotation, so a term is not a named physical direction"
redshift,redshift,0,linear_k,,3,4,0.18585661970515788,,ridge on z0..z2,pca,0.6590592270622698,anchor cloud,8,arithmetic_exp_log,pca,orbit_mean,kfold_5,log_ssfr,"expressions are in standardised PCA coordinates of the quotiented cloud; a PCA basis is arbitrary up to rotation, so a term is not a named physical direction"
redshift,redshift,0,linear_k,,4,5,0.18784266593695842,,ridge on z0..z3,pca,0.6590592270622698,anchor cloud,8,arithmetic_exp_log,pca,orbit_mean,kfold_5,log_ssfr,"expressions are in standardised PCA coordinates of the quotiented cloud; a PCA basis is arbitrary up to rotation, so a term is not a named physical direction"
redshift,redshift,0,linear_k,,5,6,0.39756922279476214,,ridge on z0..z4,pca,0.6590592270622698,anchor cloud,8,arithmetic_exp_log,pca,orbit_mean,kfold_5,log_ssfr,"expressions are in standardised PCA coordinates of the quotiented cloud; a PCA basis is arbitrary up to rotation, so a term is not a named physical direction"
redshift,redshift,0,linear_k,,6,7,0.6024832291433494,,ridge on z0..z5,pca,0.6590592270622698,anchor cloud,8,arithmetic_exp_log,pca,orbit_mean,kfold_5,log_ssfr,"expressions are in standardised PCA coordinates of the quotiented cloud; a PCA basis is arbitrary up to rotation, so a term is not a named physical direction"
redshift,redshift,0,linear_k,,7,8,0.6015610129221802,,ridge on z0..z6,pca,0.6590592270622698,anchor cloud,8,arithmetic_exp_log,pca,orbit_mean,kfold_5,log_ssfr,"expressions are in standardised PCA coordinates of the quotiented cloud; a PCA basis is arbitrary up to rotation, so a term is not a named physical direction"
redshift,redshift,0,linear_k,,8,9,0.602014460921479,,ridge on z0..z7,pca,0.6590592270622698,anchor cloud,8,arithmetic_exp_log,pca,orbit_mean,kfold_5,log_ssfr,"expressions are in standardised PCA coordinates of the quotiented cloud; a PCA basis is arbitrary up to rotation, so a term is not a named physical direction"
redshift,redshift,0,linear_all,,1024,1025,0.8323670850827448,,ridge on the full conditioned embedding,pca,0.6590592270622698,anchor cloud,8,arithmetic_exp_log,pca,orbit_mean,kfold_5,log_ssfr,"expressions are in standardised PCA coordinates of the quotiented cloud; a PCA basis is arbitrary up to rotation, so a term is not a named physical direction"
redshift,redshift,1,symbolic,1.0,0,1,-0.00019800376745271464,0.8209011582540473,-2.42861e-17,pca,0.6590592270622698,anchor cloud,8,arithmetic_exp_log,pca,orbit_mean,kfold_5,log_ssfr,"expressions are in standardised PCA coordinates of the quotiented cloud; a PCA basis is arbitrary up to rotation, so a term is not a named physical direction"
redshift,redshift,1,symbolic,3.0,1,1,0.19747444881272902,0.691066167561632,(z5 * -0.448142),pca,0.6590592270622698,anchor cloud,8,arithmetic_exp_log,pca,orbit_mean,kfold_5,log_ssfr,"expressions are in standardised PCA coordinates of the quotiented cloud; a PCA basis is arbitrary up to rotation, so a term is not a named physical direction"
redshift,redshift,1,symbolic,6.0,2,1,0.3936487785404714,0.6024398835695571,(exp(-0.821664) * (z0 - z5)),pca,0.6590592270622698,anchor cloud,8,arithmetic_exp_log,pca,orbit_mean,kfold_5,log_ssfr,"expressions are in standardised PCA coordinates of the quotiented cloud; a PCA basis is arbitrary up to rotation, so a term is not a named physical direction"
redshift,redshift,1,symbolic,7.0,3,1,0.5176251675610023,0.5331979725529609,(0.40985 * ((z0 - z5) - z4)),pca,0.6590592270622698,anchor cloud,8,arithmetic_exp_log,pca,orbit_mean,kfold_5,log_ssfr,"expressions are in standardised PCA coordinates of the quotiented cloud; a PCA basis is arbitrary up to rotation, so a term is not a named physical direction"
redshift,redshift,1,symbolic,8.0,3,1,0.5176251675580248,0.5331979725602558,(exp(-0.891965) * ((z0 - z5) - z4)),pca,0.6590592270622698,anchor cloud,8,arithmetic_exp_log,pca,orbit_mean,kfold_5,log_ssfr,"expressions are in standardised PCA coordinates of the quotiented cloud; a PCA basis is arbitrary up to rotation, so a term is not a named physical direction"
redshift,redshift,1,symbolic,10.0,3,2,0.5176251675544179,0.5331979725650997,(exp(-0.891965) * (((z0 - 2.29518e-10) - z5) - z4)),pca,0.6590592270622698,anchor cloud,8,arithmetic_exp_log,pca,orbit_mean,kfold_5,log_ssfr,"expressions are in standardised PCA coordinates of the quotiented cloud; a PCA basis is arbitrary up to rotation, so a term is not a named physical direction"
redshift,redshift,1,symbolic,12.0,4,2,0.5342302971204798,0.5220741255123741,(exp(-0.896696) * (((z0 - z5) - (z3 * -0.329955)) - z4)),pca,0.6590592270622698,anchor cloud,8,arithmetic_exp_log,pca,orbit_mean,kfold_5,log_ssfr,"expressions are in standardised PCA coordinates of the quotiented cloud; a PCA basis is arbitrary up to rotation, so a term is not a named physical direction"
redshift,redshift,1,symbolic,13.0,4,2,0.5359401755853899,0.5228864905271416,(exp(-0.866257) * (((z0 - z5) - (exp(-1.19532) * z1)) - z4)),pca,0.6590592270622698,anchor cloud,8,arithmetic_exp_log,pca,orbit_mean,kfold_5,log_ssfr,"expressions are in standardised PCA coordinates of the quotiented cloud; a PCA basis is arbitrary up to rotation, so a term is not a named physical direction"
redshift,redshift,1,symbolic,14.0,3,2,0.5443187167796266,0.514776148224493,(exp(-0.906683) * (((z0 - ((z4 / -3.18634) * z5)) - z5) - z4)),pca,0.6590592270622698,anchor cloud,8,arithmetic_exp_log,pca,orbit_mean,kfold_5,log_ssfr,"expressions are in standardised PCA coordinates of the quotiented cloud; a PCA basis is arbitrary up to rotation, so a term is not a named physical direction"
redshift,redshift,1,symbolic,15.0,5,2,0.5912317848807449,0.48934273879106993,(exp(-0.844226) * (((z0 - z5) - (exp(-0.933691) * (z1 - z2))) - z4)),pca,0.6590592270622698,anchor cloud,8,arithmetic_exp_log,pca,orbit_mean,kfold_5,log_ssfr,"expressions are in standardised PCA coordinates of the quotiented cloud; a PCA basis is arbitrary up to rotation, so a term is not a named physical direction"
redshift,redshift,1,symbolic,17.0,5,3,0.5987788160324008,0.48313177875353375,(exp(-0.875662) * (((z0 - z5) - (exp(-0.562421) * ((-0.440927 * z3) - z2))) - z4)),pca,0.6590592270622698,anchor cloud,8,arithmetic_exp_log,pca,orbit_mean,kfold_5,log_ssfr,"expressions are in standardised PCA coordinates of the quotiented cloud; a PCA basis is arbitrary up to rotation, so a term is not a named physical direction"
redshift,redshift,1,symbolic,19.0,4,2,0.6068507583821121,0.47593631985259877,(exp(-0.845977) * (((z0 - z5) - (exp(-1.02666) * (((z0 - z5) * z4) - z2))) - z4)),pca,0.6590592270622698,anchor cloud,8,arithmetic_exp_log,pca,orbit_mean,kfold_5,log_ssfr,"expressions are in standardised PCA coordinates of the quotiented cloud; a PCA basis is arbitrary up to rotation, so a term is not a named physical direction"
redshift,redshift,1,symbolic,20.0,5,3,0.607429373340199,0.48134949192726384,(exp(-0.873806) * (((z0 - z5) - (exp(-0.590926) * (((exp(z0) * z3) * -0.538793) - z2))) - z4)),pca,0.6590592270622698,anchor cloud,8,arithmetic_exp_log,pca,orbit_mean,kfold_5,log_ssfr,"expressions are in standardised PCA coordinates of the quotiented cloud; a PCA basis is arbitrary up to rotation, so a term is not a named physical direction"
redshift,redshift,1,symbolic,22.0,4,3,0.6170064864807986,0.4698886446231499,(exp(-0.84974) * (((z0 - z5) - (exp(-0.602548) * (((exp(-0.79925) * (z0 - z5)) * z4) - z2))) - z4)),pca,0.6590592270622698,anchor cloud,8,arithmetic_exp_log,pca,orbit_mean,kfold_5,log_ssfr,"expressions are in standardised PCA coordinates of the quotiented cloud; a PCA basis is arbitrary up to rotation, so a term is not a named physical direction"
redshift,redshift,1,symbolic,28.0,4,4,0.6171101627460472,0.4725433118735178,(exp(-1.01924) * (((z0 - z5) - (exp(-0.44911) * ((exp(-0.81985) * ((((z0 - z5) * z4) - -0.0448843) - (z0 - z5))) - z2))) - z4)),pca,0.6590592270622698,anchor cloud,8,arithmetic_exp_log,pca,orbit_mean,kfold_5,log_ssfr,"expressions are in standardised PCA coordinates of the quotiented cloud; a PCA basis is arbitrary up to rotation, so a term is not a named physical direction"
redshift,redshift,1,linear_k,,1,2,0.19455311822961596,,ridge on z0..z0,pca,0.6590592270622698,anchor cloud,8,arithmetic_exp_log,pca,orbit_mean,kfold_5,log_ssfr,"expressions are in standardised PCA coordinates of the quotiented cloud; a PCA basis is arbitrary up to rotation, so a term is not a named physical direction"
redshift,redshift,1,linear_k,,2,3,0.19574059965471602,,ridge on z0..z1,pca,0.6590592270622698,anchor cloud,8,arithmetic_exp_log,pca,orbit_mean,kfold_5,log_ssfr,"expressions are in standardised PCA coordinates of the quotiented cloud; a PCA basis is arbitrary up to rotation, so a term is not a named physical direction"
redshift,redshift,1,linear_k,,3,4,0.2359867718492068,,ridge on z0..z2,pca,0.6590592270622698,anchor cloud,8,arithmetic_exp_log,pca,orbit_mean,kfold_5,log_ssfr,"expressions are in standardised PCA coordinates of the quotiented cloud; a PCA basis is arbitrary up to rotation, so a term is not a named physical direction"
redshift,redshift,1,linear_k,,4,5,0.23732879174014754,,ridge on z0..z3,pca,0.6590592270622698,anchor cloud,8,arithmetic_exp_log,pca,orbit_mean,kfold_5,log_ssfr,"expressions are in standardised PCA coordinates of the quotiented cloud; a PCA basis is arbitrary up to rotation, so a term is not a named physical direction"
redshift,redshift,1,linear_k,,5,6,0.39908877643796803,,ridge on z0..z4,pca,0.6590592270622698,anchor cloud,8,arithmetic_exp_log,pca,orbit_mean,kfold_5,log_ssfr,"expressions are in standardised PCA coordinates of the quotiented cloud; a PCA basis is arbitrary up to rotation, so a term is not a named physical direction"
redshift,redshift,1,linear_k,,6,7,0.6087157626081692,,ridge on z0..z5,pca,0.6590592270622698,anchor cloud,8,arithmetic_exp_log,pca,orbit_mean,kfold_5,log_ssfr,"expressions are in standardised PCA coordinates of the quotiented cloud; a PCA basis is arbitrary up to rotation, so a term is not a named physical direction"
redshift,redshift,1,linear_k,,7,8,0.6095848213171287,,ridge on z0..z6,pca,0.6590592270622698,anchor cloud,8,arithmetic_exp_log,pca,orbit_mean,kfold_5,log_ssfr,"expressions are in standardised PCA coordinates of the quotiented cloud; a PCA basis is arbitrary up to rotation, so a term is not a named physical direction"
redshift,redshift,1,linear_k,,8,9,0.6085100297472668,,ridge on z0..z7,pca,0.6590592270622698,anchor cloud,8,arithmetic_exp_log,pca,orbit_mean,kfold_5,log_ssfr,"expressions are in standardised PCA coordinates of the quotiented cloud; a PCA basis is arbitrary up to rotation, so a term is not a named physical direction"
redshift,redshift,1,linear_all,,1024,1025,0.8071334853407016,,ridge on the full conditioned embedding,pca,0.6590592270622698,anchor cloud,8,arithmetic_exp_log,pca,orbit_mean,kfold_5,log_ssfr,"expressions are in standardised PCA coordinates of the quotiented cloud; a PCA basis is arbitrary up to rotation, so a term is not a named physical direction"
redshift,redshift,2,symbolic,1.0,0,1,-0.00041043606087809437,0.813554762308792,0,pca,0.6590592270622698,anchor cloud,8,arithmetic_exp_log,pca,orbit_mean,kfold_5,log_ssfr,"expressions are in standardised PCA coordinates of the quotiented cloud; a PCA basis is arbitrary up to rotation, so a term is not a named physical direction"
redshift,redshift,2,symbolic,3.0,1,1,0.1765028306120976,0.6931543500898526,(z5 / -2.20351),pca,0.6590592270622698,anchor cloud,8,arithmetic_exp_log,pca,orbit_mean,kfold_5,log_ssfr,"expressions are in standardised PCA coordinates of the quotiented cloud; a PCA basis is arbitrary up to rotation, so a term is not a named physical direction"
redshift,redshift,2,symbolic,5.0,2,1,0.3545917497103105,0.612815829416515,((z0 - z5) / 2.25877),pca,0.6590592270622698,anchor cloud,8,arithmetic_exp_log,pca,orbit_mean,kfold_5,log_ssfr,"expressions are in standardised PCA coordinates of the quotiented cloud; a PCA basis is arbitrary up to rotation, so a term is not a named physical direction"
redshift,redshift,2,symbolic,7.0,3,1,0.4798991159196635,0.5462624709203902,(0.411814 * ((z0 - z5) - z4)),pca,0.6590592270622698,anchor cloud,8,arithmetic_exp_log,pca,orbit_mean,kfold_5,log_ssfr,"expressions are in standardised PCA coordinates of the quotiented cloud; a PCA basis is arbitrary up to rotation, so a term is not a named physical direction"
redshift,redshift,2,symbolic,9.0,3,2,0.4798991159184952,0.5462624709235949,(0.411814 * (((z0 - z5) - z4) - -6.50868e-11)),pca,0.6590592270622698,anchor cloud,8,arithmetic_exp_log,pca,orbit_mean,kfold_5,log_ssfr,"expressions are in standardised PCA coordinates of the quotiented cloud; a PCA basis is arbitrary up to rotation, so a term is not a named physical direction"
redshift,redshift,2,symbolic,11.0,4,2,0.532869137308672,0.5203719905232803,(0.381172 * ((z2 + ((-6.89621e-10 - z4) + z0)) - z5)),pca,0.6590592270622698,anchor cloud,8,arithmetic_exp_log,pca,orbit_mean,kfold_5,log_ssfr,"expressions are in standardised PCA coordinates of the quotiented cloud; a PCA basis is arbitrary up to rotation, so a term is not a named physical direction"
redshift,redshift,2,symbolic,13.0,4,3,0.5328691373036463,0.5203719905569323,(0.381172 * (((z2 + ((-41580.8 - z4) + z0)) + 41580.8) - z5)),pca,0.6590592270622698,anchor cloud,8,arithmetic_exp_log,pca,orbit_mean,kfold_5,log_ssfr,"expressions are in standardised PCA coordinates of the quotiented cloud; a PCA basis is arbitrary up to rotation, so a term is not a named physical direction"
redshift,redshift,2,symbolic,14.0,4,2,0.538775213085799,0.5158498326389092,(0.358652 * ((z2 - z4) + ((z5 * log(0.793193)) + (z0 - z5)))),pca,0.6590592270622698,anchor cloud,8,arithmetic_exp_log,pca,orbit_mean,kfold_5,log_ssfr,"expressions are in standardised PCA coordinates of the quotiented cloud; a PCA basis is arbitrary up to rotation, so a term is not a named physical direction"
redshift,redshift,2,symbolic,15.0,4,1,0.5475302000183522,0.5060999285624667,(0.212924 * ((z2 + (z0 - z5)) + (((z0 - z5) - z4) - z4))),pca,0.6590592270622698,anchor cloud,8,arithmetic_exp_log,pca,orbit_mean,kfold_5,log_ssfr,"expressions are in standardised PCA coordinates of the quotiented cloud; a PCA basis is arbitrary up to rotation, so a term is not a named physical direction"
redshift,redshift,2,symbolic,17.0,4,2,0.5475302000203363,0.5060999285271329,(0.212924 * ((z2 + ((-1.43798e-09 - z5) + z0)) + (((z0 - z5) - z4) - z4))),pca,0.6590592270622698,anchor cloud,8,arithmetic_exp_log,pca,orbit_mean,kfold_5,log_ssfr,"expressions are in standardised PCA coordinates of the quotiented cloud; a PCA basis is arbitrary up to rotation, so a term is not a named physical direction"
redshift,redshift,2,symbolic,19.0,5,2,0.55996963373384,0.4972571836118278,(0.21117 * ((z2 + (((z3 * 0.504269) - z5) + z0)) + (((z0 - z5) - z4) - z4))),pca,0.6590592270622698,anchor cloud,8,arithmetic_exp_log,pca,orbit_mean,kfold_5,log_ssfr,"expressions are in standardised PCA coordinates of the quotiented cloud; a PCA basis is arbitrary up to rotation, so a term is not a named physical direction"
redshift,redshift,2,symbolic,21.0,5,3,0.5599373644695844,0.4970300533571683,(0.209372 * ((z2 + (((1.02656 * (((z3 * 0.501334) - z4) - z5)) - z5) + z0)) + (z0 - z4))),pca,0.6590592270622698,anchor cloud,8,arithmetic_exp_log,pca,orbit_mean,kfold_5,log_ssfr,"expressions are in standardised PCA coordinates of the quotiented cloud; a PCA basis is arbitrary up to rotation, so a term is not a named physical direction"
redshift,redshift,2,symbolic,23.0,5,3,0.5616242196665984,0.4972068662583714,(0.209382 * ((z2 + (((z2 * 0.142202) - z5) + z0)) + (((((z3 * 0.493998) - z5) + z0) - z4) - z4))),pca,0.6590592270622698,anchor cloud,8,arithmetic_exp_log,pca,orbit_mean,kfold_5,log_ssfr,"expressions are in standardised PCA coordinates of the quotiented cloud; a PCA basis is arbitrary up to rotation, so a term is not a named physical direction"
redshift,redshift,2,symbolic,29.0,4,3,0.5594336223834988,0.4979415300951017,(0.198695 * ((z2 + ((((z2 + (((z0 * (-0.833534 - z5)) - z5) + z0)) * 0.351091) - z5) + z0)) + (((z0 - z5) - z4) - z4))),pca,0.6590592270622698,anchor cloud,8,arithmetic_exp_log,pca,orbit_mean,kfold_5,log_ssfr,"expressions are in standardised PCA coordinates of the quotiented cloud; a PCA basis is arbitrary up to rotation, so a term is not a named physical direction"
redshift,redshift,2,linear_k,,1,2,0.16075142217534022,,ridge on z0..z0,pca,0.6590592270622698,anchor cloud,8,arithmetic_exp_log,pca,orbit_mean,kfold_5,log_ssfr,"expressions are in standardised PCA coordinates of the quotiented cloud; a PCA basis is arbitrary up to rotation, so a term is not a named physical direction"
redshift,redshift,2,linear_k,,2,3,0.16256737474694227,,ridge on z0..z1,pca,0.6590592270622698,anchor cloud,8,arithmetic_exp_log,pca,orbit_mean,kfold_5,log_ssfr,"expressions are in standardised PCA coordinates of the quotiented cloud; a PCA basis is arbitrary up to rotation, so a term is not a named physical direction"
redshift,redshift,2,linear_k,,3,4,0.20202347225129158,,ridge on z0..z2,pca,0.6590592270622698,anchor cloud,8,arithmetic_exp_log,pca,orbit_mean,kfold_5,log_ssfr,"expressions are in standardised PCA coordinates of the quotiented cloud; a PCA basis is arbitrary up to rotation, so a term is not a named physical direction"
redshift,redshift,2,linear_k,,4,5,0.20399530502812013,,ridge on z0..z3,pca,0.6590592270622698,anchor cloud,8,arithmetic_exp_log,pca,orbit_mean,kfold_5,log_ssfr,"expressions are in standardised PCA coordinates of the quotiented cloud; a PCA basis is arbitrary up to rotation, so a term is not a named physical direction"
redshift,redshift,2,linear_k,,5,6,0.3619174570947742,,ridge on z0..z4,pca,0.6590592270622698,anchor cloud,8,arithmetic_exp_log,pca,orbit_mean,kfold_5,log_ssfr,"expressions are in standardised PCA coordinates of the quotiented cloud; a PCA basis is arbitrary up to rotation, so a term is not a named physical direction"
redshift,redshift,2,linear_k,,6,7,0.572249314569926,,ridge on z0..z5,pca,0.6590592270622698,anchor cloud,8,arithmetic_exp_log,pca,orbit_mean,kfold_5,log_ssfr,"expressions are in standardised PCA coordinates of the quotiented cloud; a PCA basis is arbitrary up to rotation, so a term is not a named physical direction"
redshift,redshift,2,linear_k,,7,8,0.5730693868886734,,ridge on z0..z6,pca,0.6590592270622698,anchor cloud,8,arithmetic_exp_log,pca,orbit_mean,kfold_5,log_ssfr,"expressions are in standardised PCA coordinates of the quotiented cloud; a PCA basis is arbitrary up to rotation, so a term is not a named physical direction"
redshift,redshift,2,linear_k,,8,9,0.5749744770554608,,ridge on z0..z7,pca,0.6590592270622698,anchor cloud,8,arithmetic_exp_log,pca,orbit_mean,kfold_5,log_ssfr,"expressions are in standardised PCA coordinates of the quotiented cloud; a PCA basis is arbitrary up to rotation, so a term is not a named physical direction"
redshift,redshift,2,linear_all,,1024,1025,0.8031430609003741,,ridge on the full conditioned embedding,pca,0.6590592270622698,anchor cloud,8,arithmetic_exp_log,pca,orbit_mean,kfold_5,log_ssfr,"expressions are in standardised PCA coordinates of the quotiented cloud; a PCA basis is arbitrary up to rotation, so a term is not a named physical direction"
redshift,redshift,3,symbolic,1.0,0,1,-0.0010842772160137848,0.8012025123144884,-7.28584e-17,pca,0.6590592270622698,anchor cloud,8,arithmetic_exp_log,pca,orbit_mean,kfold_5,log_ssfr,"expressions are in standardised PCA coordinates of the quotiented cloud; a PCA basis is arbitrary up to rotation, so a term is not a named physical direction"
redshift,redshift,3,symbolic,3.0,1,1,0.20839844209116043,0.6740174487779621,(z5 * -0.445059),pca,0.6590592270622698,anchor cloud,8,arithmetic_exp_log,pca,orbit_mean,kfold_5,log_ssfr,"expressions are in standardised PCA coordinates of the quotiented cloud; a PCA basis is arbitrary up to rotation, so a term is not a named physical direction"
redshift,redshift,3,symbolic,5.0,2,1,0.3649948849167023,0.6044709304458007,(-0.442413 * (z5 - z0)),pca,0.6590592270622698,anchor cloud,8,arithmetic_exp_log,pca,orbit_mean,kfold_5,log_ssfr,"expressions are in standardised PCA coordinates of the quotiented cloud; a PCA basis is arbitrary up to rotation, so a term is not a named physical direction"
redshift,redshift,3,symbolic,7.0,3,1,0.3960931600590444,0.5525101721056997,((z5 - (z3 - z4)) / -2.85922),pca,0.6590592270622698,anchor cloud,8,arithmetic_exp_log,pca,orbit_mean,kfold_5,log_ssfr,"expressions are in standardised PCA coordinates of the quotiented cloud; a PCA basis is arbitrary up to rotation, so a term is not a named physical direction"
redshift,redshift,3,symbolic,9.0,3,2,0.4904087690274129,0.5397377623078664,(-0.434104 * ((z5 - z0) - (z4 * -0.853289))),pca,0.6590592270622698,anchor cloud,8,arithmetic_exp_log,pca,orbit_mean,kfold_5,log_ssfr,"expressions are in standardised PCA coordinates of the quotiented cloud; a PCA basis is arbitrary up to rotation, so a term is not a named physical direction"
redshift,redshift,3,symbolic,11.0,4,2,0.5308516816111688,0.5178807913674685,(((z5 - (-1.19754 * (z4 - z0))) - z2) / -2.86529),pca,0.6590592270622698,anchor cloud,8,arithmetic_exp_log,pca,orbit_mean,kfold_5,log_ssfr,"expressions are in standardised PCA coordinates of the quotiented cloud; a PCA basis is arbitrary up to rotation, so a term is not a named physical direction"
redshift,redshift,3,symbolic,13.0,5,2,0.5377805600721286,0.5153086762176707,((((z5 - ((z3 * 0.217955) - z4)) - z2) - z0) / -2.63136),pca,0.6590592270622698,anchor cloud,8,arithmetic_exp_log,pca,orbit_mean,kfold_5,log_ssfr,"expressions are in standardised PCA coordinates of the quotiented cloud; a PCA basis is arbitrary up to rotation, so a term is not a named physical direction"
redshift,redshift,3,symbolic,17.0,4,4,0.5505405940288122,0.5072685822292974,(((((z5 - (-1.62316 * (z4 - z0))) - -1.20797e-09) - (-0.747503 * z5)) - z2) / -3.93996),pca,0.6590592270622698,anchor cloud,8,arithmetic_exp_log,pca,orbit_mean,kfold_5,log_ssfr,"expressions are in standardised PCA coordinates of the quotiented cloud; a PCA basis is arbitrary up to rotation, so a term is not a named physical direction"
redshift,redshift,3,symbolic,19.0,5,3,0.566112024475267,0.4973372832000005,(((((z5 - z0) - (z4 * -0.677035)) - (-0.324151 * (z2 - (z3 - z4)))) - z2) / -2.44755),pca,0.6590592270622698,anchor cloud,8,arithmetic_exp_log,pca,orbit_mean,kfold_5,log_ssfr,"expressions are in standardised PCA coordinates of the quotiented cloud; a PCA basis is arbitrary up to rotation, so a term is not a named physical direction"
redshift,redshift,3,symbolic,23.0,5,4,0.5686140803072031,0.49612154633448197,(((((z5 - ((z3 * 0.415427) - z4)) - z2) - z0) - (-0.859235 * (z5 - (-0.796116 * (z4 - z0))))) / -4.14354),pca,0.6590592270622698,anchor cloud,8,arithmetic_exp_log,pca,orbit_mean,kfold_5,log_ssfr,"expressions are in standardised PCA coordinates of the quotiented cloud; a PCA basis is arbitrary up to rotation, so a term is not a named physical direction"
redshift,redshift,3,symbolic,29.0,6,5,0.5793512360944415,0.4915066665611769,((((((z5 - z0) - (z4 * -1.0032)) - (-0.278453 * (z2 - (z3 - z4)))) - (-0.353239 * ((z5 - z0) - (z1 * -0.773595)))) - z2) / -3.10915),pca,0.6590592270622698,anchor cloud,8,arithmetic_exp_log,pca,orbit_mean,kfold_5,log_ssfr,"expressions are in standardised PCA coordinates of the quotiented cloud; a PCA basis is arbitrary up to rotation, so a term is not a named physical direction"
redshift,redshift,3,linear_k,,1,2,0.14846435153850757,,ridge on z0..z0,pca,0.6590592270622698,anchor cloud,8,arithmetic_exp_log,pca,orbit_mean,kfold_5,log_ssfr,"expressions are in standardised PCA coordinates of the quotiented cloud; a PCA basis is arbitrary up to rotation, so a term is not a named physical direction"
redshift,redshift,3,linear_k,,2,3,0.15001853400598675,,ridge on z0..z1,pca,0.6590592270622698,anchor cloud,8,arithmetic_exp_log,pca,orbit_mean,kfold_5,log_ssfr,"expressions are in standardised PCA coordinates of the quotiented cloud; a PCA basis is arbitrary up to rotation, so a term is not a named physical direction"
redshift,redshift,3,linear_k,,3,4,0.1983030690016916,,ridge on z0..z2,pca,0.6590592270622698,anchor cloud,8,arithmetic_exp_log,pca,orbit_mean,kfold_5,log_ssfr,"expressions are in standardised PCA coordinates of the quotiented cloud; a PCA basis is arbitrary up to rotation, so a term is not a named physical direction"
redshift,redshift,3,linear_k,,4,5,0.19990317061254947,,ridge on z0..z3,pca,0.6590592270622698,anchor cloud,8,arithmetic_exp_log,pca,orbit_mean,kfold_5,log_ssfr,"expressions are in standardised PCA coordinates of the quotiented cloud; a PCA basis is arbitrary up to rotation, so a term is not a named physical direction"
redshift,redshift,3,linear_k,,5,6,0.3666026827862515,,ridge on z0..z4,pca,0.6590592270622698,anchor cloud,8,arithmetic_exp_log,pca,orbit_mean,kfold_5,log_ssfr,"expressions are in standardised PCA coordinates of the quotiented cloud; a PCA basis is arbitrary up to rotation, so a term is not a named physical direction"
redshift,redshift,3,linear_k,,6,7,0.5810997989324744,,ridge on z0..z5,pca,0.6590592270622698,anchor cloud,8,arithmetic_exp_log,pca,orbit_mean,kfold_5,log_ssfr,"expressions are in standardised PCA coordinates of the quotiented cloud; a PCA basis is arbitrary up to rotation, so a term is not a named physical direction"
redshift,redshift,3,linear_k,,7,8,0.5819491193513484,,ridge on z0..z6,pca,0.6590592270622698,anchor cloud,8,arithmetic_exp_log,pca,orbit_mean,kfold_5,log_ssfr,"expressions are in standardised PCA coordinates of the quotiented cloud; a PCA basis is arbitrary up to rotation, so a term is not a named physical direction"
redshift,redshift,3,linear_k,,8,9,0.5850498895791612,,ridge on z0..z7,pca,0.6590592270622698,anchor cloud,8,arithmetic_exp_log,pca,orbit_mean,kfold_5,log_ssfr,"expressions are in standardised PCA coordinates of the quotiented cloud; a PCA basis is arbitrary up to rotation, so a term is not a named physical direction"
redshift,redshift,3,linear_all,,1024,1025,0.813084621125723,,ridge on the full conditioned embedding,pca,0.6590592270622698,anchor cloud,8,arithmetic_exp_log,pca,orbit_mean,kfold_5,log_ssfr,"expressions are in standardised PCA coordinates of the quotiented cloud; a PCA basis is arbitrary up to rotation, so a term is not a named physical direction"
redshift,redshift,4,symbolic,1.0,0,1,-0.0005118664865433331,0.8264774091346343,-1.73472e-16,pca,0.6590592270622698,anchor cloud,8,arithmetic_exp_log,pca,orbit_mean,kfold_5,log_ssfr,"expressions are in standardised PCA coordinates of the quotiented cloud; a PCA basis is arbitrary up to rotation, so a term is not a named physical direction"
redshift,redshift,4,symbolic,2.0,0,1,-0.0005118675534208084,0.8264774094137617,log(1),pca,0.6590592270622698,anchor cloud,8,arithmetic_exp_log,pca,orbit_mean,kfold_5,log_ssfr,"expressions are in standardised PCA coordinates of the quotiented cloud; a PCA basis is arbitrary up to rotation, so a term is not a named physical direction"
redshift,redshift,4,symbolic,3.0,1,1,0.19473673339119613,0.705229692289911,(z5 / -2.22777),pca,0.6590592270622698,anchor cloud,8,arithmetic_exp_log,pca,orbit_mean,kfold_5,log_ssfr,"expressions are in standardised PCA coordinates of the quotiented cloud; a PCA basis is arbitrary up to rotation, so a term is not a named physical direction"
redshift,redshift,4,symbolic,5.0,2,1,0.383605309187106,0.6147218797923596,((z5 - z0) / -2.28354),pca,0.6590592270622698,anchor cloud,8,arithmetic_exp_log,pca,orbit_mean,kfold_5,log_ssfr,"expressions are in standardised PCA coordinates of the quotiented cloud; a PCA basis is arbitrary up to rotation, so a term is not a named physical direction"
redshift,redshift,4,symbolic,7.0,3,1,0.5195461306223329,0.537986136558631,((z5 - (z0 - z4)) / -2.44929),pca,0.6590592270622698,anchor cloud,8,arithmetic_exp_log,pca,orbit_mean,kfold_5,log_ssfr,"expressions are in standardised PCA coordinates of the quotiented cloud; a PCA basis is arbitrary up to rotation, so a term is not a named physical direction"
redshift,redshift,4,symbolic,9.0,4,1,0.5576070372928903,0.5198008020005669,(((z5 - z2) - (z0 - z4)) / -2.61369),pca,0.6590592270622698,anchor cloud,8,arithmetic_exp_log,pca,orbit_mean,kfold_5,log_ssfr,"expressions are in standardised PCA coordinates of the quotiented cloud; a PCA basis is arbitrary up to rotation, so a term is not a named physical direction"
redshift,redshift,4,symbolic,10.0,4,1,0.5576070373230297,0.519800801809812,(log(1.46609) * ((z0 - z4) - (z5 - z2))),pca,0.6590592270622698,anchor cloud,8,arithmetic_exp_log,pca,orbit_mean,kfold_5,log_ssfr,"expressions are in standardised PCA coordinates of the quotiented cloud; a PCA basis is arbitrary up to rotation, so a term is not a named physical direction"
redshift,redshift,4,symbolic,11.0,4,2,0.5576070372572017,0.5198008026334544,((1.34156e-08 - ((z5 - (z0 - z4)) - z2)) / 2.61369),pca,0.6590592270622698,anchor cloud,8,arithmetic_exp_log,pca,orbit_mean,kfold_5,log_ssfr,"expressions are in standardised PCA coordinates of the quotiented cloud; a PCA basis is arbitrary up to rotation, so a term is not a named physical direction"
redshift,redshift,4,symbolic,15.0,4,2,0.5706756078493398,0.511645894299683,((((z5 - z0) / -2.89352) - ((z5 - (z0 - z4)) - z2)) / 3.08461),pca,0.6590592270622698,anchor cloud,8,arithmetic_exp_log,pca,orbit_mean,kfold_5,log_ssfr,"expressions are in standardised PCA coordinates of the quotiented cloud; a PCA basis is arbitrary up to rotation, so a term is not a named physical direction"
redshift,redshift,4,symbolic,17.0,4,2,0.5797527364993431,0.5024821685780574,((((z5 - (z0 - z4)) / -1.56903) - ((z5 - (z0 - z4)) - z2)) / 3.89708),pca,0.6590592270622698,anchor cloud,8,arithmetic_exp_log,pca,orbit_mean,kfold_5,log_ssfr,"expressions are in standardised PCA coordinates of the quotiented cloud; a PCA basis is arbitrary up to rotation, so a term is not a named physical direction"
redshift,redshift,4,symbolic,19.0,4,2,0.583296968388562,0.5026596100722058,((((z5 - (z0 - z4)) / (z0 - 2.34564)) - ((z5 - (z0 - z4)) - z2)) / 3.35224),pca,0.6590592270622698,anchor cloud,8,arithmetic_exp_log,pca,orbit_mean,kfold_5,log_ssfr,"expressions are in standardised PCA coordinates of the quotiented cloud; a PCA basis is arbitrary up to rotation, so a term is not a named physical direction"
redshift,redshift,4,symbolic,21.0,5,3,0.5903292070121724,0.5002309365157257,((((z5 - z3) / ((z0 - z4) - 3.35907)) - ((z5 - (z0 - z4)) - z2)) / (-3.46628 / -1.21784)),pca,0.6590592270622698,anchor cloud,8,arithmetic_exp_log,pca,orbit_mean,kfold_5,log_ssfr,"expressions are in standardised PCA coordinates of the quotiented cloud; a PCA basis is arbitrary up to rotation, so a term is not a named physical direction"
redshift,redshift,4,symbolic,25.0,6,3,0.5846185189818652,0.5051840362406659,((((z1 - (z0 - (z5 - z3))) / ((z0 - z4) - 3.8071)) - ((z5 - (z0 - z4)) - z2)) / (-70.0267 / -23.7641)),pca,0.6590592270622698,anchor cloud,8,arithmetic_exp_log,pca,orbit_mean,kfold_5,log_ssfr,"expressions are in standardised PCA coordinates of the quotiented cloud; a PCA basis is arbitrary up to rotation, so a term is not a named physical direction"
redshift,redshift,4,linear_k,,1,2,0.17019811989892497,,ridge on z0..z0,pca,0.6590592270622698,anchor cloud,8,arithmetic_exp_log,pca,orbit_mean,kfold_5,log_ssfr,"expressions are in standardised PCA coordinates of the quotiented cloud; a PCA basis is arbitrary up to rotation, so a term is not a named physical direction"
redshift,redshift,4,linear_k,,2,3,0.17052868813002509,,ridge on z0..z1,pca,0.6590592270622698,anchor cloud,8,arithmetic_exp_log,pca,orbit_mean,kfold_5,log_ssfr,"expressions are in standardised PCA coordinates of the quotiented cloud; a PCA basis is arbitrary up to rotation, so a term is not a named physical direction"
redshift,redshift,4,linear_k,,3,4,0.22234158967365536,,ridge on z0..z2,pca,0.6590592270622698,anchor cloud,8,arithmetic_exp_log,pca,orbit_mean,kfold_5,log_ssfr,"expressions are in standardised PCA coordinates of the quotiented cloud; a PCA basis is arbitrary up to rotation, so a term is not a named physical direction"
redshift,redshift,4,linear_k,,4,5,0.22410273076056664,,ridge on z0..z3,pca,0.6590592270622698,anchor cloud,8,arithmetic_exp_log,pca,orbit_mean,kfold_5,log_ssfr,"expressions are in standardised PCA coordinates of the quotiented cloud; a PCA basis is arbitrary up to rotation, so a term is not a named physical direction"
redshift,redshift,4,linear_k,,5,6,0.3945092499258859,,ridge on z0..z4,pca,0.6590592270622698,anchor cloud,8,arithmetic_exp_log,pca,orbit_mean,kfold_5,log_ssfr,"expressions are in standardised PCA coordinates of the quotiented cloud; a PCA basis is arbitrary up to rotation, so a term is not a named physical direction"
redshift,redshift,4,linear_k,,6,7,0.591680516202252,,ridge on z0..z5,pca,0.6590592270622698,anchor cloud,8,arithmetic_exp_log,pca,orbit_mean,kfold_5,log_ssfr,"expressions are in standardised PCA coordinates of the quotiented cloud; a PCA basis is arbitrary up to rotation, so a term is not a named physical direction"
redshift,redshift,4,linear_k,,7,8,0.5926806965977841,,ridge on z0..z6,pca,0.6590592270622698,anchor cloud,8,arithmetic_exp_log,pca,orbit_mean,kfold_5,log_ssfr,"expressions are in standardised PCA coordinates of the quotiented cloud; a PCA basis is arbitrary up to rotation, so a term is not a named physical direction"
redshift,redshift,4,linear_k,,8,9,0.5935118803575156,,ridge on z0..z7,pca,0.6590592270622698,anchor cloud,8,arithmetic_exp_log,pca,orbit_mean,kfold_5,log_ssfr,"expressions are in standardised PCA coordinates of the quotiented cloud; a PCA basis is arbitrary up to rotation, so a term is not a named physical direction"
redshift,redshift,4,linear_all,,1024,1025,0.8127287703663145,,ridge on the full conditioned embedding,pca,0.6590592270622698,anchor cloud,8,arithmetic_exp_log,pca,orbit_mean,kfold_5,log_ssfr,"expressions are in standardised PCA coordinates of the quotiented cloud; a PCA basis is arbitrary up to rotation, so a term is not a named physical direction"
