galaxy,mirror_offorbit_distance,orbit_grid_spacing,reencode_noise,orbit_radius,mirror_over_spacing,mirror_over_noise,mirror_over_radius,nearest_orbit_angle_deg,onorbit_null_ratio,n_galaxies,n_angles,embedding_preprocessing,mirror_over_spacing_median,mirror_over_spacing_mean,reencode_noise_median,orbit_grid_spacing_median,mirror_offorbit_distance_median,frac_within_grid_spacing,onorbit_null_ratio_median,mirror_over_null,interpretation
46,19.95379917824973,14.273593700675633,1.3818836197156362e-05,15.494218561431223,1.397952022223053,1443956.5599855522,1.2878222350573691,180.0,0.7836739291654964,512,16,standardize,0.9473676985260375,0.9701092449872284,1.4551317227842241e-05,12.53537504132379,11.723665953926115,0.634765625,0.9738163173501487,0.9728402386026139,"onorbit_null_ratio is what a point known to be on the orbit scores: the distance from a held-out angle sample to the nearest sample of the interleaved half-grid, in units of that half-grid's spacing. mirror_over_spacing is the same quantity for the mirrored embedding. mirror_over_null near 1 means the mirror is indistinguishable from a genuine orbit point, so reflection is absorbed by rotation and no chirality is encoded; a value well above 1 means the mirror lies off the orbit and the encoder carries handedness. reencode_noise is the pipeline's own floor and is far below both."
51,12.844841887611619,11.65544112946852,1.185433567372033e-05,13.493685740875598,1.102046824734581,1083556.4506653144,0.9519150018961479,0.0,1.2459665275668557,512,16,standardize,0.9473676985260375,0.9701092449872284,1.4551317227842241e-05,12.53537504132379,11.723665953926115,0.634765625,0.9738163173501487,0.9728402386026139,"onorbit_null_ratio is what a point known to be on the orbit scores: the distance from a held-out angle sample to the nearest sample of the interleaved half-grid, in units of that half-grid's spacing. mirror_over_spacing is the same quantity for the mirrored embedding. mirror_over_null near 1 means the mirror is indistinguishable from a genuine orbit point, so reflection is absorbed by rotation and no chirality is encoded; a value well above 1 means the mirror lies off the orbit and the encoder carries handedness. reencode_noise is the pipeline's own floor and is far below both."
59,8.56167690609153,13.911795966013385,1.4716782208020362e-05,14.809111991760844,0.6154257097363824,581762.8327356493,0.5781357390540959,135.0,0.9290065496077438,512,16,standardize,0.9473676985260375,0.9701092449872284,1.4551317227842241e-05,12.53537504132379,11.723665953926115,0.634765625,0.9738163173501487,0.9728402386026139,"onorbit_null_ratio is what a point known to be on the orbit scores: the distance from a held-out angle sample to the nearest sample of the interleaved half-grid, in units of that half-grid's spacing. mirror_over_spacing is the same quantity for the mirrored embedding. mirror_over_null near 1 means the mirror is indistinguishable from a genuine orbit point, so reflection is absorbed by rotation and no chirality is encoded; a value well above 1 means the mirror lies off the orbit and the encoder carries handedness. reencode_noise is the pipeline's own floor and is far below both."
65,11.864968039111146,14.000292754630394,1.186260233338342e-05,19.54926066388515,0.8474799953870236,1000199.4255274889,0.6069266885898253,315.0,1.406537866988512,512,16,standardize,0.9473676985260375,0.9701092449872284,1.4551317227842241e-05,12.53537504132379,11.723665953926115,0.634765625,0.9738163173501487,0.9728402386026139,"onorbit_null_ratio is what a point known to be on the orbit scores: the distance from a held-out angle sample to the nearest sample of the interleaved half-grid, in units of that half-grid's spacing. mirror_over_spacing is the same quantity for the mirrored embedding. mirror_over_null near 1 means the mirror is indistinguishable from a genuine orbit point, so reflection is absorbed by rotation and no chirality is encoded; a value well above 1 means the mirror lies off the orbit and the encoder carries handedness. reencode_noise is the pipeline's own floor and is far below both."
123,10.499398020713182,16.67845406938282,1.1405255251873515e-05,19.383911170155617,0.6295186578465487,920575.4530560349,0.5416552897166877,270.0,1.0549990313819972,512,16,standardize,0.9473676985260375,0.9701092449872284,1.4551317227842241e-05,12.53537504132379,11.723665953926115,0.634765625,0.9738163173501487,0.9728402386026139,"onorbit_null_ratio is what a point known to be on the orbit scores: the distance from a held-out angle sample to the nearest sample of the interleaved half-grid, in units of that half-grid's spacing. mirror_over_spacing is the same quantity for the mirrored embedding. mirror_over_null near 1 means the mirror is indistinguishable from a genuine orbit point, so reflection is absorbed by rotation and no chirality is encoded; a value well above 1 means the mirror lies off the orbit and the encoder carries handedness. reencode_noise is the pipeline's own floor and is far below both."
130,9.117742348721192,9.601609886960716,1.582126762656332e-05,10.308141598662193,0.9496055824037768,576296.5752132807,0.8845185392005585,292.5,0.9939827646128904,512,16,standardize,0.9473676985260375,0.9701092449872284,1.4551317227842241e-05,12.53537504132379,11.723665953926115,0.634765625,0.9738163173501487,0.9728402386026139,"onorbit_null_ratio is what a point known to be on the orbit scores: the distance from a held-out angle sample to the nearest sample of the interleaved half-grid, in units of that half-grid's spacing. mirror_over_spacing is the same quantity for the mirrored embedding. mirror_over_null near 1 means the mirror is indistinguishable from a genuine orbit point, so reflection is absorbed by rotation and no chirality is encoded; a value well above 1 means the mirror lies off the orbit and the encoder carries handedness. reencode_noise is the pipeline's own floor and is far below both."
141,11.899437379924303,13.532532802230547,1.2743095305301452e-05,17.946057748082005,0.8793207859775471,933794.8979298486,0.6630669279550302,157.5,1.0589625075060085,512,16,standardize,0.9473676985260375,0.9701092449872284,1.4551317227842241e-05,12.53537504132379,11.723665953926115,0.634765625,0.9738163173501487,0.9728402386026139,"onorbit_null_ratio is what a point known to be on the orbit scores: the distance from a held-out angle sample to the nearest sample of the interleaved half-grid, in units of that half-grid's spacing. mirror_over_spacing is the same quantity for the mirrored embedding. mirror_over_null near 1 means the mirror is indistinguishable from a genuine orbit point, so reflection is absorbed by rotation and no chirality is encoded; a value well above 1 means the mirror lies off the orbit and the encoder carries handedness. reencode_noise is the pipeline's own floor and is far below both."
157,12.181978992569668,13.26161913720691,1.1024328726119391e-05,22.737726325049685,0.9185891154415531,1105008.68535492,0.5357606481149803,135.0,2.14341989117534,512,16,standardize,0.9473676985260375,0.9701092449872284,1.4551317227842241e-05,12.53537504132379,11.723665953926115,0.634765625,0.9738163173501487,0.9728402386026139,"onorbit_null_ratio is what a point known to be on the orbit scores: the distance from a held-out angle sample to the nearest sample of the interleaved half-grid, in units of that half-grid's spacing. mirror_over_spacing is the same quantity for the mirrored embedding. mirror_over_null near 1 means the mirror is indistinguishable from a genuine orbit point, so reflection is absorbed by rotation and no chirality is encoded; a value well above 1 means the mirror lies off the orbit and the encoder carries handedness. reencode_noise is the pipeline's own floor and is far below both."
196,10.674112393025991,11.180854187651528,1.4592749812053686e-05,14.90071688079836,0.9546777208502372,731466.826369429,0.7163489165263629,0.0,0.9143610147781756,512,16,standardize,0.9473676985260375,0.9701092449872284,1.4551317227842241e-05,12.53537504132379,11.723665953926115,0.634765625,0.9738163173501487,0.9728402386026139,"onorbit_null_ratio is what a point known to be on the orbit scores: the distance from a held-out angle sample to the nearest sample of the interleaved half-grid, in units of that half-grid's spacing. mirror_over_spacing is the same quantity for the mirrored embedding. mirror_over_null near 1 means the mirror is indistinguishable from a genuine orbit point, so reflection is absorbed by rotation and no chirality is encoded; a value well above 1 means the mirror lies off the orbit and the encoder carries handedness. reencode_noise is the pipeline's own floor and is far below both."
202,13.709138830745937,14.44182911341182,1.1170119258562803e-05,18.618736238388372,0.9492661021736194,1227304.607355626,0.7363087727984589,202.5,1.3378196782069738,512,16,standardize,0.9473676985260375,0.9701092449872284,1.4551317227842241e-05,12.53537504132379,11.723665953926115,0.634765625,0.9738163173501487,0.9728402386026139,"onorbit_null_ratio is what a point known to be on the orbit scores: the distance from a held-out angle sample to the nearest sample of the interleaved half-grid, in units of that half-grid's spacing. mirror_over_spacing is the same quantity for the mirrored embedding. mirror_over_null near 1 means the mirror is indistinguishable from a genuine orbit point, so reflection is absorbed by rotation and no chirality is encoded; a value well above 1 means the mirror lies off the orbit and the encoder carries handedness. reencode_noise is the pipeline's own floor and is far below both."
210,11.756427007997779,10.995881794459608,4.573552093721861e-05,16.20884942512705,1.069166368623695,257052.43467404446,0.7253091628930121,157.5,0.9620041628140824,512,16,standardize,0.9473676985260375,0.9701092449872284,1.4551317227842241e-05,12.53537504132379,11.723665953926115,0.634765625,0.9738163173501487,0.9728402386026139,"onorbit_null_ratio is what a point known to be on the orbit scores: the distance from a held-out angle sample to the nearest sample of the interleaved half-grid, in units of that half-grid's spacing. mirror_over_spacing is the same quantity for the mirrored embedding. mirror_over_null near 1 means the mirror is indistinguishable from a genuine orbit point, so reflection is absorbed by rotation and no chirality is encoded; a value well above 1 means the mirror lies off the orbit and the encoder carries handedness. reencode_noise is the pipeline's own floor and is far below both."
243,14.824461160061814,13.026105005434337,1.3387416795618834e-05,15.107935869394318,1.1380578579611653,1107342.9165896492,0.9812367015730609,67.5,0.6743956627802836,512,16,standardize,0.9473676985260375,0.9701092449872284,1.4551317227842241e-05,12.53537504132379,11.723665953926115,0.634765625,0.9738163173501487,0.9728402386026139,"onorbit_null_ratio is what a point known to be on the orbit scores: the distance from a held-out angle sample to the nearest sample of the interleaved half-grid, in units of that half-grid's spacing. mirror_over_spacing is the same quantity for the mirrored embedding. mirror_over_null near 1 means the mirror is indistinguishable from a genuine orbit point, so reflection is absorbed by rotation and no chirality is encoded; a value well above 1 means the mirror lies off the orbit and the encoder carries handedness. reencode_noise is the pipeline's own floor and is far below both."
262,9.280637454713137,10.488883626350493,0.4889309142447489,11.840149935355674,0.8848069809257905,18.981490399413442,0.7838276968943088,0.0,0.8642646584573129,512,16,standardize,0.9473676985260375,0.9701092449872284,1.4551317227842241e-05,12.53537504132379,11.723665953926115,0.634765625,0.9738163173501487,0.9728402386026139,"onorbit_null_ratio is what a point known to be on the orbit scores: the distance from a held-out angle sample to the nearest sample of the interleaved half-grid, in units of that half-grid's spacing. mirror_over_spacing is the same quantity for the mirrored embedding. mirror_over_null near 1 means the mirror is indistinguishable from a genuine orbit point, so reflection is absorbed by rotation and no chirality is encoded; a value well above 1 means the mirror lies off the orbit and the encoder carries handedness. reencode_noise is the pipeline's own floor and is far below both."
276,14.067590316922676,15.738701830848807,1.3523702049301759e-05,19.734856154653393,0.8938215151486858,1040217.4098215214,0.7128296353761666,225.0,0.9160696479266369,512,16,standardize,0.9473676985260375,0.9701092449872284,1.4551317227842241e-05,12.53537504132379,11.723665953926115,0.634765625,0.9738163173501487,0.9728402386026139,"onorbit_null_ratio is what a point known to be on the orbit scores: the distance from a held-out angle sample to the nearest sample of the interleaved half-grid, in units of that half-grid's spacing. mirror_over_spacing is the same quantity for the mirrored embedding. mirror_over_null near 1 means the mirror is indistinguishable from a genuine orbit point, so reflection is absorbed by rotation and no chirality is encoded; a value well above 1 means the mirror lies off the orbit and the encoder carries handedness. reencode_noise is the pipeline's own floor and is far below both."
323,11.095262894672155,12.368182019297194,1.1206870192630866e-05,13.839616977154044,0.897081145584776,990041.171527792,0.8017030321711812,202.5,1.0531093342624227,512,16,standardize,0.9473676985260375,0.9701092449872284,1.4551317227842241e-05,12.53537504132379,11.723665953926115,0.634765625,0.9738163173501487,0.9728402386026139,"onorbit_null_ratio is what a point known to be on the orbit scores: the distance from a held-out angle sample to the nearest sample of the interleaved half-grid, in units of that half-grid's spacing. mirror_over_spacing is the same quantity for the mirrored embedding. mirror_over_null near 1 means the mirror is indistinguishable from a genuine orbit point, so reflection is absorbed by rotation and no chirality is encoded; a value well above 1 means the mirror lies off the orbit and the encoder carries handedness. reencode_noise is the pipeline's own floor and is far below both."
358,12.552536556127166,13.33805106930402,0.36455483229556246,16.25146353150454,0.9411072495452784,34.43250629016545,0.7723942235598191,202.5,0.9019597685473235,512,16,standardize,0.9473676985260375,0.9701092449872284,1.4551317227842241e-05,12.53537504132379,11.723665953926115,0.634765625,0.9738163173501487,0.9728402386026139,"onorbit_null_ratio is what a point known to be on the orbit scores: the distance from a held-out angle sample to the nearest sample of the interleaved half-grid, in units of that half-grid's spacing. mirror_over_spacing is the same quantity for the mirrored embedding. mirror_over_null near 1 means the mirror is indistinguishable from a genuine orbit point, so reflection is absorbed by rotation and no chirality is encoded; a value well above 1 means the mirror lies off the orbit and the encoder carries handedness. reencode_noise is the pipeline's own floor and is far below both."
361,11.928699438530819,12.063493346509656,2.594519686795352e-05,14.0548644466024,0.9888262956585592,459765.231277342,0.8487239050828728,247.5,0.9789329991273641,512,16,standardize,0.9473676985260375,0.9701092449872284,1.4551317227842241e-05,12.53537504132379,11.723665953926115,0.634765625,0.9738163173501487,0.9728402386026139,"onorbit_null_ratio is what a point known to be on the orbit scores: the distance from a held-out angle sample to the nearest sample of the interleaved half-grid, in units of that half-grid's spacing. mirror_over_spacing is the same quantity for the mirrored embedding. mirror_over_null near 1 means the mirror is indistinguishable from a genuine orbit point, so reflection is absorbed by rotation and no chirality is encoded; a value well above 1 means the mirror lies off the orbit and the encoder carries handedness. reencode_noise is the pipeline's own floor and is far below both."
370,9.377403862972216,10.177422801594671,2.3499726138457766e-05,13.118116959800734,0.9213927775018738,399043.11257593374,0.7148437456159608,337.5,0.8821282407408655,512,16,standardize,0.9473676985260375,0.9701092449872284,1.4551317227842241e-05,12.53537504132379,11.723665953926115,0.634765625,0.9738163173501487,0.9728402386026139,"onorbit_null_ratio is what a point known to be on the orbit scores: the distance from a held-out angle sample to the nearest sample of the interleaved half-grid, in units of that half-grid's spacing. mirror_over_spacing is the same quantity for the mirrored embedding. mirror_over_null near 1 means the mirror is indistinguishable from a genuine orbit point, so reflection is absorbed by rotation and no chirality is encoded; a value well above 1 means the mirror lies off the orbit and the encoder carries handedness. reencode_noise is the pipeline's own floor and is far below both."
395,12.631702239589357,13.157910414788876,1.0716747636780663e-05,13.35206290631262,0.9600082263359928,1178688.0374262459,0.9460487363055571,157.5,0.8901310928548074,512,16,standardize,0.9473676985260375,0.9701092449872284,1.4551317227842241e-05,12.53537504132379,11.723665953926115,0.634765625,0.9738163173501487,0.9728402386026139,"onorbit_null_ratio is what a point known to be on the orbit scores: the distance from a held-out angle sample to the nearest sample of the interleaved half-grid, in units of that half-grid's spacing. mirror_over_spacing is the same quantity for the mirrored embedding. mirror_over_null near 1 means the mirror is indistinguishable from a genuine orbit point, so reflection is absorbed by rotation and no chirality is encoded; a value well above 1 means the mirror lies off the orbit and the encoder carries handedness. reencode_noise is the pipeline's own floor and is far below both."
420,16.392140433232747,15.742664399545493,1.385925132893532e-05,17.368510743125064,1.0412557885503806,1182758.003602205,0.9437850300274713,0.0,1.016672254456526,512,16,standardize,0.9473676985260375,0.9701092449872284,1.4551317227842241e-05,12.53537504132379,11.723665953926115,0.634765625,0.9738163173501487,0.9728402386026139,"onorbit_null_ratio is what a point known to be on the orbit scores: the distance from a held-out angle sample to the nearest sample of the interleaved half-grid, in units of that half-grid's spacing. mirror_over_spacing is the same quantity for the mirrored embedding. mirror_over_null near 1 means the mirror is indistinguishable from a genuine orbit point, so reflection is absorbed by rotation and no chirality is encoded; a value well above 1 means the mirror lies off the orbit and the encoder carries handedness. reencode_noise is the pipeline's own floor and is far below both."
462,13.497152389189292,13.979356227928598,2.253210325623861e-05,22.780125629510046,0.9655060053641142,599018.7527412581,0.5924968373179068,112.5,1.549315820916665,512,16,standardize,0.9473676985260375,0.9701092449872284,1.4551317227842241e-05,12.53537504132379,11.723665953926115,0.634765625,0.9738163173501487,0.9728402386026139,"onorbit_null_ratio is what a point known to be on the orbit scores: the distance from a held-out angle sample to the nearest sample of the interleaved half-grid, in units of that half-grid's spacing. mirror_over_spacing is the same quantity for the mirrored embedding. mirror_over_null near 1 means the mirror is indistinguishable from a genuine orbit point, so reflection is absorbed by rotation and no chirality is encoded; a value well above 1 means the mirror lies off the orbit and the encoder carries handedness. reencode_noise is the pipeline's own floor and is far below both."
481,8.140547793626785,10.000274167216272,2.3375972992275958e-05,11.2631078815932,0.8140324612612926,348244.2333551908,0.7227621256234723,90.0,0.9395835189942376,512,16,standardize,0.9473676985260375,0.9701092449872284,1.4551317227842241e-05,12.53537504132379,11.723665953926115,0.634765625,0.9738163173501487,0.9728402386026139,"onorbit_null_ratio is what a point known to be on the orbit scores: the distance from a held-out angle sample to the nearest sample of the interleaved half-grid, in units of that half-grid's spacing. mirror_over_spacing is the same quantity for the mirrored embedding. mirror_over_null near 1 means the mirror is indistinguishable from a genuine orbit point, so reflection is absorbed by rotation and no chirality is encoded; a value well above 1 means the mirror lies off the orbit and the encoder carries handedness. reencode_noise is the pipeline's own floor and is far below both."
483,8.755351061781717,13.449515466280971,1.1012621020862385e-05,15.504604182831173,0.6509789206705694,795028.816954249,0.5646936199427035,90.0,1.2630625013934362,512,16,standardize,0.9473676985260375,0.9701092449872284,1.4551317227842241e-05,12.53537504132379,11.723665953926115,0.634765625,0.9738163173501487,0.9728402386026139,"onorbit_null_ratio is what a point known to be on the orbit scores: the distance from a held-out angle sample to the nearest sample of the interleaved half-grid, in units of that half-grid's spacing. mirror_over_spacing is the same quantity for the mirrored embedding. mirror_over_null near 1 means the mirror is indistinguishable from a genuine orbit point, so reflection is absorbed by rotation and no chirality is encoded; a value well above 1 means the mirror lies off the orbit and the encoder carries handedness. reencode_noise is the pipeline's own floor and is far below both."
522,11.017768798618953,13.374185301945595,1.043965980159972e-05,15.778792413182586,0.8238085946824855,1055376.2294946283,0.6982643861525184,247.5,0.8549412158786882,512,16,standardize,0.9473676985260375,0.9701092449872284,1.4551317227842241e-05,12.53537504132379,11.723665953926115,0.634765625,0.9738163173501487,0.9728402386026139,"onorbit_null_ratio is what a point known to be on the orbit scores: the distance from a held-out angle sample to the nearest sample of the interleaved half-grid, in units of that half-grid's spacing. mirror_over_spacing is the same quantity for the mirrored embedding. mirror_over_null near 1 means the mirror is indistinguishable from a genuine orbit point, so reflection is absorbed by rotation and no chirality is encoded; a value well above 1 means the mirror lies off the orbit and the encoder carries handedness. reencode_noise is the pipeline's own floor and is far below both."
530,10.458950846637144,11.190225488815518,1.0811764564547194e-05,10.689242577023801,0.9346505892209882,967367.6099952307,0.9784557485034849,202.5,0.9215486608453458,512,16,standardize,0.9473676985260375,0.9701092449872284,1.4551317227842241e-05,12.53537504132379,11.723665953926115,0.634765625,0.9738163173501487,0.9728402386026139,"onorbit_null_ratio is what a point known to be on the orbit scores: the distance from a held-out angle sample to the nearest sample of the interleaved half-grid, in units of that half-grid's spacing. mirror_over_spacing is the same quantity for the mirrored embedding. mirror_over_null near 1 means the mirror is indistinguishable from a genuine orbit point, so reflection is absorbed by rotation and no chirality is encoded; a value well above 1 means the mirror lies off the orbit and the encoder carries handedness. reencode_noise is the pipeline's own floor and is far below both."
533,15.657835996970249,12.71197691745241,1.5771289929731294e-05,17.29048049571835,1.2317388631718986,992806.2997214218,0.905575527577016,157.5,1.4917035167653478,512,16,standardize,0.9473676985260375,0.9701092449872284,1.4551317227842241e-05,12.53537504132379,11.723665953926115,0.634765625,0.9738163173501487,0.9728402386026139,"onorbit_null_ratio is what a point known to be on the orbit scores: the distance from a held-out angle sample to the nearest sample of the interleaved half-grid, in units of that half-grid's spacing. mirror_over_spacing is the same quantity for the mirrored embedding. mirror_over_null near 1 means the mirror is indistinguishable from a genuine orbit point, so reflection is absorbed by rotation and no chirality is encoded; a value well above 1 means the mirror lies off the orbit and the encoder carries handedness. reencode_noise is the pipeline's own floor and is far below both."
574,9.532744959645521,13.329635656276505,1.5394269155190867e-05,17.02307810484729,0.7151542026699621,619239.8524116443,0.559989497841233,292.5,1.2603419861790874,512,16,standardize,0.9473676985260375,0.9701092449872284,1.4551317227842241e-05,12.53537504132379,11.723665953926115,0.634765625,0.9738163173501487,0.9728402386026139,"onorbit_null_ratio is what a point known to be on the orbit scores: the distance from a held-out angle sample to the nearest sample of the interleaved half-grid, in units of that half-grid's spacing. mirror_over_spacing is the same quantity for the mirrored embedding. mirror_over_null near 1 means the mirror is indistinguishable from a genuine orbit point, so reflection is absorbed by rotation and no chirality is encoded; a value well above 1 means the mirror lies off the orbit and the encoder carries handedness. reencode_noise is the pipeline's own floor and is far below both."
611,7.813103179573645,9.834599164352543,1.3587989221528602e-05,14.857468409336153,0.7944505972235033,575000.6901090769,0.5258704218185676,180.0,0.9083807856380645,512,16,standardize,0.9473676985260375,0.9701092449872284,1.4551317227842241e-05,12.53537504132379,11.723665953926115,0.634765625,0.9738163173501487,0.9728402386026139,"onorbit_null_ratio is what a point known to be on the orbit scores: the distance from a held-out angle sample to the nearest sample of the interleaved half-grid, in units of that half-grid's spacing. mirror_over_spacing is the same quantity for the mirrored embedding. mirror_over_null near 1 means the mirror is indistinguishable from a genuine orbit point, so reflection is absorbed by rotation and no chirality is encoded; a value well above 1 means the mirror lies off the orbit and the encoder carries handedness. reencode_noise is the pipeline's own floor and is far below both."
619,10.222255744307294,11.494752413437215,1.1794583958464864e-05,12.612722589203873,0.8892976009085337,866690.6590605831,0.810471781331118,90.0,0.918575776008793,512,16,standardize,0.9473676985260375,0.9701092449872284,1.4551317227842241e-05,12.53537504132379,11.723665953926115,0.634765625,0.9738163173501487,0.9728402386026139,"onorbit_null_ratio is what a point known to be on the orbit scores: the distance from a held-out angle sample to the nearest sample of the interleaved half-grid, in units of that half-grid's spacing. mirror_over_spacing is the same quantity for the mirrored embedding. mirror_over_null near 1 means the mirror is indistinguishable from a genuine orbit point, so reflection is absorbed by rotation and no chirality is encoded; a value well above 1 means the mirror lies off the orbit and the encoder carries handedness. reencode_noise is the pipeline's own floor and is far below both."
632,8.558802366627507,10.064111132200768,1.1691883343271221e-05,11.513040708626747,0.8504280461732056,732029.4015380483,0.7434006865114597,67.5,0.8333711427006012,512,16,standardize,0.9473676985260375,0.9701092449872284,1.4551317227842241e-05,12.53537504132379,11.723665953926115,0.634765625,0.9738163173501487,0.9728402386026139,"onorbit_null_ratio is what a point known to be on the orbit scores: the distance from a held-out angle sample to the nearest sample of the interleaved half-grid, in units of that half-grid's spacing. mirror_over_spacing is the same quantity for the mirrored embedding. mirror_over_null near 1 means the mirror is indistinguishable from a genuine orbit point, so reflection is absorbed by rotation and no chirality is encoded; a value well above 1 means the mirror lies off the orbit and the encoder carries handedness. reencode_noise is the pipeline's own floor and is far below both."
651,9.96963338389358,10.752345171496664,1.136163889208543e-05,11.28884121512931,0.9272054816768744,877481.9793681765,0.883140545066067,225.0,0.900426739996363,512,16,standardize,0.9473676985260375,0.9701092449872284,1.4551317227842241e-05,12.53537504132379,11.723665953926115,0.634765625,0.9738163173501487,0.9728402386026139,"onorbit_null_ratio is what a point known to be on the orbit scores: the distance from a held-out angle sample to the nearest sample of the interleaved half-grid, in units of that half-grid's spacing. mirror_over_spacing is the same quantity for the mirrored embedding. mirror_over_null near 1 means the mirror is indistinguishable from a genuine orbit point, so reflection is absorbed by rotation and no chirality is encoded; a value well above 1 means the mirror lies off the orbit and the encoder carries handedness. reencode_noise is the pipeline's own floor and is far below both."
680,13.168945147747358,12.366358673463536,1.950136182144695e-05,13.58556185541567,1.0649007921795168,675283.3606350808,0.9693338625150617,292.5,0.8712970966252598,512,16,standardize,0.9473676985260375,0.9701092449872284,1.4551317227842241e-05,12.53537504132379,11.723665953926115,0.634765625,0.9738163173501487,0.9728402386026139,"onorbit_null_ratio is what a point known to be on the orbit scores: the distance from a held-out angle sample to the nearest sample of the interleaved half-grid, in units of that half-grid's spacing. mirror_over_spacing is the same quantity for the mirrored embedding. mirror_over_null near 1 means the mirror is indistinguishable from a genuine orbit point, so reflection is absorbed by rotation and no chirality is encoded; a value well above 1 means the mirror lies off the orbit and the encoder carries handedness. reencode_noise is the pipeline's own floor and is far below both."
685,9.873319832407734,13.350737198500816,1.2943404152011419e-05,15.316045317344958,0.7395336815944838,762807.0418301363,0.6446389800914534,22.5,1.107312237877288,512,16,standardize,0.9473676985260375,0.9701092449872284,1.4551317227842241e-05,12.53537504132379,11.723665953926115,0.634765625,0.9738163173501487,0.9728402386026139,"onorbit_null_ratio is what a point known to be on the orbit scores: the distance from a held-out angle sample to the nearest sample of the interleaved half-grid, in units of that half-grid's spacing. mirror_over_spacing is the same quantity for the mirrored embedding. mirror_over_null near 1 means the mirror is indistinguishable from a genuine orbit point, so reflection is absorbed by rotation and no chirality is encoded; a value well above 1 means the mirror lies off the orbit and the encoder carries handedness. reencode_noise is the pipeline's own floor and is far below both."
706,10.57550510437734,13.12272561506342,2.164785245753882e-05,14.950921608296802,0.8058924201110967,488524.44486679055,0.7073480405722021,0.0,0.9900619740279668,512,16,standardize,0.9473676985260375,0.9701092449872284,1.4551317227842241e-05,12.53537504132379,11.723665953926115,0.634765625,0.9738163173501487,0.9728402386026139,"onorbit_null_ratio is what a point known to be on the orbit scores: the distance from a held-out angle sample to the nearest sample of the interleaved half-grid, in units of that half-grid's spacing. mirror_over_spacing is the same quantity for the mirrored embedding. mirror_over_null near 1 means the mirror is indistinguishable from a genuine orbit point, so reflection is absorbed by rotation and no chirality is encoded; a value well above 1 means the mirror lies off the orbit and the encoder carries handedness. reencode_noise is the pipeline's own floor and is far below both."
716,9.684995152726476,9.486928317671175,9.763535407395036e-06,9.623226679098988,1.0208778677800658,991955.7566607407,1.0064186863395461,202.5,0.9519201505127292,512,16,standardize,0.9473676985260375,0.9701092449872284,1.4551317227842241e-05,12.53537504132379,11.723665953926115,0.634765625,0.9738163173501487,0.9728402386026139,"onorbit_null_ratio is what a point known to be on the orbit scores: the distance from a held-out angle sample to the nearest sample of the interleaved half-grid, in units of that half-grid's spacing. mirror_over_spacing is the same quantity for the mirrored embedding. mirror_over_null near 1 means the mirror is indistinguishable from a genuine orbit point, so reflection is absorbed by rotation and no chirality is encoded; a value well above 1 means the mirror lies off the orbit and the encoder carries handedness. reencode_noise is the pipeline's own floor and is far below both."
721,15.507235748447524,12.933417089174347,1.1820230979588948e-05,19.23446845745505,1.1990053086146537,1311923.242043684,0.8062211743853573,90.0,0.8903176146723099,512,16,standardize,0.9473676985260375,0.9701092449872284,1.4551317227842241e-05,12.53537504132379,11.723665953926115,0.634765625,0.9738163173501487,0.9728402386026139,"onorbit_null_ratio is what a point known to be on the orbit scores: the distance from a held-out angle sample to the nearest sample of the interleaved half-grid, in units of that half-grid's spacing. mirror_over_spacing is the same quantity for the mirrored embedding. mirror_over_null near 1 means the mirror is indistinguishable from a genuine orbit point, so reflection is absorbed by rotation and no chirality is encoded; a value well above 1 means the mirror lies off the orbit and the encoder carries handedness. reencode_noise is the pipeline's own floor and is far below both."
727,10.96538806311594,9.358319413548623,1.397832473316908e-05,12.167226016636517,1.1717262019546655,784456.5262599916,0.9012233394960135,315.0,0.834215633828168,512,16,standardize,0.9473676985260375,0.9701092449872284,1.4551317227842241e-05,12.53537504132379,11.723665953926115,0.634765625,0.9738163173501487,0.9728402386026139,"onorbit_null_ratio is what a point known to be on the orbit scores: the distance from a held-out angle sample to the nearest sample of the interleaved half-grid, in units of that half-grid's spacing. mirror_over_spacing is the same quantity for the mirrored embedding. mirror_over_null near 1 means the mirror is indistinguishable from a genuine orbit point, so reflection is absorbed by rotation and no chirality is encoded; a value well above 1 means the mirror lies off the orbit and the encoder carries handedness. reencode_noise is the pipeline's own floor and is far below both."
728,9.43621676513413,11.312095823996401,1.2815310544836425e-05,14.533618998246641,0.8341705119856782,736323.6912691275,0.6492682081642934,112.5,1.0111940839693532,512,16,standardize,0.9473676985260375,0.9701092449872284,1.4551317227842241e-05,12.53537504132379,11.723665953926115,0.634765625,0.9738163173501487,0.9728402386026139,"onorbit_null_ratio is what a point known to be on the orbit scores: the distance from a held-out angle sample to the nearest sample of the interleaved half-grid, in units of that half-grid's spacing. mirror_over_spacing is the same quantity for the mirrored embedding. mirror_over_null near 1 means the mirror is indistinguishable from a genuine orbit point, so reflection is absorbed by rotation and no chirality is encoded; a value well above 1 means the mirror lies off the orbit and the encoder carries handedness. reencode_noise is the pipeline's own floor and is far below both."
743,17.507984755627238,14.53678252057411,1.2859451713598153e-05,18.444341263997718,1.20439201252739,1361487.6548051827,0.9492333992866314,22.5,1.1553187861796483,512,16,standardize,0.9473676985260375,0.9701092449872284,1.4551317227842241e-05,12.53537504132379,11.723665953926115,0.634765625,0.9738163173501487,0.9728402386026139,"onorbit_null_ratio is what a point known to be on the orbit scores: the distance from a held-out angle sample to the nearest sample of the interleaved half-grid, in units of that half-grid's spacing. mirror_over_spacing is the same quantity for the mirrored embedding. mirror_over_null near 1 means the mirror is indistinguishable from a genuine orbit point, so reflection is absorbed by rotation and no chirality is encoded; a value well above 1 means the mirror lies off the orbit and the encoder carries handedness. reencode_noise is the pipeline's own floor and is far below both."
788,13.026355245919383,13.182814811744967,1.2757740826790694e-05,20.137090714121875,0.9881315509578281,1021055.0145809994,0.6468836750476658,135.0,1.5873356545721142,512,16,standardize,0.9473676985260375,0.9701092449872284,1.4551317227842241e-05,12.53537504132379,11.723665953926115,0.634765625,0.9738163173501487,0.9728402386026139,"onorbit_null_ratio is what a point known to be on the orbit scores: the distance from a held-out angle sample to the nearest sample of the interleaved half-grid, in units of that half-grid's spacing. mirror_over_spacing is the same quantity for the mirrored embedding. mirror_over_null near 1 means the mirror is indistinguishable from a genuine orbit point, so reflection is absorbed by rotation and no chirality is encoded; a value well above 1 means the mirror lies off the orbit and the encoder carries handedness. reencode_noise is the pipeline's own floor and is far below both."
805,12.467349172140123,11.90668665177888,1.3491646760265508e-05,11.26453227599861,1.0470880385751546,924079.1278984518,1.1067791246605383,112.5,0.888502581958946,512,16,standardize,0.9473676985260375,0.9701092449872284,1.4551317227842241e-05,12.53537504132379,11.723665953926115,0.634765625,0.9738163173501487,0.9728402386026139,"onorbit_null_ratio is what a point known to be on the orbit scores: the distance from a held-out angle sample to the nearest sample of the interleaved half-grid, in units of that half-grid's spacing. mirror_over_spacing is the same quantity for the mirrored embedding. mirror_over_null near 1 means the mirror is indistinguishable from a genuine orbit point, so reflection is absorbed by rotation and no chirality is encoded; a value well above 1 means the mirror lies off the orbit and the encoder carries handedness. reencode_noise is the pipeline's own floor and is far below both."
823,11.298798698952707,12.794435722197132,2.654304783791474e-05,14.48426783875179,0.8831025411578225,425678.2705569036,0.7800738583916164,247.5,0.9134011613663712,512,16,standardize,0.9473676985260375,0.9701092449872284,1.4551317227842241e-05,12.53537504132379,11.723665953926115,0.634765625,0.9738163173501487,0.9728402386026139,"onorbit_null_ratio is what a point known to be on the orbit scores: the distance from a held-out angle sample to the nearest sample of the interleaved half-grid, in units of that half-grid's spacing. mirror_over_spacing is the same quantity for the mirrored embedding. mirror_over_null near 1 means the mirror is indistinguishable from a genuine orbit point, so reflection is absorbed by rotation and no chirality is encoded; a value well above 1 means the mirror lies off the orbit and the encoder carries handedness. reencode_noise is the pipeline's own floor and is far below both."
825,17.149788001705648,15.205931495481032,1.2327899714683658e-05,17.865639530622342,1.1278354112539768,1391136.2355810439,0.9599313795797962,67.5,1.2333582247099244,512,16,standardize,0.9473676985260375,0.9701092449872284,1.4551317227842241e-05,12.53537504132379,11.723665953926115,0.634765625,0.9738163173501487,0.9728402386026139,"onorbit_null_ratio is what a point known to be on the orbit scores: the distance from a held-out angle sample to the nearest sample of the interleaved half-grid, in units of that half-grid's spacing. mirror_over_spacing is the same quantity for the mirrored embedding. mirror_over_null near 1 means the mirror is indistinguishable from a genuine orbit point, so reflection is absorbed by rotation and no chirality is encoded; a value well above 1 means the mirror lies off the orbit and the encoder carries handedness. reencode_noise is the pipeline's own floor and is far below both."
844,10.642113258818785,9.331761441396477,1.9965858374329084e-05,19.726671972239203,1.1404184864402425,533015.5638337985,0.5394783911749096,67.5,1.9602749843829266,512,16,standardize,0.9473676985260375,0.9701092449872284,1.4551317227842241e-05,12.53537504132379,11.723665953926115,0.634765625,0.9738163173501487,0.9728402386026139,"onorbit_null_ratio is what a point known to be on the orbit scores: the distance from a held-out angle sample to the nearest sample of the interleaved half-grid, in units of that half-grid's spacing. mirror_over_spacing is the same quantity for the mirrored embedding. mirror_over_null near 1 means the mirror is indistinguishable from a genuine orbit point, so reflection is absorbed by rotation and no chirality is encoded; a value well above 1 means the mirror lies off the orbit and the encoder carries handedness. reencode_noise is the pipeline's own floor and is far below both."
853,13.18103452625373,16.138089934345995,1.2115046034622014e-05,17.63337750153417,0.8167654648026906,1087988.8106562176,0.747504811548833,90.0,0.9630115113274093,512,16,standardize,0.9473676985260375,0.9701092449872284,1.4551317227842241e-05,12.53537504132379,11.723665953926115,0.634765625,0.9738163173501487,0.9728402386026139,"onorbit_null_ratio is what a point known to be on the orbit scores: the distance from a held-out angle sample to the nearest sample of the interleaved half-grid, in units of that half-grid's spacing. mirror_over_spacing is the same quantity for the mirrored embedding. mirror_over_null near 1 means the mirror is indistinguishable from a genuine orbit point, so reflection is absorbed by rotation and no chirality is encoded; a value well above 1 means the mirror lies off the orbit and the encoder carries handedness. reencode_noise is the pipeline's own floor and is far below both."
869,16.09746332154845,16.871211111457022,2.3503682254814105e-05,19.429636167148576,0.9541379818676367,684891.1224644943,0.8285005021743984,135.0,0.8976417966563193,512,16,standardize,0.9473676985260375,0.9701092449872284,1.4551317227842241e-05,12.53537504132379,11.723665953926115,0.634765625,0.9738163173501487,0.9728402386026139,"onorbit_null_ratio is what a point known to be on the orbit scores: the distance from a held-out angle sample to the nearest sample of the interleaved half-grid, in units of that half-grid's spacing. mirror_over_spacing is the same quantity for the mirrored embedding. mirror_over_null near 1 means the mirror is indistinguishable from a genuine orbit point, so reflection is absorbed by rotation and no chirality is encoded; a value well above 1 means the mirror lies off the orbit and the encoder carries handedness. reencode_noise is the pipeline's own floor and is far below both."
901,10.761721955845879,11.8211716280552,0.63753550363916,12.31598987927687,0.9103769316998216,16.880192388370777,0.8738008118985033,157.5,0.9155779877027566,512,16,standardize,0.9473676985260375,0.9701092449872284,1.4551317227842241e-05,12.53537504132379,11.723665953926115,0.634765625,0.9738163173501487,0.9728402386026139,"onorbit_null_ratio is what a point known to be on the orbit scores: the distance from a held-out angle sample to the nearest sample of the interleaved half-grid, in units of that half-grid's spacing. mirror_over_spacing is the same quantity for the mirrored embedding. mirror_over_null near 1 means the mirror is indistinguishable from a genuine orbit point, so reflection is absorbed by rotation and no chirality is encoded; a value well above 1 means the mirror lies off the orbit and the encoder carries handedness. reencode_noise is the pipeline's own floor and is far below both."
913,15.366481284308545,13.695698160530753,1.5050588160628094e-05,14.411729777240993,1.1219932787795204,1020988.7560744515,1.06624822431623,0.0,0.826535594497036,512,16,standardize,0.9473676985260375,0.9701092449872284,1.4551317227842241e-05,12.53537504132379,11.723665953926115,0.634765625,0.9738163173501487,0.9728402386026139,"onorbit_null_ratio is what a point known to be on the orbit scores: the distance from a held-out angle sample to the nearest sample of the interleaved half-grid, in units of that half-grid's spacing. mirror_over_spacing is the same quantity for the mirrored embedding. mirror_over_null near 1 means the mirror is indistinguishable from a genuine orbit point, so reflection is absorbed by rotation and no chirality is encoded; a value well above 1 means the mirror lies off the orbit and the encoder carries handedness. reencode_noise is the pipeline's own floor and is far below both."
923,9.065763754331536,11.146749752329898,1.172363590008983e-05,12.549417208292464,0.8133100639885279,773289.432697417,0.7224051606429195,202.5,0.9865431296470071,512,16,standardize,0.9473676985260375,0.9701092449872284,1.4551317227842241e-05,12.53537504132379,11.723665953926115,0.634765625,0.9738163173501487,0.9728402386026139,"onorbit_null_ratio is what a point known to be on the orbit scores: the distance from a held-out angle sample to the nearest sample of the interleaved half-grid, in units of that half-grid's spacing. mirror_over_spacing is the same quantity for the mirrored embedding. mirror_over_null near 1 means the mirror is indistinguishable from a genuine orbit point, so reflection is absorbed by rotation and no chirality is encoded; a value well above 1 means the mirror lies off the orbit and the encoder carries handedness. reencode_noise is the pipeline's own floor and is far below both."
931,13.253650011753273,11.869955273869525,2.4496302744908374e-05,14.120363801033362,1.11657118379627,541046.9551168525,0.9386195850551201,22.5,1.053823984939861,512,16,standardize,0.9473676985260375,0.9701092449872284,1.4551317227842241e-05,12.53537504132379,11.723665953926115,0.634765625,0.9738163173501487,0.9728402386026139,"onorbit_null_ratio is what a point known to be on the orbit scores: the distance from a held-out angle sample to the nearest sample of the interleaved half-grid, in units of that half-grid's spacing. mirror_over_spacing is the same quantity for the mirrored embedding. mirror_over_null near 1 means the mirror is indistinguishable from a genuine orbit point, so reflection is absorbed by rotation and no chirality is encoded; a value well above 1 means the mirror lies off the orbit and the encoder carries handedness. reencode_noise is the pipeline's own floor and is far below both."
1025,8.757656112655864,12.572181080912785,1.3006336991772688e-05,18.42436099053862,0.6965900392535571,673337.6290492567,0.47533024983352984,270.0,0.9125750364036123,512,16,standardize,0.9473676985260375,0.9701092449872284,1.4551317227842241e-05,12.53537504132379,11.723665953926115,0.634765625,0.9738163173501487,0.9728402386026139,"onorbit_null_ratio is what a point known to be on the orbit scores: the distance from a held-out angle sample to the nearest sample of the interleaved half-grid, in units of that half-grid's spacing. mirror_over_spacing is the same quantity for the mirrored embedding. mirror_over_null near 1 means the mirror is indistinguishable from a genuine orbit point, so reflection is absorbed by rotation and no chirality is encoded; a value well above 1 means the mirror lies off the orbit and the encoder carries handedness. reencode_noise is the pipeline's own floor and is far below both."
1052,16.27245669465373,12.754356771466203,2.2433061458524224e-05,19.91931816328071,1.2758351507822137,725378.3316530095,0.81691835841301,67.5,1.347903506804281,512,16,standardize,0.9473676985260375,0.9701092449872284,1.4551317227842241e-05,12.53537504132379,11.723665953926115,0.634765625,0.9738163173501487,0.9728402386026139,"onorbit_null_ratio is what a point known to be on the orbit scores: the distance from a held-out angle sample to the nearest sample of the interleaved half-grid, in units of that half-grid's spacing. mirror_over_spacing is the same quantity for the mirrored embedding. mirror_over_null near 1 means the mirror is indistinguishable from a genuine orbit point, so reflection is absorbed by rotation and no chirality is encoded; a value well above 1 means the mirror lies off the orbit and the encoder carries handedness. reencode_noise is the pipeline's own floor and is far below both."
1057,18.01609638515788,10.960530447469395,1.6127609498506888e-05,12.691961121879672,1.6437248609000943,1117096.5161839905,1.4194887781447685,202.5,0.8931129991496135,512,16,standardize,0.9473676985260375,0.9701092449872284,1.4551317227842241e-05,12.53537504132379,11.723665953926115,0.634765625,0.9738163173501487,0.9728402386026139,"onorbit_null_ratio is what a point known to be on the orbit scores: the distance from a held-out angle sample to the nearest sample of the interleaved half-grid, in units of that half-grid's spacing. mirror_over_spacing is the same quantity for the mirrored embedding. mirror_over_null near 1 means the mirror is indistinguishable from a genuine orbit point, so reflection is absorbed by rotation and no chirality is encoded; a value well above 1 means the mirror lies off the orbit and the encoder carries handedness. reencode_noise is the pipeline's own floor and is far below both."
1067,12.183972763297119,8.451653075628029,2.034628407458032e-05,9.402642114522797,1.4416082456616628,598830.3671882373,1.2958030960764138,90.0,0.8258984455777559,512,16,standardize,0.9473676985260375,0.9701092449872284,1.4551317227842241e-05,12.53537504132379,11.723665953926115,0.634765625,0.9738163173501487,0.9728402386026139,"onorbit_null_ratio is what a point known to be on the orbit scores: the distance from a held-out angle sample to the nearest sample of the interleaved half-grid, in units of that half-grid's spacing. mirror_over_spacing is the same quantity for the mirrored embedding. mirror_over_null near 1 means the mirror is indistinguishable from a genuine orbit point, so reflection is absorbed by rotation and no chirality is encoded; a value well above 1 means the mirror lies off the orbit and the encoder carries handedness. reencode_noise is the pipeline's own floor and is far below both."
1125,10.99725446297282,10.604098387662338,1.1557215312706944e-05,13.209405238058679,1.0370758607603936,951548.808723979,0.8325321439369388,112.5,0.7837141355309559,512,16,standardize,0.9473676985260375,0.9701092449872284,1.4551317227842241e-05,12.53537504132379,11.723665953926115,0.634765625,0.9738163173501487,0.9728402386026139,"onorbit_null_ratio is what a point known to be on the orbit scores: the distance from a held-out angle sample to the nearest sample of the interleaved half-grid, in units of that half-grid's spacing. mirror_over_spacing is the same quantity for the mirrored embedding. mirror_over_null near 1 means the mirror is indistinguishable from a genuine orbit point, so reflection is absorbed by rotation and no chirality is encoded; a value well above 1 means the mirror lies off the orbit and the encoder carries handedness. reencode_noise is the pipeline's own floor and is far below both."
1133,14.396463896112792,14.677842061151619,1.535422554775133e-05,16.37861144915338,0.9808297320637097,937622.2754667816,0.8789795118350496,225.0,0.9881419938643894,512,16,standardize,0.9473676985260375,0.9701092449872284,1.4551317227842241e-05,12.53537504132379,11.723665953926115,0.634765625,0.9738163173501487,0.9728402386026139,"onorbit_null_ratio is what a point known to be on the orbit scores: the distance from a held-out angle sample to the nearest sample of the interleaved half-grid, in units of that half-grid's spacing. mirror_over_spacing is the same quantity for the mirrored embedding. mirror_over_null near 1 means the mirror is indistinguishable from a genuine orbit point, so reflection is absorbed by rotation and no chirality is encoded; a value well above 1 means the mirror lies off the orbit and the encoder carries handedness. reencode_noise is the pipeline's own floor and is far below both."
1138,12.946905760641192,13.418379428703567,1.531057787875898e-05,13.646018364311171,0.9648635909747914,845618.3602712337,0.9487680153283108,45.0,0.9140987550432629,512,16,standardize,0.9473676985260375,0.9701092449872284,1.4551317227842241e-05,12.53537504132379,11.723665953926115,0.634765625,0.9738163173501487,0.9728402386026139,"onorbit_null_ratio is what a point known to be on the orbit scores: the distance from a held-out angle sample to the nearest sample of the interleaved half-grid, in units of that half-grid's spacing. mirror_over_spacing is the same quantity for the mirrored embedding. mirror_over_null near 1 means the mirror is indistinguishable from a genuine orbit point, so reflection is absorbed by rotation and no chirality is encoded; a value well above 1 means the mirror lies off the orbit and the encoder carries handedness. reencode_noise is the pipeline's own floor and is far below both."
1200,11.730588076108946,14.621390925311147,1.2677019934165498e-05,16.875677700749407,0.8022894768378075,925342.7175336493,0.6951180440941948,225.0,1.309832092578653,512,16,standardize,0.9473676985260375,0.9701092449872284,1.4551317227842241e-05,12.53537504132379,11.723665953926115,0.634765625,0.9738163173501487,0.9728402386026139,"onorbit_null_ratio is what a point known to be on the orbit scores: the distance from a held-out angle sample to the nearest sample of the interleaved half-grid, in units of that half-grid's spacing. mirror_over_spacing is the same quantity for the mirrored embedding. mirror_over_null near 1 means the mirror is indistinguishable from a genuine orbit point, so reflection is absorbed by rotation and no chirality is encoded; a value well above 1 means the mirror lies off the orbit and the encoder carries handedness. reencode_noise is the pipeline's own floor and is far below both."
1202,11.89554623318582,12.095732487451315,1.1761576930732442e-05,14.641748669193959,0.983449844441155,1011390.4201147826,0.8124402693930876,90.0,1.3916429044050018,512,16,standardize,0.9473676985260375,0.9701092449872284,1.4551317227842241e-05,12.53537504132379,11.723665953926115,0.634765625,0.9738163173501487,0.9728402386026139,"onorbit_null_ratio is what a point known to be on the orbit scores: the distance from a held-out angle sample to the nearest sample of the interleaved half-grid, in units of that half-grid's spacing. mirror_over_spacing is the same quantity for the mirrored embedding. mirror_over_null near 1 means the mirror is indistinguishable from a genuine orbit point, so reflection is absorbed by rotation and no chirality is encoded; a value well above 1 means the mirror lies off the orbit and the encoder carries handedness. reencode_noise is the pipeline's own floor and is far below both."
1206,11.533417817369726,15.014642768853246,1.198110568552133e-05,19.53307409974698,0.7681446701679069,962633.84366164,0.5904558472708156,135.0,1.4939871063869634,512,16,standardize,0.9473676985260375,0.9701092449872284,1.4551317227842241e-05,12.53537504132379,11.723665953926115,0.634765625,0.9738163173501487,0.9728402386026139,"onorbit_null_ratio is what a point known to be on the orbit scores: the distance from a held-out angle sample to the nearest sample of the interleaved half-grid, in units of that half-grid's spacing. mirror_over_spacing is the same quantity for the mirrored embedding. mirror_over_null near 1 means the mirror is indistinguishable from a genuine orbit point, so reflection is absorbed by rotation and no chirality is encoded; a value well above 1 means the mirror lies off the orbit and the encoder carries handedness. reencode_noise is the pipeline's own floor and is far below both."
1315,12.507716129429458,11.359893298949814,1.2074243337483084e-05,11.834606023256024,1.1010416911737857,1035900.6175236428,1.0568764270522157,292.5,0.9286754755061369,512,16,standardize,0.9473676985260375,0.9701092449872284,1.4551317227842241e-05,12.53537504132379,11.723665953926115,0.634765625,0.9738163173501487,0.9728402386026139,"onorbit_null_ratio is what a point known to be on the orbit scores: the distance from a held-out angle sample to the nearest sample of the interleaved half-grid, in units of that half-grid's spacing. mirror_over_spacing is the same quantity for the mirrored embedding. mirror_over_null near 1 means the mirror is indistinguishable from a genuine orbit point, so reflection is absorbed by rotation and no chirality is encoded; a value well above 1 means the mirror lies off the orbit and the encoder carries handedness. reencode_noise is the pipeline's own floor and is far below both."
1352,10.602789438986973,11.198131544767005,1.756316465907641e-05,11.971127394125503,0.9468355856153305,603694.7010860933,0.8856968178444076,180.0,0.804259362986983,512,16,standardize,0.9473676985260375,0.9701092449872284,1.4551317227842241e-05,12.53537504132379,11.723665953926115,0.634765625,0.9738163173501487,0.9728402386026139,"onorbit_null_ratio is what a point known to be on the orbit scores: the distance from a held-out angle sample to the nearest sample of the interleaved half-grid, in units of that half-grid's spacing. mirror_over_spacing is the same quantity for the mirrored embedding. mirror_over_null near 1 means the mirror is indistinguishable from a genuine orbit point, so reflection is absorbed by rotation and no chirality is encoded; a value well above 1 means the mirror lies off the orbit and the encoder carries handedness. reencode_noise is the pipeline's own floor and is far below both."
1361,9.136081641665667,9.540244717240643,3.261393300780113e-05,11.935645573192721,0.9576359844475903,280128.1783304194,0.7654451186272796,22.5,1.2287243480005063,512,16,standardize,0.9473676985260375,0.9701092449872284,1.4551317227842241e-05,12.53537504132379,11.723665953926115,0.634765625,0.9738163173501487,0.9728402386026139,"onorbit_null_ratio is what a point known to be on the orbit scores: the distance from a held-out angle sample to the nearest sample of the interleaved half-grid, in units of that half-grid's spacing. mirror_over_spacing is the same quantity for the mirrored embedding. mirror_over_null near 1 means the mirror is indistinguishable from a genuine orbit point, so reflection is absorbed by rotation and no chirality is encoded; a value well above 1 means the mirror lies off the orbit and the encoder carries handedness. reencode_noise is the pipeline's own floor and is far below both."
1404,11.536983626835946,13.083103786887136,1.3752890112430865e-05,16.567294103191784,0.8818231372894231,838877.0311200246,0.696371028061443,225.0,1.1639638521263966,512,16,standardize,0.9473676985260375,0.9701092449872284,1.4551317227842241e-05,12.53537504132379,11.723665953926115,0.634765625,0.9738163173501487,0.9728402386026139,"onorbit_null_ratio is what a point known to be on the orbit scores: the distance from a held-out angle sample to the nearest sample of the interleaved half-grid, in units of that half-grid's spacing. mirror_over_spacing is the same quantity for the mirrored embedding. mirror_over_null near 1 means the mirror is indistinguishable from a genuine orbit point, so reflection is absorbed by rotation and no chirality is encoded; a value well above 1 means the mirror lies off the orbit and the encoder carries handedness. reencode_noise is the pipeline's own floor and is far below both."
1444,11.60721236577057,12.294495851109453,0.6080490376528799,13.368140366800137,0.9440982783139609,19.089270185469548,0.8682742735554421,22.5,1.2768487478188655,512,16,standardize,0.9473676985260375,0.9701092449872284,1.4551317227842241e-05,12.53537504132379,11.723665953926115,0.634765625,0.9738163173501487,0.9728402386026139,"onorbit_null_ratio is what a point known to be on the orbit scores: the distance from a held-out angle sample to the nearest sample of the interleaved half-grid, in units of that half-grid's spacing. mirror_over_spacing is the same quantity for the mirrored embedding. mirror_over_null near 1 means the mirror is indistinguishable from a genuine orbit point, so reflection is absorbed by rotation and no chirality is encoded; a value well above 1 means the mirror lies off the orbit and the encoder carries handedness. reencode_noise is the pipeline's own floor and is far below both."
1487,18.022443111830196,13.744034428591092,1.224282151316402e-05,16.276572594557173,1.3112920522331437,1472082.4846177553,1.1072627856467052,180.0,1.026278478275054,512,16,standardize,0.9473676985260375,0.9701092449872284,1.4551317227842241e-05,12.53537504132379,11.723665953926115,0.634765625,0.9738163173501487,0.9728402386026139,"onorbit_null_ratio is what a point known to be on the orbit scores: the distance from a held-out angle sample to the nearest sample of the interleaved half-grid, in units of that half-grid's spacing. mirror_over_spacing is the same quantity for the mirrored embedding. mirror_over_null near 1 means the mirror is indistinguishable from a genuine orbit point, so reflection is absorbed by rotation and no chirality is encoded; a value well above 1 means the mirror lies off the orbit and the encoder carries handedness. reencode_noise is the pipeline's own floor and is far below both."
1490,9.31648653979958,9.150735424234592,0.20963364432265988,10.166613273006906,1.0181134201657736,44.44175251497327,0.9163805379059246,270.0,0.7177316852645942,512,16,standardize,0.9473676985260375,0.9701092449872284,1.4551317227842241e-05,12.53537504132379,11.723665953926115,0.634765625,0.9738163173501487,0.9728402386026139,"onorbit_null_ratio is what a point known to be on the orbit scores: the distance from a held-out angle sample to the nearest sample of the interleaved half-grid, in units of that half-grid's spacing. mirror_over_spacing is the same quantity for the mirrored embedding. mirror_over_null near 1 means the mirror is indistinguishable from a genuine orbit point, so reflection is absorbed by rotation and no chirality is encoded; a value well above 1 means the mirror lies off the orbit and the encoder carries handedness. reencode_noise is the pipeline's own floor and is far below both."
1522,10.692820241547548,10.58383680347036,1.2305347803283395e-05,12.292695329933663,1.010297157836131,868957.1731320278,0.8698515626194447,0.0,0.9438298603191158,512,16,standardize,0.9473676985260375,0.9701092449872284,1.4551317227842241e-05,12.53537504132379,11.723665953926115,0.634765625,0.9738163173501487,0.9728402386026139,"onorbit_null_ratio is what a point known to be on the orbit scores: the distance from a held-out angle sample to the nearest sample of the interleaved half-grid, in units of that half-grid's spacing. mirror_over_spacing is the same quantity for the mirrored embedding. mirror_over_null near 1 means the mirror is indistinguishable from a genuine orbit point, so reflection is absorbed by rotation and no chirality is encoded; a value well above 1 means the mirror lies off the orbit and the encoder carries handedness. reencode_noise is the pipeline's own floor and is far below both."
1532,13.356740980859305,10.49442663830858,0.2343609884454412,12.212852098907046,1.2727461386124905,56.992168660223626,1.0936627147113842,112.5,0.9961580542377757,512,16,standardize,0.9473676985260375,0.9701092449872284,1.4551317227842241e-05,12.53537504132379,11.723665953926115,0.634765625,0.9738163173501487,0.9728402386026139,"onorbit_null_ratio is what a point known to be on the orbit scores: the distance from a held-out angle sample to the nearest sample of the interleaved half-grid, in units of that half-grid's spacing. mirror_over_spacing is the same quantity for the mirrored embedding. mirror_over_null near 1 means the mirror is indistinguishable from a genuine orbit point, so reflection is absorbed by rotation and no chirality is encoded; a value well above 1 means the mirror lies off the orbit and the encoder carries handedness. reencode_noise is the pipeline's own floor and is far below both."
1540,8.426723066426744,9.477619054961071,2.603227364967652e-05,11.103239976203795,0.8891181442891783,323702.9227576307,0.758942712621424,90.0,1.098199134957153,512,16,standardize,0.9473676985260375,0.9701092449872284,1.4551317227842241e-05,12.53537504132379,11.723665953926115,0.634765625,0.9738163173501487,0.9728402386026139,"onorbit_null_ratio is what a point known to be on the orbit scores: the distance from a held-out angle sample to the nearest sample of the interleaved half-grid, in units of that half-grid's spacing. mirror_over_spacing is the same quantity for the mirrored embedding. mirror_over_null near 1 means the mirror is indistinguishable from a genuine orbit point, so reflection is absorbed by rotation and no chirality is encoded; a value well above 1 means the mirror lies off the orbit and the encoder carries handedness. reencode_noise is the pipeline's own floor and is far below both."
1547,11.633688080352474,9.611698845078923,9.86521341331483e-06,9.923569076174719,1.2103675185691847,1179263.7009403952,1.1723290270920312,0.0,0.9836411329920283,512,16,standardize,0.9473676985260375,0.9701092449872284,1.4551317227842241e-05,12.53537504132379,11.723665953926115,0.634765625,0.9738163173501487,0.9728402386026139,"onorbit_null_ratio is what a point known to be on the orbit scores: the distance from a held-out angle sample to the nearest sample of the interleaved half-grid, in units of that half-grid's spacing. mirror_over_spacing is the same quantity for the mirrored embedding. mirror_over_null near 1 means the mirror is indistinguishable from a genuine orbit point, so reflection is absorbed by rotation and no chirality is encoded; a value well above 1 means the mirror lies off the orbit and the encoder carries handedness. reencode_noise is the pipeline's own floor and is far below both."
1556,10.574753239934202,13.276063949797663,1.256040254733107e-05,13.819538162290163,0.7965277419513611,841911.9689902937,0.765203085352728,0.0,0.9625091308000772,512,16,standardize,0.9473676985260375,0.9701092449872284,1.4551317227842241e-05,12.53537504132379,11.723665953926115,0.634765625,0.9738163173501487,0.9728402386026139,"onorbit_null_ratio is what a point known to be on the orbit scores: the distance from a held-out angle sample to the nearest sample of the interleaved half-grid, in units of that half-grid's spacing. mirror_over_spacing is the same quantity for the mirrored embedding. mirror_over_null near 1 means the mirror is indistinguishable from a genuine orbit point, so reflection is absorbed by rotation and no chirality is encoded; a value well above 1 means the mirror lies off the orbit and the encoder carries handedness. reencode_noise is the pipeline's own floor and is far below both."
1605,13.646034321417844,11.689688045995705,1.6966267673110517e-05,15.561394203995949,1.1673565853703243,804303.8448017155,0.8769159204201467,67.5,1.282557453965399,512,16,standardize,0.9473676985260375,0.9701092449872284,1.4551317227842241e-05,12.53537504132379,11.723665953926115,0.634765625,0.9738163173501487,0.9728402386026139,"onorbit_null_ratio is what a point known to be on the orbit scores: the distance from a held-out angle sample to the nearest sample of the interleaved half-grid, in units of that half-grid's spacing. mirror_over_spacing is the same quantity for the mirrored embedding. mirror_over_null near 1 means the mirror is indistinguishable from a genuine orbit point, so reflection is absorbed by rotation and no chirality is encoded; a value well above 1 means the mirror lies off the orbit and the encoder carries handedness. reencode_noise is the pipeline's own floor and is far below both."
1611,11.344733855410903,13.485499498708826,2.3499737408298713e-05,15.67260221859416,0.8412542565810861,482760.0265611741,0.7238577038566945,22.5,1.0024471180734247,512,16,standardize,0.9473676985260375,0.9701092449872284,1.4551317227842241e-05,12.53537504132379,11.723665953926115,0.634765625,0.9738163173501487,0.9728402386026139,"onorbit_null_ratio is what a point known to be on the orbit scores: the distance from a held-out angle sample to the nearest sample of the interleaved half-grid, in units of that half-grid's spacing. mirror_over_spacing is the same quantity for the mirrored embedding. mirror_over_null near 1 means the mirror is indistinguishable from a genuine orbit point, so reflection is absorbed by rotation and no chirality is encoded; a value well above 1 means the mirror lies off the orbit and the encoder carries handedness. reencode_noise is the pipeline's own floor and is far below both."
1645,12.66837220550947,12.302704257880514,0.4843940042079789,12.615405148420795,1.0297225666783567,26.153032645858662,1.0041986013501363,67.5,0.8286325665579455,512,16,standardize,0.9473676985260375,0.9701092449872284,1.4551317227842241e-05,12.53537504132379,11.723665953926115,0.634765625,0.9738163173501487,0.9728402386026139,"onorbit_null_ratio is what a point known to be on the orbit scores: the distance from a held-out angle sample to the nearest sample of the interleaved half-grid, in units of that half-grid's spacing. mirror_over_spacing is the same quantity for the mirrored embedding. mirror_over_null near 1 means the mirror is indistinguishable from a genuine orbit point, so reflection is absorbed by rotation and no chirality is encoded; a value well above 1 means the mirror lies off the orbit and the encoder carries handedness. reencode_noise is the pipeline's own floor and is far below both."
1648,11.280571709229582,12.030515785327811,0.26561153567957474,11.981396219737512,0.9376631817388207,42.47018745013433,0.941507275307912,90.0,0.842929487198734,512,16,standardize,0.9473676985260375,0.9701092449872284,1.4551317227842241e-05,12.53537504132379,11.723665953926115,0.634765625,0.9738163173501487,0.9728402386026139,"onorbit_null_ratio is what a point known to be on the orbit scores: the distance from a held-out angle sample to the nearest sample of the interleaved half-grid, in units of that half-grid's spacing. mirror_over_spacing is the same quantity for the mirrored embedding. mirror_over_null near 1 means the mirror is indistinguishable from a genuine orbit point, so reflection is absorbed by rotation and no chirality is encoded; a value well above 1 means the mirror lies off the orbit and the encoder carries handedness. reencode_noise is the pipeline's own floor and is far below both."
1652,9.130445605395701,12.144426693105395,0.4566898783350687,18.722281208116385,0.7518218715568695,19.992660311811832,0.4876780507621859,67.5,1.5536090810862395,512,16,standardize,0.9473676985260375,0.9701092449872284,1.4551317227842241e-05,12.53537504132379,11.723665953926115,0.634765625,0.9738163173501487,0.9728402386026139,"onorbit_null_ratio is what a point known to be on the orbit scores: the distance from a held-out angle sample to the nearest sample of the interleaved half-grid, in units of that half-grid's spacing. mirror_over_spacing is the same quantity for the mirrored embedding. mirror_over_null near 1 means the mirror is indistinguishable from a genuine orbit point, so reflection is absorbed by rotation and no chirality is encoded; a value well above 1 means the mirror lies off the orbit and the encoder carries handedness. reencode_noise is the pipeline's own floor and is far below both."
1675,12.855638675136914,10.819028059477267,1.4601217789139965e-05,18.904735655211162,1.1882433989877321,880449.7584234809,0.6800221335860472,0.0,1.4974207234492858,512,16,standardize,0.9473676985260375,0.9701092449872284,1.4551317227842241e-05,12.53537504132379,11.723665953926115,0.634765625,0.9738163173501487,0.9728402386026139,"onorbit_null_ratio is what a point known to be on the orbit scores: the distance from a held-out angle sample to the nearest sample of the interleaved half-grid, in units of that half-grid's spacing. mirror_over_spacing is the same quantity for the mirrored embedding. mirror_over_null near 1 means the mirror is indistinguishable from a genuine orbit point, so reflection is absorbed by rotation and no chirality is encoded; a value well above 1 means the mirror lies off the orbit and the encoder carries handedness. reencode_noise is the pipeline's own floor and is far below both."
1684,15.09023791733477,14.524217233359387,1.4869613616005981e-05,16.4246073634738,1.0389708219645284,1014837.2585210488,0.9187579089953472,90.0,1.0887057981488963,512,16,standardize,0.9473676985260375,0.9701092449872284,1.4551317227842241e-05,12.53537504132379,11.723665953926115,0.634765625,0.9738163173501487,0.9728402386026139,"onorbit_null_ratio is what a point known to be on the orbit scores: the distance from a held-out angle sample to the nearest sample of the interleaved half-grid, in units of that half-grid's spacing. mirror_over_spacing is the same quantity for the mirrored embedding. mirror_over_null near 1 means the mirror is indistinguishable from a genuine orbit point, so reflection is absorbed by rotation and no chirality is encoded; a value well above 1 means the mirror lies off the orbit and the encoder carries handedness. reencode_noise is the pipeline's own floor and is far below both."
1695,12.052966894685454,12.042209518002366,0.37414168550023114,12.897592679195249,1.0008933058893392,32.2149799442169,0.9345129121752901,0.0,0.975686310938943,512,16,standardize,0.9473676985260375,0.9701092449872284,1.4551317227842241e-05,12.53537504132379,11.723665953926115,0.634765625,0.9738163173501487,0.9728402386026139,"onorbit_null_ratio is what a point known to be on the orbit scores: the distance from a held-out angle sample to the nearest sample of the interleaved half-grid, in units of that half-grid's spacing. mirror_over_spacing is the same quantity for the mirrored embedding. mirror_over_null near 1 means the mirror is indistinguishable from a genuine orbit point, so reflection is absorbed by rotation and no chirality is encoded; a value well above 1 means the mirror lies off the orbit and the encoder carries handedness. reencode_noise is the pipeline's own floor and is far below both."
1743,11.778019858265155,11.570176915895084,1.2181741627764738e-05,13.587377916672294,1.017963678851318,966858.4524416922,0.8668353769576852,180.0,0.7580015847511414,512,16,standardize,0.9473676985260375,0.9701092449872284,1.4551317227842241e-05,12.53537504132379,11.723665953926115,0.634765625,0.9738163173501487,0.9728402386026139,"onorbit_null_ratio is what a point known to be on the orbit scores: the distance from a held-out angle sample to the nearest sample of the interleaved half-grid, in units of that half-grid's spacing. mirror_over_spacing is the same quantity for the mirrored embedding. mirror_over_null near 1 means the mirror is indistinguishable from a genuine orbit point, so reflection is absorbed by rotation and no chirality is encoded; a value well above 1 means the mirror lies off the orbit and the encoder carries handedness. reencode_noise is the pipeline's own floor and is far below both."
1781,9.837620086345849,10.58853776275447,1.5702628728628334e-05,12.840112807924498,0.9290820231052112,626495.1083260562,0.7661630574051025,247.5,0.9353861593624638,512,16,standardize,0.9473676985260375,0.9701092449872284,1.4551317227842241e-05,12.53537504132379,11.723665953926115,0.634765625,0.9738163173501487,0.9728402386026139,"onorbit_null_ratio is what a point known to be on the orbit scores: the distance from a held-out angle sample to the nearest sample of the interleaved half-grid, in units of that half-grid's spacing. mirror_over_spacing is the same quantity for the mirrored embedding. mirror_over_null near 1 means the mirror is indistinguishable from a genuine orbit point, so reflection is absorbed by rotation and no chirality is encoded; a value well above 1 means the mirror lies off the orbit and the encoder carries handedness. reencode_noise is the pipeline's own floor and is far below both."
1782,18.055697257860636,13.310674854748966,1.0323992021190841e-05,19.082366188520425,1.3564824815338907,1748906.5490170696,0.9461980280371408,292.5,1.3450996836965536,512,16,standardize,0.9473676985260375,0.9701092449872284,1.4551317227842241e-05,12.53537504132379,11.723665953926115,0.634765625,0.9738163173501487,0.9728402386026139,"onorbit_null_ratio is what a point known to be on the orbit scores: the distance from a held-out angle sample to the nearest sample of the interleaved half-grid, in units of that half-grid's spacing. mirror_over_spacing is the same quantity for the mirrored embedding. mirror_over_null near 1 means the mirror is indistinguishable from a genuine orbit point, so reflection is absorbed by rotation and no chirality is encoded; a value well above 1 means the mirror lies off the orbit and the encoder carries handedness. reencode_noise is the pipeline's own floor and is far below both."
1785,14.413675509709805,13.15057735635307,1.1025918928917606e-05,13.425734665912431,1.0960488744432602,1307253.8989840704,1.073585607669257,315.0,0.9235275796798876,512,16,standardize,0.9473676985260375,0.9701092449872284,1.4551317227842241e-05,12.53537504132379,11.723665953926115,0.634765625,0.9738163173501487,0.9728402386026139,"onorbit_null_ratio is what a point known to be on the orbit scores: the distance from a held-out angle sample to the nearest sample of the interleaved half-grid, in units of that half-grid's spacing. mirror_over_spacing is the same quantity for the mirrored embedding. mirror_over_null near 1 means the mirror is indistinguishable from a genuine orbit point, so reflection is absorbed by rotation and no chirality is encoded; a value well above 1 means the mirror lies off the orbit and the encoder carries handedness. reencode_noise is the pipeline's own floor and is far below both."
1792,14.149956471325343,13.054589873043351,1.5677261783858018e-05,15.303598344687304,1.0839066266297521,902578.3115961453,0.92461629955399,135.0,0.9813013539729656,512,16,standardize,0.9473676985260375,0.9701092449872284,1.4551317227842241e-05,12.53537504132379,11.723665953926115,0.634765625,0.9738163173501487,0.9728402386026139,"onorbit_null_ratio is what a point known to be on the orbit scores: the distance from a held-out angle sample to the nearest sample of the interleaved half-grid, in units of that half-grid's spacing. mirror_over_spacing is the same quantity for the mirrored embedding. mirror_over_null near 1 means the mirror is indistinguishable from a genuine orbit point, so reflection is absorbed by rotation and no chirality is encoded; a value well above 1 means the mirror lies off the orbit and the encoder carries handedness. reencode_noise is the pipeline's own floor and is far below both."
1797,13.693187401284188,14.901482745484229,1.4450683017405786e-05,16.23391068604669,0.9189144218171038,947580.6357935333,0.843492838300121,270.0,1.0866825821650499,512,16,standardize,0.9473676985260375,0.9701092449872284,1.4551317227842241e-05,12.53537504132379,11.723665953926115,0.634765625,0.9738163173501487,0.9728402386026139,"onorbit_null_ratio is what a point known to be on the orbit scores: the distance from a held-out angle sample to the nearest sample of the interleaved half-grid, in units of that half-grid's spacing. mirror_over_spacing is the same quantity for the mirrored embedding. mirror_over_null near 1 means the mirror is indistinguishable from a genuine orbit point, so reflection is absorbed by rotation and no chirality is encoded; a value well above 1 means the mirror lies off the orbit and the encoder carries handedness. reencode_noise is the pipeline's own floor and is far below both."
1921,13.512479348246778,14.13545306040784,1.4523186345703318e-05,14.939495559209025,0.9559282812161177,930407.3518442764,0.9044802948461935,0.0,1.0279608301241303,512,16,standardize,0.9473676985260375,0.9701092449872284,1.4551317227842241e-05,12.53537504132379,11.723665953926115,0.634765625,0.9738163173501487,0.9728402386026139,"onorbit_null_ratio is what a point known to be on the orbit scores: the distance from a held-out angle sample to the nearest sample of the interleaved half-grid, in units of that half-grid's spacing. mirror_over_spacing is the same quantity for the mirrored embedding. mirror_over_null near 1 means the mirror is indistinguishable from a genuine orbit point, so reflection is absorbed by rotation and no chirality is encoded; a value well above 1 means the mirror lies off the orbit and the encoder carries handedness. reencode_noise is the pipeline's own floor and is far below both."
1928,10.61928645888559,10.296220303228743,1.4573098322155289e-05,11.811189964378155,1.0313771603697657,728691.0596589628,0.8990869244261352,180.0,0.698406927661807,512,16,standardize,0.9473676985260375,0.9701092449872284,1.4551317227842241e-05,12.53537504132379,11.723665953926115,0.634765625,0.9738163173501487,0.9728402386026139,"onorbit_null_ratio is what a point known to be on the orbit scores: the distance from a held-out angle sample to the nearest sample of the interleaved half-grid, in units of that half-grid's spacing. mirror_over_spacing is the same quantity for the mirrored embedding. mirror_over_null near 1 means the mirror is indistinguishable from a genuine orbit point, so reflection is absorbed by rotation and no chirality is encoded; a value well above 1 means the mirror lies off the orbit and the encoder carries handedness. reencode_noise is the pipeline's own floor and is far below both."
1934,12.211169865896885,12.803476900497571,3.1649523495009136e-05,14.037671066119607,0.9537385790435043,385824.7618742975,0.8698857387653822,0.0,1.0173515069755656,512,16,standardize,0.9473676985260375,0.9701092449872284,1.4551317227842241e-05,12.53537504132379,11.723665953926115,0.634765625,0.9738163173501487,0.9728402386026139,"onorbit_null_ratio is what a point known to be on the orbit scores: the distance from a held-out angle sample to the nearest sample of the interleaved half-grid, in units of that half-grid's spacing. mirror_over_spacing is the same quantity for the mirrored embedding. mirror_over_null near 1 means the mirror is indistinguishable from a genuine orbit point, so reflection is absorbed by rotation and no chirality is encoded; a value well above 1 means the mirror lies off the orbit and the encoder carries handedness. reencode_noise is the pipeline's own floor and is far below both."
1936,10.873652911426642,12.125226826075474,1.622921643693142e-05,14.782672979758356,0.8967793400815147,670004.7999041047,0.7355674394147619,90.0,0.7723724745175572,512,16,standardize,0.9473676985260375,0.9701092449872284,1.4551317227842241e-05,12.53537504132379,11.723665953926115,0.634765625,0.9738163173501487,0.9728402386026139,"onorbit_null_ratio is what a point known to be on the orbit scores: the distance from a held-out angle sample to the nearest sample of the interleaved half-grid, in units of that half-grid's spacing. mirror_over_spacing is the same quantity for the mirrored embedding. mirror_over_null near 1 means the mirror is indistinguishable from a genuine orbit point, so reflection is absorbed by rotation and no chirality is encoded; a value well above 1 means the mirror lies off the orbit and the encoder carries handedness. reencode_noise is the pipeline's own floor and is far below both."
1941,17.76097845103552,14.192079583226079,0.2639994259807321,16.71080596904224,1.2514711707245214,67.27657980715381,1.062843915723681,270.0,1.0400290004281985,512,16,standardize,0.9473676985260375,0.9701092449872284,1.4551317227842241e-05,12.53537504132379,11.723665953926115,0.634765625,0.9738163173501487,0.9728402386026139,"onorbit_null_ratio is what a point known to be on the orbit scores: the distance from a held-out angle sample to the nearest sample of the interleaved half-grid, in units of that half-grid's spacing. mirror_over_spacing is the same quantity for the mirrored embedding. mirror_over_null near 1 means the mirror is indistinguishable from a genuine orbit point, so reflection is absorbed by rotation and no chirality is encoded; a value well above 1 means the mirror lies off the orbit and the encoder carries handedness. reencode_noise is the pipeline's own floor and is far below both."
1942,14.208771106600617,12.474673738734745,1.8054195400173456e-05,19.939443665190076,1.1390094365739905,787006.6093592909,0.7125961659304485,135.0,1.2865740506594152,512,16,standardize,0.9473676985260375,0.9701092449872284,1.4551317227842241e-05,12.53537504132379,11.723665953926115,0.634765625,0.9738163173501487,0.9728402386026139,"onorbit_null_ratio is what a point known to be on the orbit scores: the distance from a held-out angle sample to the nearest sample of the interleaved half-grid, in units of that half-grid's spacing. mirror_over_spacing is the same quantity for the mirrored embedding. mirror_over_null near 1 means the mirror is indistinguishable from a genuine orbit point, so reflection is absorbed by rotation and no chirality is encoded; a value well above 1 means the mirror lies off the orbit and the encoder carries handedness. reencode_noise is the pipeline's own floor and is far below both."
1961,9.07383836524483,12.628852288317464,2.0707899240489218e-05,14.791372154170059,0.7185006331603656,438182.4665006658,0.6134548080237903,202.5,0.9918663191195763,512,16,standardize,0.9473676985260375,0.9701092449872284,1.4551317227842241e-05,12.53537504132379,11.723665953926115,0.634765625,0.9738163173501487,0.9728402386026139,"onorbit_null_ratio is what a point known to be on the orbit scores: the distance from a held-out angle sample to the nearest sample of the interleaved half-grid, in units of that half-grid's spacing. mirror_over_spacing is the same quantity for the mirrored embedding. mirror_over_null near 1 means the mirror is indistinguishable from a genuine orbit point, so reflection is absorbed by rotation and no chirality is encoded; a value well above 1 means the mirror lies off the orbit and the encoder carries handedness. reencode_noise is the pipeline's own floor and is far below both."
1967,10.234710498564615,11.181139066213127,1.9513819533456452e-05,14.845733645960884,0.9153549059676392,524485.2490829485,0.6894041576280873,112.5,0.7881222920923671,512,16,standardize,0.9473676985260375,0.9701092449872284,1.4551317227842241e-05,12.53537504132379,11.723665953926115,0.634765625,0.9738163173501487,0.9728402386026139,"onorbit_null_ratio is what a point known to be on the orbit scores: the distance from a held-out angle sample to the nearest sample of the interleaved half-grid, in units of that half-grid's spacing. mirror_over_spacing is the same quantity for the mirrored embedding. mirror_over_null near 1 means the mirror is indistinguishable from a genuine orbit point, so reflection is absorbed by rotation and no chirality is encoded; a value well above 1 means the mirror lies off the orbit and the encoder carries handedness. reencode_noise is the pipeline's own floor and is far below both."
1976,12.979388406179556,13.25513803511483,2.4474440598588873e-05,18.087187672539017,0.9791967742467281,530324.2112478727,0.7176012457639057,180.0,1.5211338828624827,512,16,standardize,0.9473676985260375,0.9701092449872284,1.4551317227842241e-05,12.53537504132379,11.723665953926115,0.634765625,0.9738163173501487,0.9728402386026139,"onorbit_null_ratio is what a point known to be on the orbit scores: the distance from a held-out angle sample to the nearest sample of the interleaved half-grid, in units of that half-grid's spacing. mirror_over_spacing is the same quantity for the mirrored embedding. mirror_over_null near 1 means the mirror is indistinguishable from a genuine orbit point, so reflection is absorbed by rotation and no chirality is encoded; a value well above 1 means the mirror lies off the orbit and the encoder carries handedness. reencode_noise is the pipeline's own floor and is far below both."
1987,12.16914257817655,12.896042681209732,1.2398599564225167e-05,13.255685531333835,0.9436338634260014,981493.3142360132,0.9180319304807804,135.0,0.8250431172956715,512,16,standardize,0.9473676985260375,0.9701092449872284,1.4551317227842241e-05,12.53537504132379,11.723665953926115,0.634765625,0.9738163173501487,0.9728402386026139,"onorbit_null_ratio is what a point known to be on the orbit scores: the distance from a held-out angle sample to the nearest sample of the interleaved half-grid, in units of that half-grid's spacing. mirror_over_spacing is the same quantity for the mirrored embedding. mirror_over_null near 1 means the mirror is indistinguishable from a genuine orbit point, so reflection is absorbed by rotation and no chirality is encoded; a value well above 1 means the mirror lies off the orbit and the encoder carries handedness. reencode_noise is the pipeline's own floor and is far below both."
1999,15.44156608869646,12.207836198815407,1.3758195008447976e-05,13.6258207647648,1.2648896853805132,1122354.0645567852,1.133257684456486,202.5,0.8621689045447684,512,16,standardize,0.9473676985260375,0.9701092449872284,1.4551317227842241e-05,12.53537504132379,11.723665953926115,0.634765625,0.9738163173501487,0.9728402386026139,"onorbit_null_ratio is what a point known to be on the orbit scores: the distance from a held-out angle sample to the nearest sample of the interleaved half-grid, in units of that half-grid's spacing. mirror_over_spacing is the same quantity for the mirrored embedding. mirror_over_null near 1 means the mirror is indistinguishable from a genuine orbit point, so reflection is absorbed by rotation and no chirality is encoded; a value well above 1 means the mirror lies off the orbit and the encoder carries handedness. reencode_noise is the pipeline's own floor and is far below both."
2002,10.717647600487949,13.292542649965522,1.0514675835352884e-05,17.430115360506303,0.8062902548231242,1019303.6635948989,0.6148925224426413,22.5,1.1966350310203462,512,16,standardize,0.9473676985260375,0.9701092449872284,1.4551317227842241e-05,12.53537504132379,11.723665953926115,0.634765625,0.9738163173501487,0.9728402386026139,"onorbit_null_ratio is what a point known to be on the orbit scores: the distance from a held-out angle sample to the nearest sample of the interleaved half-grid, in units of that half-grid's spacing. mirror_over_spacing is the same quantity for the mirrored embedding. mirror_over_null near 1 means the mirror is indistinguishable from a genuine orbit point, so reflection is absorbed by rotation and no chirality is encoded; a value well above 1 means the mirror lies off the orbit and the encoder carries handedness. reencode_noise is the pipeline's own floor and is far below both."
2024,10.243704193115242,11.723197724996881,1.4439149190600614e-05,11.39564101691419,0.8737977839675111,709439.5977142156,0.8989142583476292,22.5,0.9539926452099433,512,16,standardize,0.9473676985260375,0.9701092449872284,1.4551317227842241e-05,12.53537504132379,11.723665953926115,0.634765625,0.9738163173501487,0.9728402386026139,"onorbit_null_ratio is what a point known to be on the orbit scores: the distance from a held-out angle sample to the nearest sample of the interleaved half-grid, in units of that half-grid's spacing. mirror_over_spacing is the same quantity for the mirrored embedding. mirror_over_null near 1 means the mirror is indistinguishable from a genuine orbit point, so reflection is absorbed by rotation and no chirality is encoded; a value well above 1 means the mirror lies off the orbit and the encoder carries handedness. reencode_noise is the pipeline's own floor and is far below both."
2028,11.516703018428164,11.482955436884582,2.3514151783449798e-05,14.476478424872553,1.002938928199197,489777.5231056423,0.7955458973116629,90.0,0.9256670111050253,512,16,standardize,0.9473676985260375,0.9701092449872284,1.4551317227842241e-05,12.53537504132379,11.723665953926115,0.634765625,0.9738163173501487,0.9728402386026139,"onorbit_null_ratio is what a point known to be on the orbit scores: the distance from a held-out angle sample to the nearest sample of the interleaved half-grid, in units of that half-grid's spacing. mirror_over_spacing is the same quantity for the mirrored embedding. mirror_over_null near 1 means the mirror is indistinguishable from a genuine orbit point, so reflection is absorbed by rotation and no chirality is encoded; a value well above 1 means the mirror lies off the orbit and the encoder carries handedness. reencode_noise is the pipeline's own floor and is far below both."
2030,11.324514256118592,12.480447768345858,1.5227886740114618e-05,15.745612597675196,0.9073804455030005,743669.4565298136,0.7192171270484979,180.0,0.9851937357020613,512,16,standardize,0.9473676985260375,0.9701092449872284,1.4551317227842241e-05,12.53537504132379,11.723665953926115,0.634765625,0.9738163173501487,0.9728402386026139,"onorbit_null_ratio is what a point known to be on the orbit scores: the distance from a held-out angle sample to the nearest sample of the interleaved half-grid, in units of that half-grid's spacing. mirror_over_spacing is the same quantity for the mirrored embedding. mirror_over_null near 1 means the mirror is indistinguishable from a genuine orbit point, so reflection is absorbed by rotation and no chirality is encoded; a value well above 1 means the mirror lies off the orbit and the encoder carries handedness. reencode_noise is the pipeline's own floor and is far below both."
2046,12.499748055168283,13.349228882061066,9.395596588637032e-06,25.48817800307033,0.9363648017126793,1330383.646982608,0.490413557754601,45.0,2.1649911620950197,512,16,standardize,0.9473676985260375,0.9701092449872284,1.4551317227842241e-05,12.53537504132379,11.723665953926115,0.634765625,0.9738163173501487,0.9728402386026139,"onorbit_null_ratio is what a point known to be on the orbit scores: the distance from a held-out angle sample to the nearest sample of the interleaved half-grid, in units of that half-grid's spacing. mirror_over_spacing is the same quantity for the mirrored embedding. mirror_over_null near 1 means the mirror is indistinguishable from a genuine orbit point, so reflection is absorbed by rotation and no chirality is encoded; a value well above 1 means the mirror lies off the orbit and the encoder carries handedness. reencode_noise is the pipeline's own floor and is far below both."
2047,8.077328967597072,13.105137375322371,1.3443200482719146e-05,21.02040865346726,0.6163482866503244,600848.6578757976,0.38426127202169014,270.0,1.4446382464563365,512,16,standardize,0.9473676985260375,0.9701092449872284,1.4551317227842241e-05,12.53537504132379,11.723665953926115,0.634765625,0.9738163173501487,0.9728402386026139,"onorbit_null_ratio is what a point known to be on the orbit scores: the distance from a held-out angle sample to the nearest sample of the interleaved half-grid, in units of that half-grid's spacing. mirror_over_spacing is the same quantity for the mirrored embedding. mirror_over_null near 1 means the mirror is indistinguishable from a genuine orbit point, so reflection is absorbed by rotation and no chirality is encoded; a value well above 1 means the mirror lies off the orbit and the encoder carries handedness. reencode_noise is the pipeline's own floor and is far below both."
2074,10.300104516128293,8.995973014190877,1.516247355013975e-05,8.68544323509305,1.1449683652763507,679315.5801438057,1.185904304170833,337.5,0.906314153054986,512,16,standardize,0.9473676985260375,0.9701092449872284,1.4551317227842241e-05,12.53537504132379,11.723665953926115,0.634765625,0.9738163173501487,0.9728402386026139,"onorbit_null_ratio is what a point known to be on the orbit scores: the distance from a held-out angle sample to the nearest sample of the interleaved half-grid, in units of that half-grid's spacing. mirror_over_spacing is the same quantity for the mirrored embedding. mirror_over_null near 1 means the mirror is indistinguishable from a genuine orbit point, so reflection is absorbed by rotation and no chirality is encoded; a value well above 1 means the mirror lies off the orbit and the encoder carries handedness. reencode_noise is the pipeline's own floor and is far below both."
2082,13.339814742049048,12.709635298048067,1.4824416842152467e-05,15.137639322926177,1.0495828109322511,899854.2663828753,0.8812348119462526,292.5,0.965194296247033,512,16,standardize,0.9473676985260375,0.9701092449872284,1.4551317227842241e-05,12.53537504132379,11.723665953926115,0.634765625,0.9738163173501487,0.9728402386026139,"onorbit_null_ratio is what a point known to be on the orbit scores: the distance from a held-out angle sample to the nearest sample of the interleaved half-grid, in units of that half-grid's spacing. mirror_over_spacing is the same quantity for the mirrored embedding. mirror_over_null near 1 means the mirror is indistinguishable from a genuine orbit point, so reflection is absorbed by rotation and no chirality is encoded; a value well above 1 means the mirror lies off the orbit and the encoder carries handedness. reencode_noise is the pipeline's own floor and is far below both."
2095,8.4468885196369,9.973992412972837,3.643769564890544e-05,12.79963496691093,0.8468914121741576,231817.3081258128,0.6599319856756413,157.5,0.8482382412003242,512,16,standardize,0.9473676985260375,0.9701092449872284,1.4551317227842241e-05,12.53537504132379,11.723665953926115,0.634765625,0.9738163173501487,0.9728402386026139,"onorbit_null_ratio is what a point known to be on the orbit scores: the distance from a held-out angle sample to the nearest sample of the interleaved half-grid, in units of that half-grid's spacing. mirror_over_spacing is the same quantity for the mirrored embedding. mirror_over_null near 1 means the mirror is indistinguishable from a genuine orbit point, so reflection is absorbed by rotation and no chirality is encoded; a value well above 1 means the mirror lies off the orbit and the encoder carries handedness. reencode_noise is the pipeline's own floor and is far below both."
2098,9.28718633034976,12.43072225577464,0.3931474660489586,14.23423874422217,0.747115585020447,23.62265341217595,0.6524540228130942,67.5,0.8691353361506647,512,16,standardize,0.9473676985260375,0.9701092449872284,1.4551317227842241e-05,12.53537504132379,11.723665953926115,0.634765625,0.9738163173501487,0.9728402386026139,"onorbit_null_ratio is what a point known to be on the orbit scores: the distance from a held-out angle sample to the nearest sample of the interleaved half-grid, in units of that half-grid's spacing. mirror_over_spacing is the same quantity for the mirrored embedding. mirror_over_null near 1 means the mirror is indistinguishable from a genuine orbit point, so reflection is absorbed by rotation and no chirality is encoded; a value well above 1 means the mirror lies off the orbit and the encoder carries handedness. reencode_noise is the pipeline's own floor and is far below both."
2127,13.950530419923018,16.790967336552484,1.4638821821370675e-05,19.66261627379027,0.8308354212299561,952981.7761397406,0.7094951264709719,45.0,0.9829950081061071,512,16,standardize,0.9473676985260375,0.9701092449872284,1.4551317227842241e-05,12.53537504132379,11.723665953926115,0.634765625,0.9738163173501487,0.9728402386026139,"onorbit_null_ratio is what a point known to be on the orbit scores: the distance from a held-out angle sample to the nearest sample of the interleaved half-grid, in units of that half-grid's spacing. mirror_over_spacing is the same quantity for the mirrored embedding. mirror_over_null near 1 means the mirror is indistinguishable from a genuine orbit point, so reflection is absorbed by rotation and no chirality is encoded; a value well above 1 means the mirror lies off the orbit and the encoder carries handedness. reencode_noise is the pipeline's own floor and is far below both."
2128,9.887291130625272,11.745237498659574,9.277193732356064e-06,14.18929072015203,0.8418127885241707,1065763.1408667658,0.6968136269548035,270.0,1.2049134633219505,512,16,standardize,0.9473676985260375,0.9701092449872284,1.4551317227842241e-05,12.53537504132379,11.723665953926115,0.634765625,0.9738163173501487,0.9728402386026139,"onorbit_null_ratio is what a point known to be on the orbit scores: the distance from a held-out angle sample to the nearest sample of the interleaved half-grid, in units of that half-grid's spacing. mirror_over_spacing is the same quantity for the mirrored embedding. mirror_over_null near 1 means the mirror is indistinguishable from a genuine orbit point, so reflection is absorbed by rotation and no chirality is encoded; a value well above 1 means the mirror lies off the orbit and the encoder carries handedness. reencode_noise is the pipeline's own floor and is far below both."
2140,9.79980495352815,12.167869188434043,1.1507982138236554e-05,12.426931638851336,0.8053838187908188,851565.8814734519,0.7885940985536781,292.5,0.9093264706353215,512,16,standardize,0.9473676985260375,0.9701092449872284,1.4551317227842241e-05,12.53537504132379,11.723665953926115,0.634765625,0.9738163173501487,0.9728402386026139,"onorbit_null_ratio is what a point known to be on the orbit scores: the distance from a held-out angle sample to the nearest sample of the interleaved half-grid, in units of that half-grid's spacing. mirror_over_spacing is the same quantity for the mirrored embedding. mirror_over_null near 1 means the mirror is indistinguishable from a genuine orbit point, so reflection is absorbed by rotation and no chirality is encoded; a value well above 1 means the mirror lies off the orbit and the encoder carries handedness. reencode_noise is the pipeline's own floor and is far below both."
2146,10.27199994275648,12.359423214318024,1.251687490020913e-05,17.478292956494773,0.831106740552154,820652.121607835,0.5877004103503998,112.5,1.0163229323643026,512,16,standardize,0.9473676985260375,0.9701092449872284,1.4551317227842241e-05,12.53537504132379,11.723665953926115,0.634765625,0.9738163173501487,0.9728402386026139,"onorbit_null_ratio is what a point known to be on the orbit scores: the distance from a held-out angle sample to the nearest sample of the interleaved half-grid, in units of that half-grid's spacing. mirror_over_spacing is the same quantity for the mirrored embedding. mirror_over_null near 1 means the mirror is indistinguishable from a genuine orbit point, so reflection is absorbed by rotation and no chirality is encoded; a value well above 1 means the mirror lies off the orbit and the encoder carries handedness. reencode_noise is the pipeline's own floor and is far below both."
2159,11.90565896229063,12.68882552206901,1.2269205002019448e-05,13.398518180175042,0.9382790346973989,970369.2260689278,0.8885802744893608,202.5,0.7469256544756203,512,16,standardize,0.9473676985260375,0.9701092449872284,1.4551317227842241e-05,12.53537504132379,11.723665953926115,0.634765625,0.9738163173501487,0.9728402386026139,"onorbit_null_ratio is what a point known to be on the orbit scores: the distance from a held-out angle sample to the nearest sample of the interleaved half-grid, in units of that half-grid's spacing. mirror_over_spacing is the same quantity for the mirrored embedding. mirror_over_null near 1 means the mirror is indistinguishable from a genuine orbit point, so reflection is absorbed by rotation and no chirality is encoded; a value well above 1 means the mirror lies off the orbit and the encoder carries handedness. reencode_noise is the pipeline's own floor and is far below both."
2183,8.208268465377008,13.171242110619861,1.1520388296855405e-05,17.269680518152448,0.6231962328563341,712499.2885541479,0.4752993812913424,0.0,1.014370433266318,512,16,standardize,0.9473676985260375,0.9701092449872284,1.4551317227842241e-05,12.53537504132379,11.723665953926115,0.634765625,0.9738163173501487,0.9728402386026139,"onorbit_null_ratio is what a point known to be on the orbit scores: the distance from a held-out angle sample to the nearest sample of the interleaved half-grid, in units of that half-grid's spacing. mirror_over_spacing is the same quantity for the mirrored embedding. mirror_over_null near 1 means the mirror is indistinguishable from a genuine orbit point, so reflection is absorbed by rotation and no chirality is encoded; a value well above 1 means the mirror lies off the orbit and the encoder carries handedness. reencode_noise is the pipeline's own floor and is far below both."
2225,9.107413173418124,10.670786563185535,1.0334202637992157e-05,10.406124387002754,0.8534903326469778,881288.4256726373,0.8751974159364537,0.0,0.9567520577093422,512,16,standardize,0.9473676985260375,0.9701092449872284,1.4551317227842241e-05,12.53537504132379,11.723665953926115,0.634765625,0.9738163173501487,0.9728402386026139,"onorbit_null_ratio is what a point known to be on the orbit scores: the distance from a held-out angle sample to the nearest sample of the interleaved half-grid, in units of that half-grid's spacing. mirror_over_spacing is the same quantity for the mirrored embedding. mirror_over_null near 1 means the mirror is indistinguishable from a genuine orbit point, so reflection is absorbed by rotation and no chirality is encoded; a value well above 1 means the mirror lies off the orbit and the encoder carries handedness. reencode_noise is the pipeline's own floor and is far below both."
2232,9.60131579914023,12.789928922964354,1.2224944071066851e-05,13.62203861377888,0.7506934445820914,785387.298569648,0.704836924293282,112.5,1.0508998029197865,512,16,standardize,0.9473676985260375,0.9701092449872284,1.4551317227842241e-05,12.53537504132379,11.723665953926115,0.634765625,0.9738163173501487,0.9728402386026139,"onorbit_null_ratio is what a point known to be on the orbit scores: the distance from a held-out angle sample to the nearest sample of the interleaved half-grid, in units of that half-grid's spacing. mirror_over_spacing is the same quantity for the mirrored embedding. mirror_over_null near 1 means the mirror is indistinguishable from a genuine orbit point, so reflection is absorbed by rotation and no chirality is encoded; a value well above 1 means the mirror lies off the orbit and the encoder carries handedness. reencode_noise is the pipeline's own floor and is far below both."
2322,17.149926936294303,13.98743820979913,1.4177395227420258e-05,18.193738684705266,1.2260949202463423,1209666.9847451895,0.942627968528071,180.0,0.7762394858461753,512,16,standardize,0.9473676985260375,0.9701092449872284,1.4551317227842241e-05,12.53537504132379,11.723665953926115,0.634765625,0.9738163173501487,0.9728402386026139,"onorbit_null_ratio is what a point known to be on the orbit scores: the distance from a held-out angle sample to the nearest sample of the interleaved half-grid, in units of that half-grid's spacing. mirror_over_spacing is the same quantity for the mirrored embedding. mirror_over_null near 1 means the mirror is indistinguishable from a genuine orbit point, so reflection is absorbed by rotation and no chirality is encoded; a value well above 1 means the mirror lies off the orbit and the encoder carries handedness. reencode_noise is the pipeline's own floor and is far below both."
2340,16.993825583344698,13.161084958421547,1.0640181059299679e-05,21.183446377492412,1.291217679775758,1597136.8803439522,0.8022219463496166,0.0,1.2361150618316215,512,16,standardize,0.9473676985260375,0.9701092449872284,1.4551317227842241e-05,12.53537504132379,11.723665953926115,0.634765625,0.9738163173501487,0.9728402386026139,"onorbit_null_ratio is what a point known to be on the orbit scores: the distance from a held-out angle sample to the nearest sample of the interleaved half-grid, in units of that half-grid's spacing. mirror_over_spacing is the same quantity for the mirrored embedding. mirror_over_null near 1 means the mirror is indistinguishable from a genuine orbit point, so reflection is absorbed by rotation and no chirality is encoded; a value well above 1 means the mirror lies off the orbit and the encoder carries handedness. reencode_noise is the pipeline's own floor and is far below both."
2355,10.43581115708561,11.873776383451876,1.0941072875839372e-05,12.800471524670133,0.878895712709369,953819.7282398597,0.8152677139254477,112.5,0.8441657669897319,512,16,standardize,0.9473676985260375,0.9701092449872284,1.4551317227842241e-05,12.53537504132379,11.723665953926115,0.634765625,0.9738163173501487,0.9728402386026139,"onorbit_null_ratio is what a point known to be on the orbit scores: the distance from a held-out angle sample to the nearest sample of the interleaved half-grid, in units of that half-grid's spacing. mirror_over_spacing is the same quantity for the mirrored embedding. mirror_over_null near 1 means the mirror is indistinguishable from a genuine orbit point, so reflection is absorbed by rotation and no chirality is encoded; a value well above 1 means the mirror lies off the orbit and the encoder carries handedness. reencode_noise is the pipeline's own floor and is far below both."
2373,10.960513653692429,12.267012642993935,0.48951690595493247,12.673667412676124,0.8934949341519031,22.390470115247687,0.8648257285598161,202.5,0.9256717651359821,512,16,standardize,0.9473676985260375,0.9701092449872284,1.4551317227842241e-05,12.53537504132379,11.723665953926115,0.634765625,0.9738163173501487,0.9728402386026139,"onorbit_null_ratio is what a point known to be on the orbit scores: the distance from a held-out angle sample to the nearest sample of the interleaved half-grid, in units of that half-grid's spacing. mirror_over_spacing is the same quantity for the mirrored embedding. mirror_over_null near 1 means the mirror is indistinguishable from a genuine orbit point, so reflection is absorbed by rotation and no chirality is encoded; a value well above 1 means the mirror lies off the orbit and the encoder carries handedness. reencode_noise is the pipeline's own floor and is far below both."
2429,13.14237572928936,13.647719455323085,1.5628975900009326e-05,14.806217299389079,0.9629722952843508,840898.0737683215,0.8876254794552846,22.5,0.8011313088930974,512,16,standardize,0.9473676985260375,0.9701092449872284,1.4551317227842241e-05,12.53537504132379,11.723665953926115,0.634765625,0.9738163173501487,0.9728402386026139,"onorbit_null_ratio is what a point known to be on the orbit scores: the distance from a held-out angle sample to the nearest sample of the interleaved half-grid, in units of that half-grid's spacing. mirror_over_spacing is the same quantity for the mirrored embedding. mirror_over_null near 1 means the mirror is indistinguishable from a genuine orbit point, so reflection is absorbed by rotation and no chirality is encoded; a value well above 1 means the mirror lies off the orbit and the encoder carries handedness. reencode_noise is the pipeline's own floor and is far below both."
2460,8.399893074960923,9.681205374489142,1.189832078896498e-05,12.520133866749902,0.8676495074771791,705972.9876127855,0.6709108036990542,247.5,0.8226461936920195,512,16,standardize,0.9473676985260375,0.9701092449872284,1.4551317227842241e-05,12.53537504132379,11.723665953926115,0.634765625,0.9738163173501487,0.9728402386026139,"onorbit_null_ratio is what a point known to be on the orbit scores: the distance from a held-out angle sample to the nearest sample of the interleaved half-grid, in units of that half-grid's spacing. mirror_over_spacing is the same quantity for the mirrored embedding. mirror_over_null near 1 means the mirror is indistinguishable from a genuine orbit point, so reflection is absorbed by rotation and no chirality is encoded; a value well above 1 means the mirror lies off the orbit and the encoder carries handedness. reencode_noise is the pipeline's own floor and is far below both."
2496,10.84565939361637,11.260011879124193,1.4003077151899737e-05,11.718004145680688,0.9632014166631544,774519.7199134895,0.925555176357753,22.5,0.814968075336194,512,16,standardize,0.9473676985260375,0.9701092449872284,1.4551317227842241e-05,12.53537504132379,11.723665953926115,0.634765625,0.9738163173501487,0.9728402386026139,"onorbit_null_ratio is what a point known to be on the orbit scores: the distance from a held-out angle sample to the nearest sample of the interleaved half-grid, in units of that half-grid's spacing. mirror_over_spacing is the same quantity for the mirrored embedding. mirror_over_null near 1 means the mirror is indistinguishable from a genuine orbit point, so reflection is absorbed by rotation and no chirality is encoded; a value well above 1 means the mirror lies off the orbit and the encoder carries handedness. reencode_noise is the pipeline's own floor and is far below both."
2504,8.287750550699302,11.061532791066798,9.519987492342122e-06,19.844822873335836,0.7492406981239003,870563.176408159,0.4176278419614921,315.0,1.9046290905557879,512,16,standardize,0.9473676985260375,0.9701092449872284,1.4551317227842241e-05,12.53537504132379,11.723665953926115,0.634765625,0.9738163173501487,0.9728402386026139,"onorbit_null_ratio is what a point known to be on the orbit scores: the distance from a held-out angle sample to the nearest sample of the interleaved half-grid, in units of that half-grid's spacing. mirror_over_spacing is the same quantity for the mirrored embedding. mirror_over_null near 1 means the mirror is indistinguishable from a genuine orbit point, so reflection is absorbed by rotation and no chirality is encoded; a value well above 1 means the mirror lies off the orbit and the encoder carries handedness. reencode_noise is the pipeline's own floor and is far below both."
2592,8.219886819653773,12.472870673018804,1.1571521660879337e-05,13.898013222696191,0.6590212498101944,710354.8747130921,0.5914433011353207,292.5,0.9575630821871257,512,16,standardize,0.9473676985260375,0.9701092449872284,1.4551317227842241e-05,12.53537504132379,11.723665953926115,0.634765625,0.9738163173501487,0.9728402386026139,"onorbit_null_ratio is what a point known to be on the orbit scores: the distance from a held-out angle sample to the nearest sample of the interleaved half-grid, in units of that half-grid's spacing. mirror_over_spacing is the same quantity for the mirrored embedding. mirror_over_null near 1 means the mirror is indistinguishable from a genuine orbit point, so reflection is absorbed by rotation and no chirality is encoded; a value well above 1 means the mirror lies off the orbit and the encoder carries handedness. reencode_noise is the pipeline's own floor and is far below both."
2593,14.731438863395574,12.824742217139175,1.349105971250537e-05,15.1905447495614,1.1486732921390235,1091940.8243179333,0.9697768649028151,22.5,0.9761341490950382,512,16,standardize,0.9473676985260375,0.9701092449872284,1.4551317227842241e-05,12.53537504132379,11.723665953926115,0.634765625,0.9738163173501487,0.9728402386026139,"onorbit_null_ratio is what a point known to be on the orbit scores: the distance from a held-out angle sample to the nearest sample of the interleaved half-grid, in units of that half-grid's spacing. mirror_over_spacing is the same quantity for the mirrored embedding. mirror_over_null near 1 means the mirror is indistinguishable from a genuine orbit point, so reflection is absorbed by rotation and no chirality is encoded; a value well above 1 means the mirror lies off the orbit and the encoder carries handedness. reencode_noise is the pipeline's own floor and is far below both."
2601,13.45127039603537,12.567624840204214,1.9813175897856998e-05,15.728556948914655,1.0703112614409325,678905.3135842935,0.8552132557185148,45.0,0.9389985693097695,512,16,standardize,0.9473676985260375,0.9701092449872284,1.4551317227842241e-05,12.53537504132379,11.723665953926115,0.634765625,0.9738163173501487,0.9728402386026139,"onorbit_null_ratio is what a point known to be on the orbit scores: the distance from a held-out angle sample to the nearest sample of the interleaved half-grid, in units of that half-grid's spacing. mirror_over_spacing is the same quantity for the mirrored embedding. mirror_over_null near 1 means the mirror is indistinguishable from a genuine orbit point, so reflection is absorbed by rotation and no chirality is encoded; a value well above 1 means the mirror lies off the orbit and the encoder carries handedness. reencode_noise is the pipeline's own floor and is far below both."
2610,14.207150435804447,12.18333653132945,1.6193647379111848e-05,15.531402833055317,1.1661132727697998,877328.6278994948,0.9147371031783119,180.0,1.3827850678261329,512,16,standardize,0.9473676985260375,0.9701092449872284,1.4551317227842241e-05,12.53537504132379,11.723665953926115,0.634765625,0.9738163173501487,0.9728402386026139,"onorbit_null_ratio is what a point known to be on the orbit scores: the distance from a held-out angle sample to the nearest sample of the interleaved half-grid, in units of that half-grid's spacing. mirror_over_spacing is the same quantity for the mirrored embedding. mirror_over_null near 1 means the mirror is indistinguishable from a genuine orbit point, so reflection is absorbed by rotation and no chirality is encoded; a value well above 1 means the mirror lies off the orbit and the encoder carries handedness. reencode_noise is the pipeline's own floor and is far below both."
2616,10.62827515929195,15.42585360379328,4.073243284356686e-05,18.305300617621285,0.6889910556831951,260929.05376189784,0.5806118883980973,67.5,1.167562061497348,512,16,standardize,0.9473676985260375,0.9701092449872284,1.4551317227842241e-05,12.53537504132379,11.723665953926115,0.634765625,0.9738163173501487,0.9728402386026139,"onorbit_null_ratio is what a point known to be on the orbit scores: the distance from a held-out angle sample to the nearest sample of the interleaved half-grid, in units of that half-grid's spacing. mirror_over_spacing is the same quantity for the mirrored embedding. mirror_over_null near 1 means the mirror is indistinguishable from a genuine orbit point, so reflection is absorbed by rotation and no chirality is encoded; a value well above 1 means the mirror lies off the orbit and the encoder carries handedness. reencode_noise is the pipeline's own floor and is far below both."
2632,15.860203427597657,15.731104825291087,1.2596734718092836e-05,17.62449351580561,1.0082065820386001,1259072.591631025,0.899895558041101,0.0,1.1456673089876073,512,16,standardize,0.9473676985260375,0.9701092449872284,1.4551317227842241e-05,12.53537504132379,11.723665953926115,0.634765625,0.9738163173501487,0.9728402386026139,"onorbit_null_ratio is what a point known to be on the orbit scores: the distance from a held-out angle sample to the nearest sample of the interleaved half-grid, in units of that half-grid's spacing. mirror_over_spacing is the same quantity for the mirrored embedding. mirror_over_null near 1 means the mirror is indistinguishable from a genuine orbit point, so reflection is absorbed by rotation and no chirality is encoded; a value well above 1 means the mirror lies off the orbit and the encoder carries handedness. reencode_noise is the pipeline's own floor and is far below both."
2641,17.46889276542633,12.458888775713666,1.7042140450863373e-05,20.210654639428405,1.4021228602248021,1025041.0044321244,0.8643407686234345,0.0,1.6547720480308261,512,16,standardize,0.9473676985260375,0.9701092449872284,1.4551317227842241e-05,12.53537504132379,11.723665953926115,0.634765625,0.9738163173501487,0.9728402386026139,"onorbit_null_ratio is what a point known to be on the orbit scores: the distance from a held-out angle sample to the nearest sample of the interleaved half-grid, in units of that half-grid's spacing. mirror_over_spacing is the same quantity for the mirrored embedding. mirror_over_null near 1 means the mirror is indistinguishable from a genuine orbit point, so reflection is absorbed by rotation and no chirality is encoded; a value well above 1 means the mirror lies off the orbit and the encoder carries handedness. reencode_noise is the pipeline's own floor and is far below both."
2650,9.853710230356082,12.734629472952319,1.6197524444822877e-05,13.529825455171041,0.7737728256079097,608346.6806253574,0.7282954435003474,202.5,0.9642692021266281,512,16,standardize,0.9473676985260375,0.9701092449872284,1.4551317227842241e-05,12.53537504132379,11.723665953926115,0.634765625,0.9738163173501487,0.9728402386026139,"onorbit_null_ratio is what a point known to be on the orbit scores: the distance from a held-out angle sample to the nearest sample of the interleaved half-grid, in units of that half-grid's spacing. mirror_over_spacing is the same quantity for the mirrored embedding. mirror_over_null near 1 means the mirror is indistinguishable from a genuine orbit point, so reflection is absorbed by rotation and no chirality is encoded; a value well above 1 means the mirror lies off the orbit and the encoder carries handedness. reencode_noise is the pipeline's own floor and is far below both."
2657,14.350885036922962,11.182467835201539,0.20296869392868774,17.216775147422045,1.2833379222203074,70.70491886775943,0.8335408294550326,315.0,1.150319685604097,512,16,standardize,0.9473676985260375,0.9701092449872284,1.4551317227842241e-05,12.53537504132379,11.723665953926115,0.634765625,0.9738163173501487,0.9728402386026139,"onorbit_null_ratio is what a point known to be on the orbit scores: the distance from a held-out angle sample to the nearest sample of the interleaved half-grid, in units of that half-grid's spacing. mirror_over_spacing is the same quantity for the mirrored embedding. mirror_over_null near 1 means the mirror is indistinguishable from a genuine orbit point, so reflection is absorbed by rotation and no chirality is encoded; a value well above 1 means the mirror lies off the orbit and the encoder carries handedness. reencode_noise is the pipeline's own floor and is far below both."
2671,8.838164151433729,9.933603350205276,1.0735150922409737e-05,15.281414936480319,0.8897238836550776,823292.0259168384,0.5783603277687958,0.0,0.6924004918588978,512,16,standardize,0.9473676985260375,0.9701092449872284,1.4551317227842241e-05,12.53537504132379,11.723665953926115,0.634765625,0.9738163173501487,0.9728402386026139,"onorbit_null_ratio is what a point known to be on the orbit scores: the distance from a held-out angle sample to the nearest sample of the interleaved half-grid, in units of that half-grid's spacing. mirror_over_spacing is the same quantity for the mirrored embedding. mirror_over_null near 1 means the mirror is indistinguishable from a genuine orbit point, so reflection is absorbed by rotation and no chirality is encoded; a value well above 1 means the mirror lies off the orbit and the encoder carries handedness. reencode_noise is the pipeline's own floor and is far below both."
2683,15.244430709080458,12.271392743971196,1.133249674936358e-05,21.283229716349414,1.2422738826096071,1345196.1245818639,0.7162649143127909,337.5,1.9163170164449785,512,16,standardize,0.9473676985260375,0.9701092449872284,1.4551317227842241e-05,12.53537504132379,11.723665953926115,0.634765625,0.9738163173501487,0.9728402386026139,"onorbit_null_ratio is what a point known to be on the orbit scores: the distance from a held-out angle sample to the nearest sample of the interleaved half-grid, in units of that half-grid's spacing. mirror_over_spacing is the same quantity for the mirrored embedding. mirror_over_null near 1 means the mirror is indistinguishable from a genuine orbit point, so reflection is absorbed by rotation and no chirality is encoded; a value well above 1 means the mirror lies off the orbit and the encoder carries handedness. reencode_noise is the pipeline's own floor and is far below both."
2704,9.095198729424245,8.203743466829977,1.574126376833724e-05,16.145971067562627,1.1086644488822293,577793.4264540296,0.5633107288106421,67.5,1.8436692607768037,512,16,standardize,0.9473676985260375,0.9701092449872284,1.4551317227842241e-05,12.53537504132379,11.723665953926115,0.634765625,0.9738163173501487,0.9728402386026139,"onorbit_null_ratio is what a point known to be on the orbit scores: the distance from a held-out angle sample to the nearest sample of the interleaved half-grid, in units of that half-grid's spacing. mirror_over_spacing is the same quantity for the mirrored embedding. mirror_over_null near 1 means the mirror is indistinguishable from a genuine orbit point, so reflection is absorbed by rotation and no chirality is encoded; a value well above 1 means the mirror lies off the orbit and the encoder carries handedness. reencode_noise is the pipeline's own floor and is far below both."
2734,11.000524542788053,13.82623061945463,1.8001430706580592e-05,16.622125072590297,0.7956271557708159,611091.6805499636,0.6618001305337184,270.0,1.17055350960043,512,16,standardize,0.9473676985260375,0.9701092449872284,1.4551317227842241e-05,12.53537504132379,11.723665953926115,0.634765625,0.9738163173501487,0.9728402386026139,"onorbit_null_ratio is what a point known to be on the orbit scores: the distance from a held-out angle sample to the nearest sample of the interleaved half-grid, in units of that half-grid's spacing. mirror_over_spacing is the same quantity for the mirrored embedding. mirror_over_null near 1 means the mirror is indistinguishable from a genuine orbit point, so reflection is absorbed by rotation and no chirality is encoded; a value well above 1 means the mirror lies off the orbit and the encoder carries handedness. reencode_noise is the pipeline's own floor and is far below both."
2781,10.997495797017965,10.834721489943322,1.4682252447856405e-05,12.932731929425954,1.0150233955921921,749033.2860080736,0.8503613820367892,202.5,1.0369065056893727,512,16,standardize,0.9473676985260375,0.9701092449872284,1.4551317227842241e-05,12.53537504132379,11.723665953926115,0.634765625,0.9738163173501487,0.9728402386026139,"onorbit_null_ratio is what a point known to be on the orbit scores: the distance from a held-out angle sample to the nearest sample of the interleaved half-grid, in units of that half-grid's spacing. mirror_over_spacing is the same quantity for the mirrored embedding. mirror_over_null near 1 means the mirror is indistinguishable from a genuine orbit point, so reflection is absorbed by rotation and no chirality is encoded; a value well above 1 means the mirror lies off the orbit and the encoder carries handedness. reencode_noise is the pipeline's own floor and is far below both."
2835,10.23436742225092,10.280888530817,3.0239026875105904e-05,13.158975244944516,0.9954749914439172,338448.9674393689,0.7777480564972422,202.5,1.0408332695733074,512,16,standardize,0.9473676985260375,0.9701092449872284,1.4551317227842241e-05,12.53537504132379,11.723665953926115,0.634765625,0.9738163173501487,0.9728402386026139,"onorbit_null_ratio is what a point known to be on the orbit scores: the distance from a held-out angle sample to the nearest sample of the interleaved half-grid, in units of that half-grid's spacing. mirror_over_spacing is the same quantity for the mirrored embedding. mirror_over_null near 1 means the mirror is indistinguishable from a genuine orbit point, so reflection is absorbed by rotation and no chirality is encoded; a value well above 1 means the mirror lies off the orbit and the encoder carries handedness. reencode_noise is the pipeline's own floor and is far below both."
2839,11.507445850512381,9.882984781668558,1.3150329770650368e-05,15.135373421447525,1.1643694799426336,875068.9945582455,0.7603014164292635,157.5,1.3145823880936098,512,16,standardize,0.9473676985260375,0.9701092449872284,1.4551317227842241e-05,12.53537504132379,11.723665953926115,0.634765625,0.9738163173501487,0.9728402386026139,"onorbit_null_ratio is what a point known to be on the orbit scores: the distance from a held-out angle sample to the nearest sample of the interleaved half-grid, in units of that half-grid's spacing. mirror_over_spacing is the same quantity for the mirrored embedding. mirror_over_null near 1 means the mirror is indistinguishable from a genuine orbit point, so reflection is absorbed by rotation and no chirality is encoded; a value well above 1 means the mirror lies off the orbit and the encoder carries handedness. reencode_noise is the pipeline's own floor and is far below both."
2884,11.744956779424175,14.272337817617972,1.629894075449611e-05,16.981082737065776,0.8229175156522737,720596.323180345,0.6916494643646987,202.5,1.2018827534481993,512,16,standardize,0.9473676985260375,0.9701092449872284,1.4551317227842241e-05,12.53537504132379,11.723665953926115,0.634765625,0.9738163173501487,0.9728402386026139,"onorbit_null_ratio is what a point known to be on the orbit scores: the distance from a held-out angle sample to the nearest sample of the interleaved half-grid, in units of that half-grid's spacing. mirror_over_spacing is the same quantity for the mirrored embedding. mirror_over_null near 1 means the mirror is indistinguishable from a genuine orbit point, so reflection is absorbed by rotation and no chirality is encoded; a value well above 1 means the mirror lies off the orbit and the encoder carries handedness. reencode_noise is the pipeline's own floor and is far below both."
2896,20.430305719535866,13.253285744102847,1.7472273243858924e-05,20.873836133079436,1.5415275965529145,1169298.661621871,0.9787518494101478,0.0,1.5106670462170941,512,16,standardize,0.9473676985260375,0.9701092449872284,1.4551317227842241e-05,12.53537504132379,11.723665953926115,0.634765625,0.9738163173501487,0.9728402386026139,"onorbit_null_ratio is what a point known to be on the orbit scores: the distance from a held-out angle sample to the nearest sample of the interleaved half-grid, in units of that half-grid's spacing. mirror_over_spacing is the same quantity for the mirrored embedding. mirror_over_null near 1 means the mirror is indistinguishable from a genuine orbit point, so reflection is absorbed by rotation and no chirality is encoded; a value well above 1 means the mirror lies off the orbit and the encoder carries handedness. reencode_noise is the pipeline's own floor and is far below both."
2901,15.022195952292446,13.168603997997455,1.803407137163031e-05,14.151142121325865,1.1407584247029425,832989.71389922,1.0615536063095499,157.5,1.0334941852775097,512,16,standardize,0.9473676985260375,0.9701092449872284,1.4551317227842241e-05,12.53537504132379,11.723665953926115,0.634765625,0.9738163173501487,0.9728402386026139,"onorbit_null_ratio is what a point known to be on the orbit scores: the distance from a held-out angle sample to the nearest sample of the interleaved half-grid, in units of that half-grid's spacing. mirror_over_spacing is the same quantity for the mirrored embedding. mirror_over_null near 1 means the mirror is indistinguishable from a genuine orbit point, so reflection is absorbed by rotation and no chirality is encoded; a value well above 1 means the mirror lies off the orbit and the encoder carries handedness. reencode_noise is the pipeline's own floor and is far below both."
2905,10.266450115548283,14.165166942426682,0.21572347355437752,17.832168917384593,0.724767322353174,47.59078808806782,0.5757263832073458,45.0,1.693581565772103,512,16,standardize,0.9473676985260375,0.9701092449872284,1.4551317227842241e-05,12.53537504132379,11.723665953926115,0.634765625,0.9738163173501487,0.9728402386026139,"onorbit_null_ratio is what a point known to be on the orbit scores: the distance from a held-out angle sample to the nearest sample of the interleaved half-grid, in units of that half-grid's spacing. mirror_over_spacing is the same quantity for the mirrored embedding. mirror_over_null near 1 means the mirror is indistinguishable from a genuine orbit point, so reflection is absorbed by rotation and no chirality is encoded; a value well above 1 means the mirror lies off the orbit and the encoder carries handedness. reencode_noise is the pipeline's own floor and is far below both."
2919,11.215206054901174,11.600485178931091,1.2651591116769004e-05,13.334202732545249,0.9667876715424226,886466.0540630356,0.8410856111800246,292.5,0.8566379823020199,512,16,standardize,0.9473676985260375,0.9701092449872284,1.4551317227842241e-05,12.53537504132379,11.723665953926115,0.634765625,0.9738163173501487,0.9728402386026139,"onorbit_null_ratio is what a point known to be on the orbit scores: the distance from a held-out angle sample to the nearest sample of the interleaved half-grid, in units of that half-grid's spacing. mirror_over_spacing is the same quantity for the mirrored embedding. mirror_over_null near 1 means the mirror is indistinguishable from a genuine orbit point, so reflection is absorbed by rotation and no chirality is encoded; a value well above 1 means the mirror lies off the orbit and the encoder carries handedness. reencode_noise is the pipeline's own floor and is far below both."
2925,13.656355591232836,13.678587592202945,1.6536653993053684e-05,14.623367848741795,0.998374685922779,825823.3858535872,0.9338721238834076,90.0,0.8533494437387619,512,16,standardize,0.9473676985260375,0.9701092449872284,1.4551317227842241e-05,12.53537504132379,11.723665953926115,0.634765625,0.9738163173501487,0.9728402386026139,"onorbit_null_ratio is what a point known to be on the orbit scores: the distance from a held-out angle sample to the nearest sample of the interleaved half-grid, in units of that half-grid's spacing. mirror_over_spacing is the same quantity for the mirrored embedding. mirror_over_null near 1 means the mirror is indistinguishable from a genuine orbit point, so reflection is absorbed by rotation and no chirality is encoded; a value well above 1 means the mirror lies off the orbit and the encoder carries handedness. reencode_noise is the pipeline's own floor and is far below both."
2927,13.973016520334207,14.654873754973936,1.2669505738096053e-05,23.30753806372205,0.9534723228572131,1102885.685454849,0.5995063263280933,225.0,1.5037078227680796,512,16,standardize,0.9473676985260375,0.9701092449872284,1.4551317227842241e-05,12.53537504132379,11.723665953926115,0.634765625,0.9738163173501487,0.9728402386026139,"onorbit_null_ratio is what a point known to be on the orbit scores: the distance from a held-out angle sample to the nearest sample of the interleaved half-grid, in units of that half-grid's spacing. mirror_over_spacing is the same quantity for the mirrored embedding. mirror_over_null near 1 means the mirror is indistinguishable from a genuine orbit point, so reflection is absorbed by rotation and no chirality is encoded; a value well above 1 means the mirror lies off the orbit and the encoder carries handedness. reencode_noise is the pipeline's own floor and is far below both."
2935,13.901947243377338,14.416400939624578,1.4326256475490918e-05,16.23441222323316,0.9643146928001132,970382.4070971031,0.8563258744583423,90.0,0.8792175015964945,512,16,standardize,0.9473676985260375,0.9701092449872284,1.4551317227842241e-05,12.53537504132379,11.723665953926115,0.634765625,0.9738163173501487,0.9728402386026139,"onorbit_null_ratio is what a point known to be on the orbit scores: the distance from a held-out angle sample to the nearest sample of the interleaved half-grid, in units of that half-grid's spacing. mirror_over_spacing is the same quantity for the mirrored embedding. mirror_over_null near 1 means the mirror is indistinguishable from a genuine orbit point, so reflection is absorbed by rotation and no chirality is encoded; a value well above 1 means the mirror lies off the orbit and the encoder carries handedness. reencode_noise is the pipeline's own floor and is far below both."
2947,10.782623762465285,13.51589330941168,1.1707778489918249e-05,15.477814708082485,0.7977736665734771,920979.4814405115,0.696650267872416,112.5,0.8759387123759484,512,16,standardize,0.9473676985260375,0.9701092449872284,1.4551317227842241e-05,12.53537504132379,11.723665953926115,0.634765625,0.9738163173501487,0.9728402386026139,"onorbit_null_ratio is what a point known to be on the orbit scores: the distance from a held-out angle sample to the nearest sample of the interleaved half-grid, in units of that half-grid's spacing. mirror_over_spacing is the same quantity for the mirrored embedding. mirror_over_null near 1 means the mirror is indistinguishable from a genuine orbit point, so reflection is absorbed by rotation and no chirality is encoded; a value well above 1 means the mirror lies off the orbit and the encoder carries handedness. reencode_noise is the pipeline's own floor and is far below both."
2955,9.25064289264817,8.328544470358633,1.981689594213444e-05,8.932948246400109,1.1107154348003176,466805.8468722928,1.0355643665993575,247.5,0.8790394049521827,512,16,standardize,0.9473676985260375,0.9701092449872284,1.4551317227842241e-05,12.53537504132379,11.723665953926115,0.634765625,0.9738163173501487,0.9728402386026139,"onorbit_null_ratio is what a point known to be on the orbit scores: the distance from a held-out angle sample to the nearest sample of the interleaved half-grid, in units of that half-grid's spacing. mirror_over_spacing is the same quantity for the mirrored embedding. mirror_over_null near 1 means the mirror is indistinguishable from a genuine orbit point, so reflection is absorbed by rotation and no chirality is encoded; a value well above 1 means the mirror lies off the orbit and the encoder carries handedness. reencode_noise is the pipeline's own floor and is far below both."
3017,12.42546722025955,12.617440833757655,1.183504354597225e-05,19.948665119989116,0.9847850593454353,1049887.7483630583,0.6228721142754002,157.5,1.0565414280541658,512,16,standardize,0.9473676985260375,0.9701092449872284,1.4551317227842241e-05,12.53537504132379,11.723665953926115,0.634765625,0.9738163173501487,0.9728402386026139,"onorbit_null_ratio is what a point known to be on the orbit scores: the distance from a held-out angle sample to the nearest sample of the interleaved half-grid, in units of that half-grid's spacing. mirror_over_spacing is the same quantity for the mirrored embedding. mirror_over_null near 1 means the mirror is indistinguishable from a genuine orbit point, so reflection is absorbed by rotation and no chirality is encoded; a value well above 1 means the mirror lies off the orbit and the encoder carries handedness. reencode_noise is the pipeline's own floor and is far below both."
3019,10.958497397991671,12.346442653515382,1.4271321231004263e-05,16.823330420793923,0.8875833878247898,767868.4559481763,0.6513869206567316,90.0,1.5789218837454748,512,16,standardize,0.9473676985260375,0.9701092449872284,1.4551317227842241e-05,12.53537504132379,11.723665953926115,0.634765625,0.9738163173501487,0.9728402386026139,"onorbit_null_ratio is what a point known to be on the orbit scores: the distance from a held-out angle sample to the nearest sample of the interleaved half-grid, in units of that half-grid's spacing. mirror_over_spacing is the same quantity for the mirrored embedding. mirror_over_null near 1 means the mirror is indistinguishable from a genuine orbit point, so reflection is absorbed by rotation and no chirality is encoded; a value well above 1 means the mirror lies off the orbit and the encoder carries handedness. reencode_noise is the pipeline's own floor and is far below both."
3030,8.6603422982515,11.733743145396172,1.0348779840548733e-05,16.443938618099814,0.7380715762173007,836846.7038325066,0.5266586369228523,225.0,1.2765107486515097,512,16,standardize,0.9473676985260375,0.9701092449872284,1.4551317227842241e-05,12.53537504132379,11.723665953926115,0.634765625,0.9738163173501487,0.9728402386026139,"onorbit_null_ratio is what a point known to be on the orbit scores: the distance from a held-out angle sample to the nearest sample of the interleaved half-grid, in units of that half-grid's spacing. mirror_over_spacing is the same quantity for the mirrored embedding. mirror_over_null near 1 means the mirror is indistinguishable from a genuine orbit point, so reflection is absorbed by rotation and no chirality is encoded; a value well above 1 means the mirror lies off the orbit and the encoder carries handedness. reencode_noise is the pipeline's own floor and is far below both."
3041,10.272483707542532,14.286771355321003,1.067110160356295e-05,16.308169306920018,0.7190206556862563,962645.1034926587,0.6298980292768745,180.0,0.7156113682518673,512,16,standardize,0.9473676985260375,0.9701092449872284,1.4551317227842241e-05,12.53537504132379,11.723665953926115,0.634765625,0.9738163173501487,0.9728402386026139,"onorbit_null_ratio is what a point known to be on the orbit scores: the distance from a held-out angle sample to the nearest sample of the interleaved half-grid, in units of that half-grid's spacing. mirror_over_spacing is the same quantity for the mirrored embedding. mirror_over_null near 1 means the mirror is indistinguishable from a genuine orbit point, so reflection is absorbed by rotation and no chirality is encoded; a value well above 1 means the mirror lies off the orbit and the encoder carries handedness. reencode_noise is the pipeline's own floor and is far below both."
3053,16.12761587730245,14.446292711722293,1.3619706264620332e-05,19.45355699890566,1.1163844038834867,1184138.3040100408,0.8290317230010785,67.5,1.496182915712598,512,16,standardize,0.9473676985260375,0.9701092449872284,1.4551317227842241e-05,12.53537504132379,11.723665953926115,0.634765625,0.9738163173501487,0.9728402386026139,"onorbit_null_ratio is what a point known to be on the orbit scores: the distance from a held-out angle sample to the nearest sample of the interleaved half-grid, in units of that half-grid's spacing. mirror_over_spacing is the same quantity for the mirrored embedding. mirror_over_null near 1 means the mirror is indistinguishable from a genuine orbit point, so reflection is absorbed by rotation and no chirality is encoded; a value well above 1 means the mirror lies off the orbit and the encoder carries handedness. reencode_noise is the pipeline's own floor and is far below both."
3057,11.182792105778,13.263652142513202,1.5380717170712673e-05,19.41004367996085,0.8431156053870303,727065.7136243173,0.5761343091320934,270.0,2.059773976683539,512,16,standardize,0.9473676985260375,0.9701092449872284,1.4551317227842241e-05,12.53537504132379,11.723665953926115,0.634765625,0.9738163173501487,0.9728402386026139,"onorbit_null_ratio is what a point known to be on the orbit scores: the distance from a held-out angle sample to the nearest sample of the interleaved half-grid, in units of that half-grid's spacing. mirror_over_spacing is the same quantity for the mirrored embedding. mirror_over_null near 1 means the mirror is indistinguishable from a genuine orbit point, so reflection is absorbed by rotation and no chirality is encoded; a value well above 1 means the mirror lies off the orbit and the encoder carries handedness. reencode_noise is the pipeline's own floor and is far below both."
3081,11.770304772369688,13.682840647565119,1.668633212041517e-05,16.63562802829581,0.8602237704539978,705385.9822176925,0.7075359434792233,157.5,0.9145987107347133,512,16,standardize,0.9473676985260375,0.9701092449872284,1.4551317227842241e-05,12.53537504132379,11.723665953926115,0.634765625,0.9738163173501487,0.9728402386026139,"onorbit_null_ratio is what a point known to be on the orbit scores: the distance from a held-out angle sample to the nearest sample of the interleaved half-grid, in units of that half-grid's spacing. mirror_over_spacing is the same quantity for the mirrored embedding. mirror_over_null near 1 means the mirror is indistinguishable from a genuine orbit point, so reflection is absorbed by rotation and no chirality is encoded; a value well above 1 means the mirror lies off the orbit and the encoder carries handedness. reencode_noise is the pipeline's own floor and is far below both."
3138,11.774992437994017,10.713962637841329,1.3194939761632551e-05,9.987363590595184,1.099032434218612,892386.9794565209,1.178989062647343,0.0,0.9789369291766017,512,16,standardize,0.9473676985260375,0.9701092449872284,1.4551317227842241e-05,12.53537504132379,11.723665953926115,0.634765625,0.9738163173501487,0.9728402386026139,"onorbit_null_ratio is what a point known to be on the orbit scores: the distance from a held-out angle sample to the nearest sample of the interleaved half-grid, in units of that half-grid's spacing. mirror_over_spacing is the same quantity for the mirrored embedding. mirror_over_null near 1 means the mirror is indistinguishable from a genuine orbit point, so reflection is absorbed by rotation and no chirality is encoded; a value well above 1 means the mirror lies off the orbit and the encoder carries handedness. reencode_noise is the pipeline's own floor and is far below both."
3156,10.60697484417323,11.483264410121919,2.1217639444965325e-05,14.45423235145004,0.923689855545233,499913.049785099,0.7338317654143109,157.5,0.9640979124850078,512,16,standardize,0.9473676985260375,0.9701092449872284,1.4551317227842241e-05,12.53537504132379,11.723665953926115,0.634765625,0.9738163173501487,0.9728402386026139,"onorbit_null_ratio is what a point known to be on the orbit scores: the distance from a held-out angle sample to the nearest sample of the interleaved half-grid, in units of that half-grid's spacing. mirror_over_spacing is the same quantity for the mirrored embedding. mirror_over_null near 1 means the mirror is indistinguishable from a genuine orbit point, so reflection is absorbed by rotation and no chirality is encoded; a value well above 1 means the mirror lies off the orbit and the encoder carries handedness. reencode_noise is the pipeline's own floor and is far below both."
3175,10.600368269650337,12.46717520448239,1.9011527496207628e-05,16.6379819497171,0.8502622362954465,557575.8324398117,0.6371186302333125,112.5,1.154128259830188,512,16,standardize,0.9473676985260375,0.9701092449872284,1.4551317227842241e-05,12.53537504132379,11.723665953926115,0.634765625,0.9738163173501487,0.9728402386026139,"onorbit_null_ratio is what a point known to be on the orbit scores: the distance from a held-out angle sample to the nearest sample of the interleaved half-grid, in units of that half-grid's spacing. mirror_over_spacing is the same quantity for the mirrored embedding. mirror_over_null near 1 means the mirror is indistinguishable from a genuine orbit point, so reflection is absorbed by rotation and no chirality is encoded; a value well above 1 means the mirror lies off the orbit and the encoder carries handedness. reencode_noise is the pipeline's own floor and is far below both."
3293,11.561494514488714,10.8587414884129,2.0049287164283665e-05,11.151640558667019,1.0647177232118201,576653.6445786796,1.0367527946821384,45.0,0.8031855437621015,512,16,standardize,0.9473676985260375,0.9701092449872284,1.4551317227842241e-05,12.53537504132379,11.723665953926115,0.634765625,0.9738163173501487,0.9728402386026139,"onorbit_null_ratio is what a point known to be on the orbit scores: the distance from a held-out angle sample to the nearest sample of the interleaved half-grid, in units of that half-grid's spacing. mirror_over_spacing is the same quantity for the mirrored embedding. mirror_over_null near 1 means the mirror is indistinguishable from a genuine orbit point, so reflection is absorbed by rotation and no chirality is encoded; a value well above 1 means the mirror lies off the orbit and the encoder carries handedness. reencode_noise is the pipeline's own floor and is far below both."
3318,13.406971386343518,13.050017963541956,1.0715233247550021e-05,13.389478884543468,1.0273527150536335,1251206.677130332,1.0013064363408677,202.5,0.9669136118489752,512,16,standardize,0.9473676985260375,0.9701092449872284,1.4551317227842241e-05,12.53537504132379,11.723665953926115,0.634765625,0.9738163173501487,0.9728402386026139,"onorbit_null_ratio is what a point known to be on the orbit scores: the distance from a held-out angle sample to the nearest sample of the interleaved half-grid, in units of that half-grid's spacing. mirror_over_spacing is the same quantity for the mirrored embedding. mirror_over_null near 1 means the mirror is indistinguishable from a genuine orbit point, so reflection is absorbed by rotation and no chirality is encoded; a value well above 1 means the mirror lies off the orbit and the encoder carries handedness. reencode_noise is the pipeline's own floor and is far below both."
3322,18.330262899721614,19.250610769472054,1.4767186206501816e-05,21.34440415326459,0.952191237941918,1241283.3862453103,0.8587854113003212,135.0,0.8342228044396083,512,16,standardize,0.9473676985260375,0.9701092449872284,1.4551317227842241e-05,12.53537504132379,11.723665953926115,0.634765625,0.9738163173501487,0.9728402386026139,"onorbit_null_ratio is what a point known to be on the orbit scores: the distance from a held-out angle sample to the nearest sample of the interleaved half-grid, in units of that half-grid's spacing. mirror_over_spacing is the same quantity for the mirrored embedding. mirror_over_null near 1 means the mirror is indistinguishable from a genuine orbit point, so reflection is absorbed by rotation and no chirality is encoded; a value well above 1 means the mirror lies off the orbit and the encoder carries handedness. reencode_noise is the pipeline's own floor and is far below both."
3324,13.871505004545664,13.008435416390832,1.2604869011518854e-05,17.899542390893934,1.0663469172524278,1100487.8346509833,0.7749642254319608,315.0,1.9100059634959237,512,16,standardize,0.9473676985260375,0.9701092449872284,1.4551317227842241e-05,12.53537504132379,11.723665953926115,0.634765625,0.9738163173501487,0.9728402386026139,"onorbit_null_ratio is what a point known to be on the orbit scores: the distance from a held-out angle sample to the nearest sample of the interleaved half-grid, in units of that half-grid's spacing. mirror_over_spacing is the same quantity for the mirrored embedding. mirror_over_null near 1 means the mirror is indistinguishable from a genuine orbit point, so reflection is absorbed by rotation and no chirality is encoded; a value well above 1 means the mirror lies off the orbit and the encoder carries handedness. reencode_noise is the pipeline's own floor and is far below both."
3376,14.046174015138243,15.159776496547485,1.328028189590646e-05,18.3726524634188,0.9265422889537418,1057671.3751436153,0.764515305729814,90.0,1.1607556562702883,512,16,standardize,0.9473676985260375,0.9701092449872284,1.4551317227842241e-05,12.53537504132379,11.723665953926115,0.634765625,0.9738163173501487,0.9728402386026139,"onorbit_null_ratio is what a point known to be on the orbit scores: the distance from a held-out angle sample to the nearest sample of the interleaved half-grid, in units of that half-grid's spacing. mirror_over_spacing is the same quantity for the mirrored embedding. mirror_over_null near 1 means the mirror is indistinguishable from a genuine orbit point, so reflection is absorbed by rotation and no chirality is encoded; a value well above 1 means the mirror lies off the orbit and the encoder carries handedness. reencode_noise is the pipeline's own floor and is far below both."
3380,12.70419548343344,11.537794527223618,1.1771046206327548e-05,12.810408197521754,1.1010939268729114,1079274.965092251,0.9917088735619789,0.0,1.1662703755420767,512,16,standardize,0.9473676985260375,0.9701092449872284,1.4551317227842241e-05,12.53537504132379,11.723665953926115,0.634765625,0.9738163173501487,0.9728402386026139,"onorbit_null_ratio is what a point known to be on the orbit scores: the distance from a held-out angle sample to the nearest sample of the interleaved half-grid, in units of that half-grid's spacing. mirror_over_spacing is the same quantity for the mirrored embedding. mirror_over_null near 1 means the mirror is indistinguishable from a genuine orbit point, so reflection is absorbed by rotation and no chirality is encoded; a value well above 1 means the mirror lies off the orbit and the encoder carries handedness. reencode_noise is the pipeline's own floor and is far below both."
3385,13.552333888599117,13.616341237379517,1.400823996489743e-05,14.578217039305123,0.9952992255654781,967454.4355721528,0.9296290384523658,45.0,0.8205082843436056,512,16,standardize,0.9473676985260375,0.9701092449872284,1.4551317227842241e-05,12.53537504132379,11.723665953926115,0.634765625,0.9738163173501487,0.9728402386026139,"onorbit_null_ratio is what a point known to be on the orbit scores: the distance from a held-out angle sample to the nearest sample of the interleaved half-grid, in units of that half-grid's spacing. mirror_over_spacing is the same quantity for the mirrored embedding. mirror_over_null near 1 means the mirror is indistinguishable from a genuine orbit point, so reflection is absorbed by rotation and no chirality is encoded; a value well above 1 means the mirror lies off the orbit and the encoder carries handedness. reencode_noise is the pipeline's own floor and is far below both."
3432,9.984788944234971,10.664825099010748,1.9903441718809583e-05,13.85766868603324,0.9362356017597647,501661.4254608503,0.7205244381616919,270.0,0.9066066022332475,512,16,standardize,0.9473676985260375,0.9701092449872284,1.4551317227842241e-05,12.53537504132379,11.723665953926115,0.634765625,0.9738163173501487,0.9728402386026139,"onorbit_null_ratio is what a point known to be on the orbit scores: the distance from a held-out angle sample to the nearest sample of the interleaved half-grid, in units of that half-grid's spacing. mirror_over_spacing is the same quantity for the mirrored embedding. mirror_over_null near 1 means the mirror is indistinguishable from a genuine orbit point, so reflection is absorbed by rotation and no chirality is encoded; a value well above 1 means the mirror lies off the orbit and the encoder carries handedness. reencode_noise is the pipeline's own floor and is far below both."
3435,15.683539445738218,13.186051123694607,1.2507224359884892e-05,15.312327462042195,1.1894038100273827,1253958.4318996384,1.0242426884231821,247.5,1.2001449168414158,512,16,standardize,0.9473676985260375,0.9701092449872284,1.4551317227842241e-05,12.53537504132379,11.723665953926115,0.634765625,0.9738163173501487,0.9728402386026139,"onorbit_null_ratio is what a point known to be on the orbit scores: the distance from a held-out angle sample to the nearest sample of the interleaved half-grid, in units of that half-grid's spacing. mirror_over_spacing is the same quantity for the mirrored embedding. mirror_over_null near 1 means the mirror is indistinguishable from a genuine orbit point, so reflection is absorbed by rotation and no chirality is encoded; a value well above 1 means the mirror lies off the orbit and the encoder carries handedness. reencode_noise is the pipeline's own floor and is far below both."
3485,9.402597504437292,11.860664663859257,1.0229479757409079e-05,13.085382552947303,0.7927546871035006,919166.734518157,0.7185573265734968,135.0,0.9292628065794586,512,16,standardize,0.9473676985260375,0.9701092449872284,1.4551317227842241e-05,12.53537504132379,11.723665953926115,0.634765625,0.9738163173501487,0.9728402386026139,"onorbit_null_ratio is what a point known to be on the orbit scores: the distance from a held-out angle sample to the nearest sample of the interleaved half-grid, in units of that half-grid's spacing. mirror_over_spacing is the same quantity for the mirrored embedding. mirror_over_null near 1 means the mirror is indistinguishable from a genuine orbit point, so reflection is absorbed by rotation and no chirality is encoded; a value well above 1 means the mirror lies off the orbit and the encoder carries handedness. reencode_noise is the pipeline's own floor and is far below both."
3486,11.797484031417097,14.647915312618021,0.3196511467065297,16.605461636692525,0.8054036208998626,36.90737278114104,0.7104580582902073,180.0,0.8441554671625439,512,16,standardize,0.9473676985260375,0.9701092449872284,1.4551317227842241e-05,12.53537504132379,11.723665953926115,0.634765625,0.9738163173501487,0.9728402386026139,"onorbit_null_ratio is what a point known to be on the orbit scores: the distance from a held-out angle sample to the nearest sample of the interleaved half-grid, in units of that half-grid's spacing. mirror_over_spacing is the same quantity for the mirrored embedding. mirror_over_null near 1 means the mirror is indistinguishable from a genuine orbit point, so reflection is absorbed by rotation and no chirality is encoded; a value well above 1 means the mirror lies off the orbit and the encoder carries handedness. reencode_noise is the pipeline's own floor and is far below both."
3543,10.278290984844155,11.383103317937948,1.3890647097969927e-05,12.59003893122258,0.902942782628285,739943.2807090962,0.8163827801480882,90.0,1.0153574456560885,512,16,standardize,0.9473676985260375,0.9701092449872284,1.4551317227842241e-05,12.53537504132379,11.723665953926115,0.634765625,0.9738163173501487,0.9728402386026139,"onorbit_null_ratio is what a point known to be on the orbit scores: the distance from a held-out angle sample to the nearest sample of the interleaved half-grid, in units of that half-grid's spacing. mirror_over_spacing is the same quantity for the mirrored embedding. mirror_over_null near 1 means the mirror is indistinguishable from a genuine orbit point, so reflection is absorbed by rotation and no chirality is encoded; a value well above 1 means the mirror lies off the orbit and the encoder carries handedness. reencode_noise is the pipeline's own floor and is far below both."
3583,11.798666042368847,12.16896446353198,1.605353358562347e-05,13.603198369470928,0.969570260290196,734957.5705211086,0.8673449965155317,337.5,0.8019999127046913,512,16,standardize,0.9473676985260375,0.9701092449872284,1.4551317227842241e-05,12.53537504132379,11.723665953926115,0.634765625,0.9738163173501487,0.9728402386026139,"onorbit_null_ratio is what a point known to be on the orbit scores: the distance from a held-out angle sample to the nearest sample of the interleaved half-grid, in units of that half-grid's spacing. mirror_over_spacing is the same quantity for the mirrored embedding. mirror_over_null near 1 means the mirror is indistinguishable from a genuine orbit point, so reflection is absorbed by rotation and no chirality is encoded; a value well above 1 means the mirror lies off the orbit and the encoder carries handedness. reencode_noise is the pipeline's own floor and is far below both."
3603,9.60100323028192,10.452167506262217,1.1046105030090742e-05,18.41301685357416,0.9185657639460583,869175.4427581293,0.5214247782768018,45.0,1.7216905911726883,512,16,standardize,0.9473676985260375,0.9701092449872284,1.4551317227842241e-05,12.53537504132379,11.723665953926115,0.634765625,0.9738163173501487,0.9728402386026139,"onorbit_null_ratio is what a point known to be on the orbit scores: the distance from a held-out angle sample to the nearest sample of the interleaved half-grid, in units of that half-grid's spacing. mirror_over_spacing is the same quantity for the mirrored embedding. mirror_over_null near 1 means the mirror is indistinguishable from a genuine orbit point, so reflection is absorbed by rotation and no chirality is encoded; a value well above 1 means the mirror lies off the orbit and the encoder carries handedness. reencode_noise is the pipeline's own floor and is far below both."
3611,8.383643716339138,10.05567215701445,0.303739290696166,12.97913144547536,0.8337228566556867,27.601446283501716,0.6459325688747648,22.5,1.1132961456849324,512,16,standardize,0.9473676985260375,0.9701092449872284,1.4551317227842241e-05,12.53537504132379,11.723665953926115,0.634765625,0.9738163173501487,0.9728402386026139,"onorbit_null_ratio is what a point known to be on the orbit scores: the distance from a held-out angle sample to the nearest sample of the interleaved half-grid, in units of that half-grid's spacing. mirror_over_spacing is the same quantity for the mirrored embedding. mirror_over_null near 1 means the mirror is indistinguishable from a genuine orbit point, so reflection is absorbed by rotation and no chirality is encoded; a value well above 1 means the mirror lies off the orbit and the encoder carries handedness. reencode_noise is the pipeline's own floor and is far below both."
3634,10.575739925190083,11.020733313210258,4.8113218914056836e-05,13.953971265722034,0.959622161668065,219809.44455371407,0.7579017989788625,45.0,0.7575429785667913,512,16,standardize,0.9473676985260375,0.9701092449872284,1.4551317227842241e-05,12.53537504132379,11.723665953926115,0.634765625,0.9738163173501487,0.9728402386026139,"onorbit_null_ratio is what a point known to be on the orbit scores: the distance from a held-out angle sample to the nearest sample of the interleaved half-grid, in units of that half-grid's spacing. mirror_over_spacing is the same quantity for the mirrored embedding. mirror_over_null near 1 means the mirror is indistinguishable from a genuine orbit point, so reflection is absorbed by rotation and no chirality is encoded; a value well above 1 means the mirror lies off the orbit and the encoder carries handedness. reencode_noise is the pipeline's own floor and is far below both."
3645,5.950471693096455,8.942349560041071,0.775835922917718,11.883898350305262,0.6654259770481534,7.669755314652449,0.5007171483374061,67.5,0.9781779263869943,512,16,standardize,0.9473676985260375,0.9701092449872284,1.4551317227842241e-05,12.53537504132379,11.723665953926115,0.634765625,0.9738163173501487,0.9728402386026139,"onorbit_null_ratio is what a point known to be on the orbit scores: the distance from a held-out angle sample to the nearest sample of the interleaved half-grid, in units of that half-grid's spacing. mirror_over_spacing is the same quantity for the mirrored embedding. mirror_over_null near 1 means the mirror is indistinguishable from a genuine orbit point, so reflection is absorbed by rotation and no chirality is encoded; a value well above 1 means the mirror lies off the orbit and the encoder carries handedness. reencode_noise is the pipeline's own floor and is far below both."
3646,10.326091955055835,10.971485116123777,1.6327837792887827e-05,10.521099441244907,0.9411754056778087,632422.4974573016,0.9814651037871003,90.0,0.9009077052841008,512,16,standardize,0.9473676985260375,0.9701092449872284,1.4551317227842241e-05,12.53537504132379,11.723665953926115,0.634765625,0.9738163173501487,0.9728402386026139,"onorbit_null_ratio is what a point known to be on the orbit scores: the distance from a held-out angle sample to the nearest sample of the interleaved half-grid, in units of that half-grid's spacing. mirror_over_spacing is the same quantity for the mirrored embedding. mirror_over_null near 1 means the mirror is indistinguishable from a genuine orbit point, so reflection is absorbed by rotation and no chirality is encoded; a value well above 1 means the mirror lies off the orbit and the encoder carries handedness. reencode_noise is the pipeline's own floor and is far below both."
3657,11.452184968842088,12.85787253687517,3.993736814873136e-05,18.868067290788794,0.8906749492187217,286753.62197611097,0.6069612108301592,337.5,1.6122587656130636,512,16,standardize,0.9473676985260375,0.9701092449872284,1.4551317227842241e-05,12.53537504132379,11.723665953926115,0.634765625,0.9738163173501487,0.9728402386026139,"onorbit_null_ratio is what a point known to be on the orbit scores: the distance from a held-out angle sample to the nearest sample of the interleaved half-grid, in units of that half-grid's spacing. mirror_over_spacing is the same quantity for the mirrored embedding. mirror_over_null near 1 means the mirror is indistinguishable from a genuine orbit point, so reflection is absorbed by rotation and no chirality is encoded; a value well above 1 means the mirror lies off the orbit and the encoder carries handedness. reencode_noise is the pipeline's own floor and is far below both."
3659,10.90095442502358,9.660860406829343,1.8462176631541482e-05,10.515165722365497,1.1283626888261011,590447.9543544165,1.036688789586789,225.0,0.8376851990149561,512,16,standardize,0.9473676985260375,0.9701092449872284,1.4551317227842241e-05,12.53537504132379,11.723665953926115,0.634765625,0.9738163173501487,0.9728402386026139,"onorbit_null_ratio is what a point known to be on the orbit scores: the distance from a held-out angle sample to the nearest sample of the interleaved half-grid, in units of that half-grid's spacing. mirror_over_spacing is the same quantity for the mirrored embedding. mirror_over_null near 1 means the mirror is indistinguishable from a genuine orbit point, so reflection is absorbed by rotation and no chirality is encoded; a value well above 1 means the mirror lies off the orbit and the encoder carries handedness. reencode_noise is the pipeline's own floor and is far below both."
3712,10.9926169483691,11.201498095856728,1.550813234200831e-05,11.874227099812096,0.9813523918229393,708829.1939960031,0.9257543127622221,270.0,0.928759240320809,512,16,standardize,0.9473676985260375,0.9701092449872284,1.4551317227842241e-05,12.53537504132379,11.723665953926115,0.634765625,0.9738163173501487,0.9728402386026139,"onorbit_null_ratio is what a point known to be on the orbit scores: the distance from a held-out angle sample to the nearest sample of the interleaved half-grid, in units of that half-grid's spacing. mirror_over_spacing is the same quantity for the mirrored embedding. mirror_over_null near 1 means the mirror is indistinguishable from a genuine orbit point, so reflection is absorbed by rotation and no chirality is encoded; a value well above 1 means the mirror lies off the orbit and the encoder carries handedness. reencode_noise is the pipeline's own floor and is far below both."
3737,11.386321608988357,11.135080520184935,0.2678214692439584,12.212689512843557,1.0225630239806518,42.514596164120675,0.9323353055863621,0.0,1.1003418745122728,512,16,standardize,0.9473676985260375,0.9701092449872284,1.4551317227842241e-05,12.53537504132379,11.723665953926115,0.634765625,0.9738163173501487,0.9728402386026139,"onorbit_null_ratio is what a point known to be on the orbit scores: the distance from a held-out angle sample to the nearest sample of the interleaved half-grid, in units of that half-grid's spacing. mirror_over_spacing is the same quantity for the mirrored embedding. mirror_over_null near 1 means the mirror is indistinguishable from a genuine orbit point, so reflection is absorbed by rotation and no chirality is encoded; a value well above 1 means the mirror lies off the orbit and the encoder carries handedness. reencode_noise is the pipeline's own floor and is far below both."
3746,11.141141816950592,13.344033908446292,0.37712358091350645,18.542093289210193,0.8349155805051313,29.542416281589723,0.6008567448764655,157.5,0.8853981122989372,512,16,standardize,0.9473676985260375,0.9701092449872284,1.4551317227842241e-05,12.53537504132379,11.723665953926115,0.634765625,0.9738163173501487,0.9728402386026139,"onorbit_null_ratio is what a point known to be on the orbit scores: the distance from a held-out angle sample to the nearest sample of the interleaved half-grid, in units of that half-grid's spacing. mirror_over_spacing is the same quantity for the mirrored embedding. mirror_over_null near 1 means the mirror is indistinguishable from a genuine orbit point, so reflection is absorbed by rotation and no chirality is encoded; a value well above 1 means the mirror lies off the orbit and the encoder carries handedness. reencode_noise is the pipeline's own floor and is far below both."
3761,13.821630473485538,14.074601117205086,1.131993505630151e-05,14.439249817602764,0.9820264431216945,1220999.0962617227,0.9572263551140799,67.5,0.9383633394291176,512,16,standardize,0.9473676985260375,0.9701092449872284,1.4551317227842241e-05,12.53537504132379,11.723665953926115,0.634765625,0.9738163173501487,0.9728402386026139,"onorbit_null_ratio is what a point known to be on the orbit scores: the distance from a held-out angle sample to the nearest sample of the interleaved half-grid, in units of that half-grid's spacing. mirror_over_spacing is the same quantity for the mirrored embedding. mirror_over_null near 1 means the mirror is indistinguishable from a genuine orbit point, so reflection is absorbed by rotation and no chirality is encoded; a value well above 1 means the mirror lies off the orbit and the encoder carries handedness. reencode_noise is the pipeline's own floor and is far below both."
3783,14.270206418072418,14.518097964852105,9.693966313613504e-06,18.10533545514958,0.9829253427425668,1472070.9724390493,0.7881768583312075,90.0,1.0983016996303674,512,16,standardize,0.9473676985260375,0.9701092449872284,1.4551317227842241e-05,12.53537504132379,11.723665953926115,0.634765625,0.9738163173501487,0.9728402386026139,"onorbit_null_ratio is what a point known to be on the orbit scores: the distance from a held-out angle sample to the nearest sample of the interleaved half-grid, in units of that half-grid's spacing. mirror_over_spacing is the same quantity for the mirrored embedding. mirror_over_null near 1 means the mirror is indistinguishable from a genuine orbit point, so reflection is absorbed by rotation and no chirality is encoded; a value well above 1 means the mirror lies off the orbit and the encoder carries handedness. reencode_noise is the pipeline's own floor and is far below both."
3796,12.469265106368358,16.860677152891427,1.654185647439247e-05,21.983969654210817,0.7395471126869902,753800.8279585388,0.5671980676146899,112.5,0.8938937839687356,512,16,standardize,0.9473676985260375,0.9701092449872284,1.4551317227842241e-05,12.53537504132379,11.723665953926115,0.634765625,0.9738163173501487,0.9728402386026139,"onorbit_null_ratio is what a point known to be on the orbit scores: the distance from a held-out angle sample to the nearest sample of the interleaved half-grid, in units of that half-grid's spacing. mirror_over_spacing is the same quantity for the mirrored embedding. mirror_over_null near 1 means the mirror is indistinguishable from a genuine orbit point, so reflection is absorbed by rotation and no chirality is encoded; a value well above 1 means the mirror lies off the orbit and the encoder carries handedness. reencode_noise is the pipeline's own floor and is far below both."
3798,9.985968477674476,10.794884974045509,1.4268118618695396e-05,12.459012141019478,0.9250648341028239,699879.8331119805,0.8015056382196734,247.5,0.8957988141756391,512,16,standardize,0.9473676985260375,0.9701092449872284,1.4551317227842241e-05,12.53537504132379,11.723665953926115,0.634765625,0.9738163173501487,0.9728402386026139,"onorbit_null_ratio is what a point known to be on the orbit scores: the distance from a held-out angle sample to the nearest sample of the interleaved half-grid, in units of that half-grid's spacing. mirror_over_spacing is the same quantity for the mirrored embedding. mirror_over_null near 1 means the mirror is indistinguishable from a genuine orbit point, so reflection is absorbed by rotation and no chirality is encoded; a value well above 1 means the mirror lies off the orbit and the encoder carries handedness. reencode_noise is the pipeline's own floor and is far below both."
3834,9.566988267888869,11.818342557897928,1.133493041487248e-05,17.68044704261616,0.809503381799969,844027.0842188932,0.5411055639503362,180.0,1.9196403301094849,512,16,standardize,0.9473676985260375,0.9701092449872284,1.4551317227842241e-05,12.53537504132379,11.723665953926115,0.634765625,0.9738163173501487,0.9728402386026139,"onorbit_null_ratio is what a point known to be on the orbit scores: the distance from a held-out angle sample to the nearest sample of the interleaved half-grid, in units of that half-grid's spacing. mirror_over_spacing is the same quantity for the mirrored embedding. mirror_over_null near 1 means the mirror is indistinguishable from a genuine orbit point, so reflection is absorbed by rotation and no chirality is encoded; a value well above 1 means the mirror lies off the orbit and the encoder carries handedness. reencode_noise is the pipeline's own floor and is far below both."
3873,8.050906927499629,10.254197081037162,2.0017632841785545e-05,10.85980044016593,0.7851328450072386,402190.75807474443,0.7413494356418041,112.5,0.9549552911558421,512,16,standardize,0.9473676985260375,0.9701092449872284,1.4551317227842241e-05,12.53537504132379,11.723665953926115,0.634765625,0.9738163173501487,0.9728402386026139,"onorbit_null_ratio is what a point known to be on the orbit scores: the distance from a held-out angle sample to the nearest sample of the interleaved half-grid, in units of that half-grid's spacing. mirror_over_spacing is the same quantity for the mirrored embedding. mirror_over_null near 1 means the mirror is indistinguishable from a genuine orbit point, so reflection is absorbed by rotation and no chirality is encoded; a value well above 1 means the mirror lies off the orbit and the encoder carries handedness. reencode_noise is the pipeline's own floor and is far below both."
3876,8.856615729855886,11.526451067453596,2.8052372244800632e-05,13.500370869248481,0.7683731686384953,315717.17545197683,0.6560275873627835,337.5,0.7439540957944235,512,16,standardize,0.9473676985260375,0.9701092449872284,1.4551317227842241e-05,12.53537504132379,11.723665953926115,0.634765625,0.9738163173501487,0.9728402386026139,"onorbit_null_ratio is what a point known to be on the orbit scores: the distance from a held-out angle sample to the nearest sample of the interleaved half-grid, in units of that half-grid's spacing. mirror_over_spacing is the same quantity for the mirrored embedding. mirror_over_null near 1 means the mirror is indistinguishable from a genuine orbit point, so reflection is absorbed by rotation and no chirality is encoded; a value well above 1 means the mirror lies off the orbit and the encoder carries handedness. reencode_noise is the pipeline's own floor and is far below both."
3884,10.517861253000362,10.767063038927393,1.1453692975834495e-05,12.957828035482265,0.9768551753596999,918294.3243887721,0.8116994008717686,292.5,0.8497081952085881,512,16,standardize,0.9473676985260375,0.9701092449872284,1.4551317227842241e-05,12.53537504132379,11.723665953926115,0.634765625,0.9738163173501487,0.9728402386026139,"onorbit_null_ratio is what a point known to be on the orbit scores: the distance from a held-out angle sample to the nearest sample of the interleaved half-grid, in units of that half-grid's spacing. mirror_over_spacing is the same quantity for the mirrored embedding. mirror_over_null near 1 means the mirror is indistinguishable from a genuine orbit point, so reflection is absorbed by rotation and no chirality is encoded; a value well above 1 means the mirror lies off the orbit and the encoder carries handedness. reencode_noise is the pipeline's own floor and is far below both."
3885,9.989345772359606,10.14356227833664,1.1108611302685312e-05,14.581259419493783,0.9847966126943006,899243.4337804994,0.6850811363389353,270.0,1.5081296179331325,512,16,standardize,0.9473676985260375,0.9701092449872284,1.4551317227842241e-05,12.53537504132379,11.723665953926115,0.634765625,0.9738163173501487,0.9728402386026139,"onorbit_null_ratio is what a point known to be on the orbit scores: the distance from a held-out angle sample to the nearest sample of the interleaved half-grid, in units of that half-grid's spacing. mirror_over_spacing is the same quantity for the mirrored embedding. mirror_over_null near 1 means the mirror is indistinguishable from a genuine orbit point, so reflection is absorbed by rotation and no chirality is encoded; a value well above 1 means the mirror lies off the orbit and the encoder carries handedness. reencode_noise is the pipeline's own floor and is far below both."
3902,8.538983630816011,12.378063850260425,0.3848888026121139,15.46208931954384,0.6898480840068019,22.185586000072576,0.5522528976742405,180.0,0.9925307365477218,512,16,standardize,0.9473676985260375,0.9701092449872284,1.4551317227842241e-05,12.53537504132379,11.723665953926115,0.634765625,0.9738163173501487,0.9728402386026139,"onorbit_null_ratio is what a point known to be on the orbit scores: the distance from a held-out angle sample to the nearest sample of the interleaved half-grid, in units of that half-grid's spacing. mirror_over_spacing is the same quantity for the mirrored embedding. mirror_over_null near 1 means the mirror is indistinguishable from a genuine orbit point, so reflection is absorbed by rotation and no chirality is encoded; a value well above 1 means the mirror lies off the orbit and the encoder carries handedness. reencode_noise is the pipeline's own floor and is far below both."
3906,10.603926935082356,11.902923304419646,1.528512922404948e-05,12.771367777016271,0.8908674502796331,693741.3992155353,0.8302890591065347,292.5,0.7762648015190518,512,16,standardize,0.9473676985260375,0.9701092449872284,1.4551317227842241e-05,12.53537504132379,11.723665953926115,0.634765625,0.9738163173501487,0.9728402386026139,"onorbit_null_ratio is what a point known to be on the orbit scores: the distance from a held-out angle sample to the nearest sample of the interleaved half-grid, in units of that half-grid's spacing. mirror_over_spacing is the same quantity for the mirrored embedding. mirror_over_null near 1 means the mirror is indistinguishable from a genuine orbit point, so reflection is absorbed by rotation and no chirality is encoded; a value well above 1 means the mirror lies off the orbit and the encoder carries handedness. reencode_noise is the pipeline's own floor and is far below both."
3910,13.207394767609468,11.797163590064994,0.18801006088005162,13.491327825413784,1.1195398509801207,70.24834046533097,0.9789544023035697,0.0,0.9042645579959941,512,16,standardize,0.9473676985260375,0.9701092449872284,1.4551317227842241e-05,12.53537504132379,11.723665953926115,0.634765625,0.9738163173501487,0.9728402386026139,"onorbit_null_ratio is what a point known to be on the orbit scores: the distance from a held-out angle sample to the nearest sample of the interleaved half-grid, in units of that half-grid's spacing. mirror_over_spacing is the same quantity for the mirrored embedding. mirror_over_null near 1 means the mirror is indistinguishable from a genuine orbit point, so reflection is absorbed by rotation and no chirality is encoded; a value well above 1 means the mirror lies off the orbit and the encoder carries handedness. reencode_noise is the pipeline's own floor and is far below both."
3936,10.940242406443058,11.173728167742517,1.5001153010882545e-05,12.194740989258474,0.9791040413911706,729293.434878405,0.8971279025999471,225.0,1.3286673122873267,512,16,standardize,0.9473676985260375,0.9701092449872284,1.4551317227842241e-05,12.53537504132379,11.723665953926115,0.634765625,0.9738163173501487,0.9728402386026139,"onorbit_null_ratio is what a point known to be on the orbit scores: the distance from a held-out angle sample to the nearest sample of the interleaved half-grid, in units of that half-grid's spacing. mirror_over_spacing is the same quantity for the mirrored embedding. mirror_over_null near 1 means the mirror is indistinguishable from a genuine orbit point, so reflection is absorbed by rotation and no chirality is encoded; a value well above 1 means the mirror lies off the orbit and the encoder carries handedness. reencode_noise is the pipeline's own floor and is far below both."
3976,16.30394655128241,13.366612664464963,2.065873792441065e-05,17.094969818820722,1.2197515526597347,789203.4165367596,0.9537277178069403,135.0,0.9367237679663653,512,16,standardize,0.9473676985260375,0.9701092449872284,1.4551317227842241e-05,12.53537504132379,11.723665953926115,0.634765625,0.9738163173501487,0.9728402386026139,"onorbit_null_ratio is what a point known to be on the orbit scores: the distance from a held-out angle sample to the nearest sample of the interleaved half-grid, in units of that half-grid's spacing. mirror_over_spacing is the same quantity for the mirrored embedding. mirror_over_null near 1 means the mirror is indistinguishable from a genuine orbit point, so reflection is absorbed by rotation and no chirality is encoded; a value well above 1 means the mirror lies off the orbit and the encoder carries handedness. reencode_noise is the pipeline's own floor and is far below both."
4008,13.096162526075638,13.45373402998484,1.4716072309748622e-05,21.03028235469879,0.9734221367010624,889922.4093510413,0.6227288015060609,337.5,1.4449567747206506,512,16,standardize,0.9473676985260375,0.9701092449872284,1.4551317227842241e-05,12.53537504132379,11.723665953926115,0.634765625,0.9738163173501487,0.9728402386026139,"onorbit_null_ratio is what a point known to be on the orbit scores: the distance from a held-out angle sample to the nearest sample of the interleaved half-grid, in units of that half-grid's spacing. mirror_over_spacing is the same quantity for the mirrored embedding. mirror_over_null near 1 means the mirror is indistinguishable from a genuine orbit point, so reflection is absorbed by rotation and no chirality is encoded; a value well above 1 means the mirror lies off the orbit and the encoder carries handedness. reencode_noise is the pipeline's own floor and is far below both."
4010,11.064449583499414,11.304005398839859,1.1173015513911722e-05,12.036708659841914,0.9788078820835462,990283.2023926638,0.9192255039298036,45.0,0.9839335566034423,512,16,standardize,0.9473676985260375,0.9701092449872284,1.4551317227842241e-05,12.53537504132379,11.723665953926115,0.634765625,0.9738163173501487,0.9728402386026139,"onorbit_null_ratio is what a point known to be on the orbit scores: the distance from a held-out angle sample to the nearest sample of the interleaved half-grid, in units of that half-grid's spacing. mirror_over_spacing is the same quantity for the mirrored embedding. mirror_over_null near 1 means the mirror is indistinguishable from a genuine orbit point, so reflection is absorbed by rotation and no chirality is encoded; a value well above 1 means the mirror lies off the orbit and the encoder carries handedness. reencode_noise is the pipeline's own floor and is far below both."
4031,13.346432639171931,11.327897129084768,1.0464459326626747e-05,12.587556467245982,1.178191546682085,1275405.8497042481,1.0602878067638162,90.0,1.1352803207225861,512,16,standardize,0.9473676985260375,0.9701092449872284,1.4551317227842241e-05,12.53537504132379,11.723665953926115,0.634765625,0.9738163173501487,0.9728402386026139,"onorbit_null_ratio is what a point known to be on the orbit scores: the distance from a held-out angle sample to the nearest sample of the interleaved half-grid, in units of that half-grid's spacing. mirror_over_spacing is the same quantity for the mirrored embedding. mirror_over_null near 1 means the mirror is indistinguishable from a genuine orbit point, so reflection is absorbed by rotation and no chirality is encoded; a value well above 1 means the mirror lies off the orbit and the encoder carries handedness. reencode_noise is the pipeline's own floor and is far below both."
4140,12.88847239994102,11.691115929263908,0.27670672650088246,12.384357134088333,1.1024159265823394,46.578095743906374,1.0407058081735299,45.0,0.816108287210325,512,16,standardize,0.9473676985260375,0.9701092449872284,1.4551317227842241e-05,12.53537504132379,11.723665953926115,0.634765625,0.9738163173501487,0.9728402386026139,"onorbit_null_ratio is what a point known to be on the orbit scores: the distance from a held-out angle sample to the nearest sample of the interleaved half-grid, in units of that half-grid's spacing. mirror_over_spacing is the same quantity for the mirrored embedding. mirror_over_null near 1 means the mirror is indistinguishable from a genuine orbit point, so reflection is absorbed by rotation and no chirality is encoded; a value well above 1 means the mirror lies off the orbit and the encoder carries handedness. reencode_noise is the pipeline's own floor and is far below both."
4158,9.052496609205441,10.621688750711943,1.3951004646235827e-05,11.93031275886564,0.8522652867792494,648877.7574630032,0.7587811645992567,180.0,1.1978079402989856,512,16,standardize,0.9473676985260375,0.9701092449872284,1.4551317227842241e-05,12.53537504132379,11.723665953926115,0.634765625,0.9738163173501487,0.9728402386026139,"onorbit_null_ratio is what a point known to be on the orbit scores: the distance from a held-out angle sample to the nearest sample of the interleaved half-grid, in units of that half-grid's spacing. mirror_over_spacing is the same quantity for the mirrored embedding. mirror_over_null near 1 means the mirror is indistinguishable from a genuine orbit point, so reflection is absorbed by rotation and no chirality is encoded; a value well above 1 means the mirror lies off the orbit and the encoder carries handedness. reencode_noise is the pipeline's own floor and is far below both."
4184,11.678490438257665,11.587512198420482,2.092309388067588e-05,11.444313495951556,1.0078514040183348,558162.693570078,1.0204622970516273,90.0,0.8689096461966205,512,16,standardize,0.9473676985260375,0.9701092449872284,1.4551317227842241e-05,12.53537504132379,11.723665953926115,0.634765625,0.9738163173501487,0.9728402386026139,"onorbit_null_ratio is what a point known to be on the orbit scores: the distance from a held-out angle sample to the nearest sample of the interleaved half-grid, in units of that half-grid's spacing. mirror_over_spacing is the same quantity for the mirrored embedding. mirror_over_null near 1 means the mirror is indistinguishable from a genuine orbit point, so reflection is absorbed by rotation and no chirality is encoded; a value well above 1 means the mirror lies off the orbit and the encoder carries handedness. reencode_noise is the pipeline's own floor and is far below both."
4205,9.336687475880646,10.712919013041477,3.161342701984085e-05,15.038028035174623,0.8715353364022017,295339.3021902011,0.6208717960919953,22.5,0.8584713888979855,512,16,standardize,0.9473676985260375,0.9701092449872284,1.4551317227842241e-05,12.53537504132379,11.723665953926115,0.634765625,0.9738163173501487,0.9728402386026139,"onorbit_null_ratio is what a point known to be on the orbit scores: the distance from a held-out angle sample to the nearest sample of the interleaved half-grid, in units of that half-grid's spacing. mirror_over_spacing is the same quantity for the mirrored embedding. mirror_over_null near 1 means the mirror is indistinguishable from a genuine orbit point, so reflection is absorbed by rotation and no chirality is encoded; a value well above 1 means the mirror lies off the orbit and the encoder carries handedness. reencode_noise is the pipeline's own floor and is far below both."
4218,11.427535767749578,12.363617988270905,1.163541655928194e-05,16.41015847884561,0.9242873549304607,982133.7903569487,0.6963696165689596,67.5,1.0401722451743665,512,16,standardize,0.9473676985260375,0.9701092449872284,1.4551317227842241e-05,12.53537504132379,11.723665953926115,0.634765625,0.9738163173501487,0.9728402386026139,"onorbit_null_ratio is what a point known to be on the orbit scores: the distance from a held-out angle sample to the nearest sample of the interleaved half-grid, in units of that half-grid's spacing. mirror_over_spacing is the same quantity for the mirrored embedding. mirror_over_null near 1 means the mirror is indistinguishable from a genuine orbit point, so reflection is absorbed by rotation and no chirality is encoded; a value well above 1 means the mirror lies off the orbit and the encoder carries handedness. reencode_noise is the pipeline's own floor and is far below both."
4226,12.20914139143049,11.417917529928882,1.219600041984789e-05,14.322084722816555,1.0692966873711984,1001077.4820539702,0.8524695690411656,135.0,0.8763815181285676,512,16,standardize,0.9473676985260375,0.9701092449872284,1.4551317227842241e-05,12.53537504132379,11.723665953926115,0.634765625,0.9738163173501487,0.9728402386026139,"onorbit_null_ratio is what a point known to be on the orbit scores: the distance from a held-out angle sample to the nearest sample of the interleaved half-grid, in units of that half-grid's spacing. mirror_over_spacing is the same quantity for the mirrored embedding. mirror_over_null near 1 means the mirror is indistinguishable from a genuine orbit point, so reflection is absorbed by rotation and no chirality is encoded; a value well above 1 means the mirror lies off the orbit and the encoder carries handedness. reencode_noise is the pipeline's own floor and is far below both."
4284,11.44219754037479,12.691555113051349,3.904806762084295e-05,13.632588775942208,0.9015599300836048,293028.52196115366,0.8393268313474797,45.0,0.885205087931153,512,16,standardize,0.9473676985260375,0.9701092449872284,1.4551317227842241e-05,12.53537504132379,11.723665953926115,0.634765625,0.9738163173501487,0.9728402386026139,"onorbit_null_ratio is what a point known to be on the orbit scores: the distance from a held-out angle sample to the nearest sample of the interleaved half-grid, in units of that half-grid's spacing. mirror_over_spacing is the same quantity for the mirrored embedding. mirror_over_null near 1 means the mirror is indistinguishable from a genuine orbit point, so reflection is absorbed by rotation and no chirality is encoded; a value well above 1 means the mirror lies off the orbit and the encoder carries handedness. reencode_noise is the pipeline's own floor and is far below both."
4291,11.038210431971862,12.419861243969446,1.0507048638676723e-05,13.474503655004712,0.88875473043884,1050552.9013485212,0.8191923587383525,225.0,0.932614591853742,512,16,standardize,0.9473676985260375,0.9701092449872284,1.4551317227842241e-05,12.53537504132379,11.723665953926115,0.634765625,0.9738163173501487,0.9728402386026139,"onorbit_null_ratio is what a point known to be on the orbit scores: the distance from a held-out angle sample to the nearest sample of the interleaved half-grid, in units of that half-grid's spacing. mirror_over_spacing is the same quantity for the mirrored embedding. mirror_over_null near 1 means the mirror is indistinguishable from a genuine orbit point, so reflection is absorbed by rotation and no chirality is encoded; a value well above 1 means the mirror lies off the orbit and the encoder carries handedness. reencode_noise is the pipeline's own floor and is far below both."
4299,17.557985551517913,12.704688896362722,1.2967141358319757e-05,18.79465450966049,1.3820083037644992,1354036.7199168887,0.9342010273449333,90.0,0.9418875832992729,512,16,standardize,0.9473676985260375,0.9701092449872284,1.4551317227842241e-05,12.53537504132379,11.723665953926115,0.634765625,0.9738163173501487,0.9728402386026139,"onorbit_null_ratio is what a point known to be on the orbit scores: the distance from a held-out angle sample to the nearest sample of the interleaved half-grid, in units of that half-grid's spacing. mirror_over_spacing is the same quantity for the mirrored embedding. mirror_over_null near 1 means the mirror is indistinguishable from a genuine orbit point, so reflection is absorbed by rotation and no chirality is encoded; a value well above 1 means the mirror lies off the orbit and the encoder carries handedness. reencode_noise is the pipeline's own floor and is far below both."
4339,16.4182325436113,16.386721516138312,1.4626133554090206e-05,18.70848921042856,1.0019229610658822,1122527.1862104617,0.8775819553862951,0.0,0.9621264060964424,512,16,standardize,0.9473676985260375,0.9701092449872284,1.4551317227842241e-05,12.53537504132379,11.723665953926115,0.634765625,0.9738163173501487,0.9728402386026139,"onorbit_null_ratio is what a point known to be on the orbit scores: the distance from a held-out angle sample to the nearest sample of the interleaved half-grid, in units of that half-grid's spacing. mirror_over_spacing is the same quantity for the mirrored embedding. mirror_over_null near 1 means the mirror is indistinguishable from a genuine orbit point, so reflection is absorbed by rotation and no chirality is encoded; a value well above 1 means the mirror lies off the orbit and the encoder carries handedness. reencode_noise is the pipeline's own floor and is far below both."
4359,10.672451983100023,11.222559125807596,1.1042070250602031e-05,14.369525375846102,0.9509820232140692,966526.361532444,0.7427143001563203,225.0,0.945721507489363,512,16,standardize,0.9473676985260375,0.9701092449872284,1.4551317227842241e-05,12.53537504132379,11.723665953926115,0.634765625,0.9738163173501487,0.9728402386026139,"onorbit_null_ratio is what a point known to be on the orbit scores: the distance from a held-out angle sample to the nearest sample of the interleaved half-grid, in units of that half-grid's spacing. mirror_over_spacing is the same quantity for the mirrored embedding. mirror_over_null near 1 means the mirror is indistinguishable from a genuine orbit point, so reflection is absorbed by rotation and no chirality is encoded; a value well above 1 means the mirror lies off the orbit and the encoder carries handedness. reencode_noise is the pipeline's own floor and is far below both."
4395,12.105101969888818,15.117721201257684,1.0860025620209109e-05,19.016639072908596,0.8007226624130204,1114647.643865847,0.636553174484651,337.5,0.9517561890263196,512,16,standardize,0.9473676985260375,0.9701092449872284,1.4551317227842241e-05,12.53537504132379,11.723665953926115,0.634765625,0.9738163173501487,0.9728402386026139,"onorbit_null_ratio is what a point known to be on the orbit scores: the distance from a held-out angle sample to the nearest sample of the interleaved half-grid, in units of that half-grid's spacing. mirror_over_spacing is the same quantity for the mirrored embedding. mirror_over_null near 1 means the mirror is indistinguishable from a genuine orbit point, so reflection is absorbed by rotation and no chirality is encoded; a value well above 1 means the mirror lies off the orbit and the encoder carries handedness. reencode_noise is the pipeline's own floor and is far below both."
4419,9.047331181720764,6.009422148552611,2.3766131818147888e-05,14.601657662188696,1.5055243179911806,380681.6881665276,0.6196098683472783,315.0,2.5048544371640333,512,16,standardize,0.9473676985260375,0.9701092449872284,1.4551317227842241e-05,12.53537504132379,11.723665953926115,0.634765625,0.9738163173501487,0.9728402386026139,"onorbit_null_ratio is what a point known to be on the orbit scores: the distance from a held-out angle sample to the nearest sample of the interleaved half-grid, in units of that half-grid's spacing. mirror_over_spacing is the same quantity for the mirrored embedding. mirror_over_null near 1 means the mirror is indistinguishable from a genuine orbit point, so reflection is absorbed by rotation and no chirality is encoded; a value well above 1 means the mirror lies off the orbit and the encoder carries handedness. reencode_noise is the pipeline's own floor and is far below both."
4451,15.271327008041913,14.127186656461827,1.743525318217786e-05,16.02004200696886,1.0809885491996916,875887.8835010041,0.9532638554504882,180.0,0.9028374751778805,512,16,standardize,0.9473676985260375,0.9701092449872284,1.4551317227842241e-05,12.53537504132379,11.723665953926115,0.634765625,0.9738163173501487,0.9728402386026139,"onorbit_null_ratio is what a point known to be on the orbit scores: the distance from a held-out angle sample to the nearest sample of the interleaved half-grid, in units of that half-grid's spacing. mirror_over_spacing is the same quantity for the mirrored embedding. mirror_over_null near 1 means the mirror is indistinguishable from a genuine orbit point, so reflection is absorbed by rotation and no chirality is encoded; a value well above 1 means the mirror lies off the orbit and the encoder carries handedness. reencode_noise is the pipeline's own floor and is far below both."
4467,12.77364281442251,10.894669917060618,1.569225028027446e-05,10.59404975043067,1.172467170796932,814009.628082423,1.2057374767286924,90.0,0.8257435719478038,512,16,standardize,0.9473676985260375,0.9701092449872284,1.4551317227842241e-05,12.53537504132379,11.723665953926115,0.634765625,0.9738163173501487,0.9728402386026139,"onorbit_null_ratio is what a point known to be on the orbit scores: the distance from a held-out angle sample to the nearest sample of the interleaved half-grid, in units of that half-grid's spacing. mirror_over_spacing is the same quantity for the mirrored embedding. mirror_over_null near 1 means the mirror is indistinguishable from a genuine orbit point, so reflection is absorbed by rotation and no chirality is encoded; a value well above 1 means the mirror lies off the orbit and the encoder carries handedness. reencode_noise is the pipeline's own floor and is far below both."
4478,11.625425102174662,11.646468466094282,1.3529767483090535e-05,13.209551614279004,0.9981931549481388,859247.9594866715,0.880077192749528,180.0,0.8617849352475009,512,16,standardize,0.9473676985260375,0.9701092449872284,1.4551317227842241e-05,12.53537504132379,11.723665953926115,0.634765625,0.9738163173501487,0.9728402386026139,"onorbit_null_ratio is what a point known to be on the orbit scores: the distance from a held-out angle sample to the nearest sample of the interleaved half-grid, in units of that half-grid's spacing. mirror_over_spacing is the same quantity for the mirrored embedding. mirror_over_null near 1 means the mirror is indistinguishable from a genuine orbit point, so reflection is absorbed by rotation and no chirality is encoded; a value well above 1 means the mirror lies off the orbit and the encoder carries handedness. reencode_noise is the pipeline's own floor and is far below both."
4491,10.602500080097627,12.512132067218358,2.2791310256291418e-05,13.924201032572073,0.8473775710756807,465199.2343077715,0.7614440537949586,135.0,0.9512645217414074,512,16,standardize,0.9473676985260375,0.9701092449872284,1.4551317227842241e-05,12.53537504132379,11.723665953926115,0.634765625,0.9738163173501487,0.9728402386026139,"onorbit_null_ratio is what a point known to be on the orbit scores: the distance from a held-out angle sample to the nearest sample of the interleaved half-grid, in units of that half-grid's spacing. mirror_over_spacing is the same quantity for the mirrored embedding. mirror_over_null near 1 means the mirror is indistinguishable from a genuine orbit point, so reflection is absorbed by rotation and no chirality is encoded; a value well above 1 means the mirror lies off the orbit and the encoder carries handedness. reencode_noise is the pipeline's own floor and is far below both."
4506,8.773150214966197,10.662710677632857,1.9845395443194134e-05,15.56726421790296,0.8227879833004954,442074.8500617507,0.5635640336133522,67.5,1.0465674980701387,512,16,standardize,0.9473676985260375,0.9701092449872284,1.4551317227842241e-05,12.53537504132379,11.723665953926115,0.634765625,0.9738163173501487,0.9728402386026139,"onorbit_null_ratio is what a point known to be on the orbit scores: the distance from a held-out angle sample to the nearest sample of the interleaved half-grid, in units of that half-grid's spacing. mirror_over_spacing is the same quantity for the mirrored embedding. mirror_over_null near 1 means the mirror is indistinguishable from a genuine orbit point, so reflection is absorbed by rotation and no chirality is encoded; a value well above 1 means the mirror lies off the orbit and the encoder carries handedness. reencode_noise is the pipeline's own floor and is far below both."
4520,10.61947847654671,12.814791195811425,1.0892258533818116e-05,20.140344904407655,0.828689154140704,974956.5201354262,0.5272739134781484,90.0,1.2442712268113483,512,16,standardize,0.9473676985260375,0.9701092449872284,1.4551317227842241e-05,12.53537504132379,11.723665953926115,0.634765625,0.9738163173501487,0.9728402386026139,"onorbit_null_ratio is what a point known to be on the orbit scores: the distance from a held-out angle sample to the nearest sample of the interleaved half-grid, in units of that half-grid's spacing. mirror_over_spacing is the same quantity for the mirrored embedding. mirror_over_null near 1 means the mirror is indistinguishable from a genuine orbit point, so reflection is absorbed by rotation and no chirality is encoded; a value well above 1 means the mirror lies off the orbit and the encoder carries handedness. reencode_noise is the pipeline's own floor and is far below both."
4524,15.191423387634979,13.922148004738075,1.996710753544662e-05,19.087056263725437,1.091169507928298,760822.4356315202,0.7959018498051986,22.5,1.0782536883348044,512,16,standardize,0.9473676985260375,0.9701092449872284,1.4551317227842241e-05,12.53537504132379,11.723665953926115,0.634765625,0.9738163173501487,0.9728402386026139,"onorbit_null_ratio is what a point known to be on the orbit scores: the distance from a held-out angle sample to the nearest sample of the interleaved half-grid, in units of that half-grid's spacing. mirror_over_spacing is the same quantity for the mirrored embedding. mirror_over_null near 1 means the mirror is indistinguishable from a genuine orbit point, so reflection is absorbed by rotation and no chirality is encoded; a value well above 1 means the mirror lies off the orbit and the encoder carries handedness. reencode_noise is the pipeline's own floor and is far below both."
4529,10.713424731337273,12.320631564111899,1.9798444701430346e-05,13.61130836094089,0.8695515871559563,541124.5627068513,0.7870973492952812,22.5,1.0177818308546835,512,16,standardize,0.9473676985260375,0.9701092449872284,1.4551317227842241e-05,12.53537504132379,11.723665953926115,0.634765625,0.9738163173501487,0.9728402386026139,"onorbit_null_ratio is what a point known to be on the orbit scores: the distance from a held-out angle sample to the nearest sample of the interleaved half-grid, in units of that half-grid's spacing. mirror_over_spacing is the same quantity for the mirrored embedding. mirror_over_null near 1 means the mirror is indistinguishable from a genuine orbit point, so reflection is absorbed by rotation and no chirality is encoded; a value well above 1 means the mirror lies off the orbit and the encoder carries handedness. reencode_noise is the pipeline's own floor and is far below both."
4563,13.479838412096145,13.728729389646197,2.2394787743265047e-05,23.296610325261717,0.9818707929564291,601918.5609897124,0.5786180145477756,112.5,1.2106220898884306,512,16,standardize,0.9473676985260375,0.9701092449872284,1.4551317227842241e-05,12.53537504132379,11.723665953926115,0.634765625,0.9738163173501487,0.9728402386026139,"onorbit_null_ratio is what a point known to be on the orbit scores: the distance from a held-out angle sample to the nearest sample of the interleaved half-grid, in units of that half-grid's spacing. mirror_over_spacing is the same quantity for the mirrored embedding. mirror_over_null near 1 means the mirror is indistinguishable from a genuine orbit point, so reflection is absorbed by rotation and no chirality is encoded; a value well above 1 means the mirror lies off the orbit and the encoder carries handedness. reencode_noise is the pipeline's own floor and is far below both."
4570,11.151778239091817,13.519474247008763,2.4395583451709064,20.711537979920884,0.8248677452497232,4.571228337771346,0.5384331308424839,225.0,1.5051455052600489,512,16,standardize,0.9473676985260375,0.9701092449872284,1.4551317227842241e-05,12.53537504132379,11.723665953926115,0.634765625,0.9738163173501487,0.9728402386026139,"onorbit_null_ratio is what a point known to be on the orbit scores: the distance from a held-out angle sample to the nearest sample of the interleaved half-grid, in units of that half-grid's spacing. mirror_over_spacing is the same quantity for the mirrored embedding. mirror_over_null near 1 means the mirror is indistinguishable from a genuine orbit point, so reflection is absorbed by rotation and no chirality is encoded; a value well above 1 means the mirror lies off the orbit and the encoder carries handedness. reencode_noise is the pipeline's own floor and is far below both."
4576,10.076588416321746,13.74779529361695,1.2177727851152859e-05,16.55910611027057,0.7329603184446796,827460.4704167207,0.6085224860097898,112.5,0.9554037705766772,512,16,standardize,0.9473676985260375,0.9701092449872284,1.4551317227842241e-05,12.53537504132379,11.723665953926115,0.634765625,0.9738163173501487,0.9728402386026139,"onorbit_null_ratio is what a point known to be on the orbit scores: the distance from a held-out angle sample to the nearest sample of the interleaved half-grid, in units of that half-grid's spacing. mirror_over_spacing is the same quantity for the mirrored embedding. mirror_over_null near 1 means the mirror is indistinguishable from a genuine orbit point, so reflection is absorbed by rotation and no chirality is encoded; a value well above 1 means the mirror lies off the orbit and the encoder carries handedness. reencode_noise is the pipeline's own floor and is far below both."
4599,11.251405717154734,14.959902202649847,0.33558040207652695,21.3253670193634,0.7521042293419387,33.52819666325128,0.5276066623818702,180.0,1.0726775211521202,512,16,standardize,0.9473676985260375,0.9701092449872284,1.4551317227842241e-05,12.53537504132379,11.723665953926115,0.634765625,0.9738163173501487,0.9728402386026139,"onorbit_null_ratio is what a point known to be on the orbit scores: the distance from a held-out angle sample to the nearest sample of the interleaved half-grid, in units of that half-grid's spacing. mirror_over_spacing is the same quantity for the mirrored embedding. mirror_over_null near 1 means the mirror is indistinguishable from a genuine orbit point, so reflection is absorbed by rotation and no chirality is encoded; a value well above 1 means the mirror lies off the orbit and the encoder carries handedness. reencode_noise is the pipeline's own floor and is far below both."
4628,10.953710137704357,11.046516450677395,1.2270228216365137e-05,15.063753254679412,0.9915985900724978,892706.3086809661,0.7271567684701481,0.0,0.8928510448138333,512,16,standardize,0.9473676985260375,0.9701092449872284,1.4551317227842241e-05,12.53537504132379,11.723665953926115,0.634765625,0.9738163173501487,0.9728402386026139,"onorbit_null_ratio is what a point known to be on the orbit scores: the distance from a held-out angle sample to the nearest sample of the interleaved half-grid, in units of that half-grid's spacing. mirror_over_spacing is the same quantity for the mirrored embedding. mirror_over_null near 1 means the mirror is indistinguishable from a genuine orbit point, so reflection is absorbed by rotation and no chirality is encoded; a value well above 1 means the mirror lies off the orbit and the encoder carries handedness. reencode_noise is the pipeline's own floor and is far below both."
4639,14.531379316763203,12.101715239676711,1.8024347209124132e-05,12.787159373584961,1.2007702238043572,806208.3551856597,1.1364040200188135,180.0,0.8497240358803988,512,16,standardize,0.9473676985260375,0.9701092449872284,1.4551317227842241e-05,12.53537504132379,11.723665953926115,0.634765625,0.9738163173501487,0.9728402386026139,"onorbit_null_ratio is what a point known to be on the orbit scores: the distance from a held-out angle sample to the nearest sample of the interleaved half-grid, in units of that half-grid's spacing. mirror_over_spacing is the same quantity for the mirrored embedding. mirror_over_null near 1 means the mirror is indistinguishable from a genuine orbit point, so reflection is absorbed by rotation and no chirality is encoded; a value well above 1 means the mirror lies off the orbit and the encoder carries handedness. reencode_noise is the pipeline's own floor and is far below both."
4665,12.048486374878928,11.834288950383424,1.4728431642158714e-05,13.869449032356847,1.0180997291340064,818042.7263138662,0.8687069217220029,180.0,1.0024058780171539,512,16,standardize,0.9473676985260375,0.9701092449872284,1.4551317227842241e-05,12.53537504132379,11.723665953926115,0.634765625,0.9738163173501487,0.9728402386026139,"onorbit_null_ratio is what a point known to be on the orbit scores: the distance from a held-out angle sample to the nearest sample of the interleaved half-grid, in units of that half-grid's spacing. mirror_over_spacing is the same quantity for the mirrored embedding. mirror_over_null near 1 means the mirror is indistinguishable from a genuine orbit point, so reflection is absorbed by rotation and no chirality is encoded; a value well above 1 means the mirror lies off the orbit and the encoder carries handedness. reencode_noise is the pipeline's own floor and is far below both."
4682,9.461518627141798,8.24989520334018,1.4974603371677912e-05,8.229960335329338,1.14686531088432,631837.6782544211,1.1496432840053508,0.0,0.9199845577392336,512,16,standardize,0.9473676985260375,0.9701092449872284,1.4551317227842241e-05,12.53537504132379,11.723665953926115,0.634765625,0.9738163173501487,0.9728402386026139,"onorbit_null_ratio is what a point known to be on the orbit scores: the distance from a held-out angle sample to the nearest sample of the interleaved half-grid, in units of that half-grid's spacing. mirror_over_spacing is the same quantity for the mirrored embedding. mirror_over_null near 1 means the mirror is indistinguishable from a genuine orbit point, so reflection is absorbed by rotation and no chirality is encoded; a value well above 1 means the mirror lies off the orbit and the encoder carries handedness. reencode_noise is the pipeline's own floor and is far below both."
4733,12.391121424210793,12.153836808400415,0.19287407732534742,20.25098775135647,1.0195234327686853,64.24461802250892,0.6118773847651358,180.0,1.9709419376571014,512,16,standardize,0.9473676985260375,0.9701092449872284,1.4551317227842241e-05,12.53537504132379,11.723665953926115,0.634765625,0.9738163173501487,0.9728402386026139,"onorbit_null_ratio is what a point known to be on the orbit scores: the distance from a held-out angle sample to the nearest sample of the interleaved half-grid, in units of that half-grid's spacing. mirror_over_spacing is the same quantity for the mirrored embedding. mirror_over_null near 1 means the mirror is indistinguishable from a genuine orbit point, so reflection is absorbed by rotation and no chirality is encoded; a value well above 1 means the mirror lies off the orbit and the encoder carries handedness. reencode_noise is the pipeline's own floor and is far below both."
4744,9.108882152592587,11.634183314165924,0.24574783763955635,13.316563832682997,0.7829412608190126,37.06597071243728,0.6840264701196079,292.5,0.8503396663112044,512,16,standardize,0.9473676985260375,0.9701092449872284,1.4551317227842241e-05,12.53537504132379,11.723665953926115,0.634765625,0.9738163173501487,0.9728402386026139,"onorbit_null_ratio is what a point known to be on the orbit scores: the distance from a held-out angle sample to the nearest sample of the interleaved half-grid, in units of that half-grid's spacing. mirror_over_spacing is the same quantity for the mirrored embedding. mirror_over_null near 1 means the mirror is indistinguishable from a genuine orbit point, so reflection is absorbed by rotation and no chirality is encoded; a value well above 1 means the mirror lies off the orbit and the encoder carries handedness. reencode_noise is the pipeline's own floor and is far below both."
4777,12.08345746263557,14.009905848456688,1.154481302694681e-05,15.34070293736913,0.8624938378130976,1046656.8349293753,0.7876729972523564,67.5,0.8502411822785014,512,16,standardize,0.9473676985260375,0.9701092449872284,1.4551317227842241e-05,12.53537504132379,11.723665953926115,0.634765625,0.9738163173501487,0.9728402386026139,"onorbit_null_ratio is what a point known to be on the orbit scores: the distance from a held-out angle sample to the nearest sample of the interleaved half-grid, in units of that half-grid's spacing. mirror_over_spacing is the same quantity for the mirrored embedding. mirror_over_null near 1 means the mirror is indistinguishable from a genuine orbit point, so reflection is absorbed by rotation and no chirality is encoded; a value well above 1 means the mirror lies off the orbit and the encoder carries handedness. reencode_noise is the pipeline's own floor and is far below both."
4783,12.691881907779427,12.27316539699507,1.4451154727417005e-05,13.384255308717883,1.0341164236967648,878260.7443611511,0.9482695611396866,135.0,0.9801905550636277,512,16,standardize,0.9473676985260375,0.9701092449872284,1.4551317227842241e-05,12.53537504132379,11.723665953926115,0.634765625,0.9738163173501487,0.9728402386026139,"onorbit_null_ratio is what a point known to be on the orbit scores: the distance from a held-out angle sample to the nearest sample of the interleaved half-grid, in units of that half-grid's spacing. mirror_over_spacing is the same quantity for the mirrored embedding. mirror_over_null near 1 means the mirror is indistinguishable from a genuine orbit point, so reflection is absorbed by rotation and no chirality is encoded; a value well above 1 means the mirror lies off the orbit and the encoder carries handedness. reencode_noise is the pipeline's own floor and is far below both."
4821,16.874308886823655,10.51506509108986,1.3202836915826195e-05,18.20737427602267,1.6047745535234412,1278082.0511837483,0.9267843144766607,22.5,1.9363991473428444,512,16,standardize,0.9473676985260375,0.9701092449872284,1.4551317227842241e-05,12.53537504132379,11.723665953926115,0.634765625,0.9738163173501487,0.9728402386026139,"onorbit_null_ratio is what a point known to be on the orbit scores: the distance from a held-out angle sample to the nearest sample of the interleaved half-grid, in units of that half-grid's spacing. mirror_over_spacing is the same quantity for the mirrored embedding. mirror_over_null near 1 means the mirror is indistinguishable from a genuine orbit point, so reflection is absorbed by rotation and no chirality is encoded; a value well above 1 means the mirror lies off the orbit and the encoder carries handedness. reencode_noise is the pipeline's own floor and is far below both."
4926,8.945555062765102,10.16380656731809,1.234378264359287e-05,13.816004183232932,0.8801382635054962,724701.2784535993,0.6474777326443926,292.5,0.9649233020037952,512,16,standardize,0.9473676985260375,0.9701092449872284,1.4551317227842241e-05,12.53537504132379,11.723665953926115,0.634765625,0.9738163173501487,0.9728402386026139,"onorbit_null_ratio is what a point known to be on the orbit scores: the distance from a held-out angle sample to the nearest sample of the interleaved half-grid, in units of that half-grid's spacing. mirror_over_spacing is the same quantity for the mirrored embedding. mirror_over_null near 1 means the mirror is indistinguishable from a genuine orbit point, so reflection is absorbed by rotation and no chirality is encoded; a value well above 1 means the mirror lies off the orbit and the encoder carries handedness. reencode_noise is the pipeline's own floor and is far below both."
4931,10.625311112576675,11.857510100730659,1.1983840135045666e-05,11.171252718401053,0.89608282196799,886636.5866734075,0.9511297775114231,45.0,0.9108364093181945,512,16,standardize,0.9473676985260375,0.9701092449872284,1.4551317227842241e-05,12.53537504132379,11.723665953926115,0.634765625,0.9738163173501487,0.9728402386026139,"onorbit_null_ratio is what a point known to be on the orbit scores: the distance from a held-out angle sample to the nearest sample of the interleaved half-grid, in units of that half-grid's spacing. mirror_over_spacing is the same quantity for the mirrored embedding. mirror_over_null near 1 means the mirror is indistinguishable from a genuine orbit point, so reflection is absorbed by rotation and no chirality is encoded; a value well above 1 means the mirror lies off the orbit and the encoder carries handedness. reencode_noise is the pipeline's own floor and is far below both."
4946,7.215341316719059,12.678796440404144,1.0793578649300598e-05,15.508217228766423,0.5690872434646539,668484.6195276113,0.4652592371052951,270.0,0.9855955825778958,512,16,standardize,0.9473676985260375,0.9701092449872284,1.4551317227842241e-05,12.53537504132379,11.723665953926115,0.634765625,0.9738163173501487,0.9728402386026139,"onorbit_null_ratio is what a point known to be on the orbit scores: the distance from a held-out angle sample to the nearest sample of the interleaved half-grid, in units of that half-grid's spacing. mirror_over_spacing is the same quantity for the mirrored embedding. mirror_over_null near 1 means the mirror is indistinguishable from a genuine orbit point, so reflection is absorbed by rotation and no chirality is encoded; a value well above 1 means the mirror lies off the orbit and the encoder carries handedness. reencode_noise is the pipeline's own floor and is far below both."
4951,15.388889639012799,13.901724571769675,1.1013489819821194e-05,15.626011859699947,1.1069770199780191,1397276.42107746,0.9848251605837639,0.0,0.9739911181870485,512,16,standardize,0.9473676985260375,0.9701092449872284,1.4551317227842241e-05,12.53537504132379,11.723665953926115,0.634765625,0.9738163173501487,0.9728402386026139,"onorbit_null_ratio is what a point known to be on the orbit scores: the distance from a held-out angle sample to the nearest sample of the interleaved half-grid, in units of that half-grid's spacing. mirror_over_spacing is the same quantity for the mirrored embedding. mirror_over_null near 1 means the mirror is indistinguishable from a genuine orbit point, so reflection is absorbed by rotation and no chirality is encoded; a value well above 1 means the mirror lies off the orbit and the encoder carries handedness. reencode_noise is the pipeline's own floor and is far below both."
4958,11.647475060540112,13.68543774662446,2.054494665233757e-05,13.457219160919731,0.851085312445558,566926.5176317643,0.8655187168508643,180.0,0.9334847717834828,512,16,standardize,0.9473676985260375,0.9701092449872284,1.4551317227842241e-05,12.53537504132379,11.723665953926115,0.634765625,0.9738163173501487,0.9728402386026139,"onorbit_null_ratio is what a point known to be on the orbit scores: the distance from a held-out angle sample to the nearest sample of the interleaved half-grid, in units of that half-grid's spacing. mirror_over_spacing is the same quantity for the mirrored embedding. mirror_over_null near 1 means the mirror is indistinguishable from a genuine orbit point, so reflection is absorbed by rotation and no chirality is encoded; a value well above 1 means the mirror lies off the orbit and the encoder carries handedness. reencode_noise is the pipeline's own floor and is far below both."
4959,10.774830570001013,11.830727628708717,1.1580191049318888e-05,17.556005576290794,0.9107496096735894,930453.6103171421,0.6137404390297251,67.5,1.3851346437752945,512,16,standardize,0.9473676985260375,0.9701092449872284,1.4551317227842241e-05,12.53537504132379,11.723665953926115,0.634765625,0.9738163173501487,0.9728402386026139,"onorbit_null_ratio is what a point known to be on the orbit scores: the distance from a held-out angle sample to the nearest sample of the interleaved half-grid, in units of that half-grid's spacing. mirror_over_spacing is the same quantity for the mirrored embedding. mirror_over_null near 1 means the mirror is indistinguishable from a genuine orbit point, so reflection is absorbed by rotation and no chirality is encoded; a value well above 1 means the mirror lies off the orbit and the encoder carries handedness. reencode_noise is the pipeline's own floor and is far below both."
4970,10.302464897417124,12.9868132648539,0.2805042007752353,18.447871687534736,0.7933019969801672,36.728380070401755,0.5584636033856697,202.5,1.2763674807446594,512,16,standardize,0.9473676985260375,0.9701092449872284,1.4551317227842241e-05,12.53537504132379,11.723665953926115,0.634765625,0.9738163173501487,0.9728402386026139,"onorbit_null_ratio is what a point known to be on the orbit scores: the distance from a held-out angle sample to the nearest sample of the interleaved half-grid, in units of that half-grid's spacing. mirror_over_spacing is the same quantity for the mirrored embedding. mirror_over_null near 1 means the mirror is indistinguishable from a genuine orbit point, so reflection is absorbed by rotation and no chirality is encoded; a value well above 1 means the mirror lies off the orbit and the encoder carries handedness. reencode_noise is the pipeline's own floor and is far below both."
4978,6.948438401369602,13.93953731519328,2.2010484136119487e-05,15.089618277631093,0.49846980170541316,315687.66767683794,0.4604780766170867,90.0,1.029520885231804,512,16,standardize,0.9473676985260375,0.9701092449872284,1.4551317227842241e-05,12.53537504132379,11.723665953926115,0.634765625,0.9738163173501487,0.9728402386026139,"onorbit_null_ratio is what a point known to be on the orbit scores: the distance from a held-out angle sample to the nearest sample of the interleaved half-grid, in units of that half-grid's spacing. mirror_over_spacing is the same quantity for the mirrored embedding. mirror_over_null near 1 means the mirror is indistinguishable from a genuine orbit point, so reflection is absorbed by rotation and no chirality is encoded; a value well above 1 means the mirror lies off the orbit and the encoder carries handedness. reencode_noise is the pipeline's own floor and is far below both."
4996,18.475784010388505,15.211682683303628,4.031049450150632e-05,18.706632782273953,1.2145785837793974,458336.82367002725,0.9876595229845857,90.0,0.7547083582708864,512,16,standardize,0.9473676985260375,0.9701092449872284,1.4551317227842241e-05,12.53537504132379,11.723665953926115,0.634765625,0.9738163173501487,0.9728402386026139,"onorbit_null_ratio is what a point known to be on the orbit scores: the distance from a held-out angle sample to the nearest sample of the interleaved half-grid, in units of that half-grid's spacing. mirror_over_spacing is the same quantity for the mirrored embedding. mirror_over_null near 1 means the mirror is indistinguishable from a genuine orbit point, so reflection is absorbed by rotation and no chirality is encoded; a value well above 1 means the mirror lies off the orbit and the encoder carries handedness. reencode_noise is the pipeline's own floor and is far below both."
5019,9.455937274004237,10.320911290787814,2.0016816002620054e-05,11.03294179555069,0.9161920888172316,472399.6699957937,0.8570640042547474,180.0,0.68517136139791,512,16,standardize,0.9473676985260375,0.9701092449872284,1.4551317227842241e-05,12.53537504132379,11.723665953926115,0.634765625,0.9738163173501487,0.9728402386026139,"onorbit_null_ratio is what a point known to be on the orbit scores: the distance from a held-out angle sample to the nearest sample of the interleaved half-grid, in units of that half-grid's spacing. mirror_over_spacing is the same quantity for the mirrored embedding. mirror_over_null near 1 means the mirror is indistinguishable from a genuine orbit point, so reflection is absorbed by rotation and no chirality is encoded; a value well above 1 means the mirror lies off the orbit and the encoder carries handedness. reencode_noise is the pipeline's own floor and is far below both."
5031,11.022334231779876,14.892041951141685,1.5516348984851957e-05,21.080147038673676,0.7401492869777243,710369.0592768039,0.5228774833286638,202.5,1.524377779215338,512,16,standardize,0.9473676985260375,0.9701092449872284,1.4551317227842241e-05,12.53537504132379,11.723665953926115,0.634765625,0.9738163173501487,0.9728402386026139,"onorbit_null_ratio is what a point known to be on the orbit scores: the distance from a held-out angle sample to the nearest sample of the interleaved half-grid, in units of that half-grid's spacing. mirror_over_spacing is the same quantity for the mirrored embedding. mirror_over_null near 1 means the mirror is indistinguishable from a genuine orbit point, so reflection is absorbed by rotation and no chirality is encoded; a value well above 1 means the mirror lies off the orbit and the encoder carries handedness. reencode_noise is the pipeline's own floor and is far below both."
5033,10.550367843713099,10.911558722650954,0.3071242986081014,11.453926820855031,0.9668983242340923,34.35211050225512,0.9211136066019949,180.0,0.9769822519318896,512,16,standardize,0.9473676985260375,0.9701092449872284,1.4551317227842241e-05,12.53537504132379,11.723665953926115,0.634765625,0.9738163173501487,0.9728402386026139,"onorbit_null_ratio is what a point known to be on the orbit scores: the distance from a held-out angle sample to the nearest sample of the interleaved half-grid, in units of that half-grid's spacing. mirror_over_spacing is the same quantity for the mirrored embedding. mirror_over_null near 1 means the mirror is indistinguishable from a genuine orbit point, so reflection is absorbed by rotation and no chirality is encoded; a value well above 1 means the mirror lies off the orbit and the encoder carries handedness. reencode_noise is the pipeline's own floor and is far below both."
5051,13.11877611318527,13.103758951254882,1.443233069160636e-05,16.220065591654258,1.001146019396896,908985.2771191673,0.8087992023864132,337.5,0.8952155401397018,512,16,standardize,0.9473676985260375,0.9701092449872284,1.4551317227842241e-05,12.53537504132379,11.723665953926115,0.634765625,0.9738163173501487,0.9728402386026139,"onorbit_null_ratio is what a point known to be on the orbit scores: the distance from a held-out angle sample to the nearest sample of the interleaved half-grid, in units of that half-grid's spacing. mirror_over_spacing is the same quantity for the mirrored embedding. mirror_over_null near 1 means the mirror is indistinguishable from a genuine orbit point, so reflection is absorbed by rotation and no chirality is encoded; a value well above 1 means the mirror lies off the orbit and the encoder carries handedness. reencode_noise is the pipeline's own floor and is far below both."
5084,8.67104785780142,10.534917570825893,1.3631949913243742e-05,10.897371324742172,0.8230769533322174,636082.7257278363,0.7957008712838896,0.0,0.8926506856152241,512,16,standardize,0.9473676985260375,0.9701092449872284,1.4551317227842241e-05,12.53537504132379,11.723665953926115,0.634765625,0.9738163173501487,0.9728402386026139,"onorbit_null_ratio is what a point known to be on the orbit scores: the distance from a held-out angle sample to the nearest sample of the interleaved half-grid, in units of that half-grid's spacing. mirror_over_spacing is the same quantity for the mirrored embedding. mirror_over_null near 1 means the mirror is indistinguishable from a genuine orbit point, so reflection is absorbed by rotation and no chirality is encoded; a value well above 1 means the mirror lies off the orbit and the encoder carries handedness. reencode_noise is the pipeline's own floor and is far below both."
5100,12.68219679288268,12.255623486959278,1.1827202686101719,15.51528406785365,1.0348063324870662,10.722904755649173,0.8174002317597984,112.5,0.9914426041272687,512,16,standardize,0.9473676985260375,0.9701092449872284,1.4551317227842241e-05,12.53537504132379,11.723665953926115,0.634765625,0.9738163173501487,0.9728402386026139,"onorbit_null_ratio is what a point known to be on the orbit scores: the distance from a held-out angle sample to the nearest sample of the interleaved half-grid, in units of that half-grid's spacing. mirror_over_spacing is the same quantity for the mirrored embedding. mirror_over_null near 1 means the mirror is indistinguishable from a genuine orbit point, so reflection is absorbed by rotation and no chirality is encoded; a value well above 1 means the mirror lies off the orbit and the encoder carries handedness. reencode_noise is the pipeline's own floor and is far below both."
5116,10.570932160213689,10.556941516863104,1.064484810078736e-05,10.300855294984316,1.0013252553619092,993056.1770469788,1.0262188777043473,22.5,0.9900972339770403,512,16,standardize,0.9473676985260375,0.9701092449872284,1.4551317227842241e-05,12.53537504132379,11.723665953926115,0.634765625,0.9738163173501487,0.9728402386026139,"onorbit_null_ratio is what a point known to be on the orbit scores: the distance from a held-out angle sample to the nearest sample of the interleaved half-grid, in units of that half-grid's spacing. mirror_over_spacing is the same quantity for the mirrored embedding. mirror_over_null near 1 means the mirror is indistinguishable from a genuine orbit point, so reflection is absorbed by rotation and no chirality is encoded; a value well above 1 means the mirror lies off the orbit and the encoder carries handedness. reencode_noise is the pipeline's own floor and is far below both."
5140,7.042572808834,9.046869738672218,1.2570851244149267e-05,14.543146097095264,0.7784540965290407,560230.3831342971,0.48425373449563497,22.5,1.2112921171175166,512,16,standardize,0.9473676985260375,0.9701092449872284,1.4551317227842241e-05,12.53537504132379,11.723665953926115,0.634765625,0.9738163173501487,0.9728402386026139,"onorbit_null_ratio is what a point known to be on the orbit scores: the distance from a held-out angle sample to the nearest sample of the interleaved half-grid, in units of that half-grid's spacing. mirror_over_spacing is the same quantity for the mirrored embedding. mirror_over_null near 1 means the mirror is indistinguishable from a genuine orbit point, so reflection is absorbed by rotation and no chirality is encoded; a value well above 1 means the mirror lies off the orbit and the encoder carries handedness. reencode_noise is the pipeline's own floor and is far below both."
5153,9.058470375755244,12.10364624883178,2.2184262825234832e-05,14.771333360027898,0.7484083878136764,408328.66285063745,0.6132466281119889,90.0,1.1762032872169554,512,16,standardize,0.9473676985260375,0.9701092449872284,1.4551317227842241e-05,12.53537504132379,11.723665953926115,0.634765625,0.9738163173501487,0.9728402386026139,"onorbit_null_ratio is what a point known to be on the orbit scores: the distance from a held-out angle sample to the nearest sample of the interleaved half-grid, in units of that half-grid's spacing. mirror_over_spacing is the same quantity for the mirrored embedding. mirror_over_null near 1 means the mirror is indistinguishable from a genuine orbit point, so reflection is absorbed by rotation and no chirality is encoded; a value well above 1 means the mirror lies off the orbit and the encoder carries handedness. reencode_noise is the pipeline's own floor and is far below both."
5154,13.794354715057848,12.176676667651964,2.6479211780337646e-05,12.98351365470625,1.1328505380867455,520950.3526574366,1.0624515891395612,180.0,1.0966438024588212,512,16,standardize,0.9473676985260375,0.9701092449872284,1.4551317227842241e-05,12.53537504132379,11.723665953926115,0.634765625,0.9738163173501487,0.9728402386026139,"onorbit_null_ratio is what a point known to be on the orbit scores: the distance from a held-out angle sample to the nearest sample of the interleaved half-grid, in units of that half-grid's spacing. mirror_over_spacing is the same quantity for the mirrored embedding. mirror_over_null near 1 means the mirror is indistinguishable from a genuine orbit point, so reflection is absorbed by rotation and no chirality is encoded; a value well above 1 means the mirror lies off the orbit and the encoder carries handedness. reencode_noise is the pipeline's own floor and is far below both."
5161,14.076798499729701,17.007863633355008,1.377111903500999e-05,17.670289876479956,0.8276641207378308,1022197.1405477354,0.7966365350048178,67.5,0.9336052546579806,512,16,standardize,0.9473676985260375,0.9701092449872284,1.4551317227842241e-05,12.53537504132379,11.723665953926115,0.634765625,0.9738163173501487,0.9728402386026139,"onorbit_null_ratio is what a point known to be on the orbit scores: the distance from a held-out angle sample to the nearest sample of the interleaved half-grid, in units of that half-grid's spacing. mirror_over_spacing is the same quantity for the mirrored embedding. mirror_over_null near 1 means the mirror is indistinguishable from a genuine orbit point, so reflection is absorbed by rotation and no chirality is encoded; a value well above 1 means the mirror lies off the orbit and the encoder carries handedness. reencode_noise is the pipeline's own floor and is far below both."
5228,13.308820989913896,10.329663762556377,1.6179523141018578e-05,10.58459400174471,1.2884079574938883,822571.8937397584,1.257376616214107,135.0,0.8581351898915806,512,16,standardize,0.9473676985260375,0.9701092449872284,1.4551317227842241e-05,12.53537504132379,11.723665953926115,0.634765625,0.9738163173501487,0.9728402386026139,"onorbit_null_ratio is what a point known to be on the orbit scores: the distance from a held-out angle sample to the nearest sample of the interleaved half-grid, in units of that half-grid's spacing. mirror_over_spacing is the same quantity for the mirrored embedding. mirror_over_null near 1 means the mirror is indistinguishable from a genuine orbit point, so reflection is absorbed by rotation and no chirality is encoded; a value well above 1 means the mirror lies off the orbit and the encoder carries handedness. reencode_noise is the pipeline's own floor and is far below both."
5270,14.207470620465344,12.82280256925037,0.3890192659427795,15.404155598418521,1.1079848218622244,36.52125193859963,0.9223141463154244,0.0,1.0683484615527776,512,16,standardize,0.9473676985260375,0.9701092449872284,1.4551317227842241e-05,12.53537504132379,11.723665953926115,0.634765625,0.9738163173501487,0.9728402386026139,"onorbit_null_ratio is what a point known to be on the orbit scores: the distance from a held-out angle sample to the nearest sample of the interleaved half-grid, in units of that half-grid's spacing. mirror_over_spacing is the same quantity for the mirrored embedding. mirror_over_null near 1 means the mirror is indistinguishable from a genuine orbit point, so reflection is absorbed by rotation and no chirality is encoded; a value well above 1 means the mirror lies off the orbit and the encoder carries handedness. reencode_noise is the pipeline's own floor and is far below both."
5290,10.31722569964412,13.54661989833172,1.0965924586218703,20.21407998247666,0.7616088571965244,9.408441229488457,0.5103979853937451,22.5,1.126220554338384,512,16,standardize,0.9473676985260375,0.9701092449872284,1.4551317227842241e-05,12.53537504132379,11.723665953926115,0.634765625,0.9738163173501487,0.9728402386026139,"onorbit_null_ratio is what a point known to be on the orbit scores: the distance from a held-out angle sample to the nearest sample of the interleaved half-grid, in units of that half-grid's spacing. mirror_over_spacing is the same quantity for the mirrored embedding. mirror_over_null near 1 means the mirror is indistinguishable from a genuine orbit point, so reflection is absorbed by rotation and no chirality is encoded; a value well above 1 means the mirror lies off the orbit and the encoder carries handedness. reencode_noise is the pipeline's own floor and is far below both."
5291,14.054714547867205,16.855205308167555,1.8065866832105404e-05,22.11350433676062,0.8338500950241577,777970.6713485866,0.6355715644988569,270.0,1.053828211386414,512,16,standardize,0.9473676985260375,0.9701092449872284,1.4551317227842241e-05,12.53537504132379,11.723665953926115,0.634765625,0.9738163173501487,0.9728402386026139,"onorbit_null_ratio is what a point known to be on the orbit scores: the distance from a held-out angle sample to the nearest sample of the interleaved half-grid, in units of that half-grid's spacing. mirror_over_spacing is the same quantity for the mirrored embedding. mirror_over_null near 1 means the mirror is indistinguishable from a genuine orbit point, so reflection is absorbed by rotation and no chirality is encoded; a value well above 1 means the mirror lies off the orbit and the encoder carries handedness. reencode_noise is the pipeline's own floor and is far below both."
5316,10.887608601512877,9.165172486217674,1.878057425926042e-05,11.192433093067786,1.1879327549901928,579727.1399272768,0.9727651272051198,157.5,0.9801529013148966,512,16,standardize,0.9473676985260375,0.9701092449872284,1.4551317227842241e-05,12.53537504132379,11.723665953926115,0.634765625,0.9738163173501487,0.9728402386026139,"onorbit_null_ratio is what a point known to be on the orbit scores: the distance from a held-out angle sample to the nearest sample of the interleaved half-grid, in units of that half-grid's spacing. mirror_over_spacing is the same quantity for the mirrored embedding. mirror_over_null near 1 means the mirror is indistinguishable from a genuine orbit point, so reflection is absorbed by rotation and no chirality is encoded; a value well above 1 means the mirror lies off the orbit and the encoder carries handedness. reencode_noise is the pipeline's own floor and is far below both."
5318,13.253371099228762,12.972242528735942,2.395379480314818e-05,15.114642980084623,1.021671547526965,553288.9969269882,0.8768563780627625,337.5,0.9352646815786229,512,16,standardize,0.9473676985260375,0.9701092449872284,1.4551317227842241e-05,12.53537504132379,11.723665953926115,0.634765625,0.9738163173501487,0.9728402386026139,"onorbit_null_ratio is what a point known to be on the orbit scores: the distance from a held-out angle sample to the nearest sample of the interleaved half-grid, in units of that half-grid's spacing. mirror_over_spacing is the same quantity for the mirrored embedding. mirror_over_null near 1 means the mirror is indistinguishable from a genuine orbit point, so reflection is absorbed by rotation and no chirality is encoded; a value well above 1 means the mirror lies off the orbit and the encoder carries handedness. reencode_noise is the pipeline's own floor and is far below both."
5340,8.165870753696106,8.187130980883747,1.1628328799444104e-05,17.073308063357715,0.9974032139906785,702239.4098528138,0.4782828684044824,67.5,0.9229263809017668,512,16,standardize,0.9473676985260375,0.9701092449872284,1.4551317227842241e-05,12.53537504132379,11.723665953926115,0.634765625,0.9738163173501487,0.9728402386026139,"onorbit_null_ratio is what a point known to be on the orbit scores: the distance from a held-out angle sample to the nearest sample of the interleaved half-grid, in units of that half-grid's spacing. mirror_over_spacing is the same quantity for the mirrored embedding. mirror_over_null near 1 means the mirror is indistinguishable from a genuine orbit point, so reflection is absorbed by rotation and no chirality is encoded; a value well above 1 means the mirror lies off the orbit and the encoder carries handedness. reencode_noise is the pipeline's own floor and is far below both."
5354,9.787797282593425,15.120293414346019,0.5006614342653753,18.038028141324887,0.6473285282484557,19.54973283882978,0.5426201359654003,180.0,0.8218916001352461,512,16,standardize,0.9473676985260375,0.9701092449872284,1.4551317227842241e-05,12.53537504132379,11.723665953926115,0.634765625,0.9738163173501487,0.9728402386026139,"onorbit_null_ratio is what a point known to be on the orbit scores: the distance from a held-out angle sample to the nearest sample of the interleaved half-grid, in units of that half-grid's spacing. mirror_over_spacing is the same quantity for the mirrored embedding. mirror_over_null near 1 means the mirror is indistinguishable from a genuine orbit point, so reflection is absorbed by rotation and no chirality is encoded; a value well above 1 means the mirror lies off the orbit and the encoder carries handedness. reencode_noise is the pipeline's own floor and is far below both."
5383,9.001951821445962,13.531468701123057,1.5789167633984535e-05,15.705513935367613,0.665260513864163,570134.6663816654,0.5731714261940997,337.5,1.3730064421390524,512,16,standardize,0.9473676985260375,0.9701092449872284,1.4551317227842241e-05,12.53537504132379,11.723665953926115,0.634765625,0.9738163173501487,0.9728402386026139,"onorbit_null_ratio is what a point known to be on the orbit scores: the distance from a held-out angle sample to the nearest sample of the interleaved half-grid, in units of that half-grid's spacing. mirror_over_spacing is the same quantity for the mirrored embedding. mirror_over_null near 1 means the mirror is indistinguishable from a genuine orbit point, so reflection is absorbed by rotation and no chirality is encoded; a value well above 1 means the mirror lies off the orbit and the encoder carries handedness. reencode_noise is the pipeline's own floor and is far below both."
5415,18.420607858010523,12.504088957219091,1.3833445188770935e-05,18.005794206551492,1.4731667313815453,1331599.439376327,1.0230377869868188,90.0,1.413024373823712,512,16,standardize,0.9473676985260375,0.9701092449872284,1.4551317227842241e-05,12.53537504132379,11.723665953926115,0.634765625,0.9738163173501487,0.9728402386026139,"onorbit_null_ratio is what a point known to be on the orbit scores: the distance from a held-out angle sample to the nearest sample of the interleaved half-grid, in units of that half-grid's spacing. mirror_over_spacing is the same quantity for the mirrored embedding. mirror_over_null near 1 means the mirror is indistinguishable from a genuine orbit point, so reflection is absorbed by rotation and no chirality is encoded; a value well above 1 means the mirror lies off the orbit and the encoder carries handedness. reencode_noise is the pipeline's own floor and is far below both."
5416,10.787615066727142,13.200077691303202,1.0733549219964625e-05,17.102751091810788,0.8172387556350901,1005037.0893778503,0.6307532050731016,22.5,0.9745383049181016,512,16,standardize,0.9473676985260375,0.9701092449872284,1.4551317227842241e-05,12.53537504132379,11.723665953926115,0.634765625,0.9738163173501487,0.9728402386026139,"onorbit_null_ratio is what a point known to be on the orbit scores: the distance from a held-out angle sample to the nearest sample of the interleaved half-grid, in units of that half-grid's spacing. mirror_over_spacing is the same quantity for the mirrored embedding. mirror_over_null near 1 means the mirror is indistinguishable from a genuine orbit point, so reflection is absorbed by rotation and no chirality is encoded; a value well above 1 means the mirror lies off the orbit and the encoder carries handedness. reencode_noise is the pipeline's own floor and is far below both."
5447,8.763247510825273,10.83178176438333,0.3377745378021936,18.467005918989493,0.8090310256840906,25.944073723985607,0.47453537131398693,270.0,1.5551644198510108,512,16,standardize,0.9473676985260375,0.9701092449872284,1.4551317227842241e-05,12.53537504132379,11.723665953926115,0.634765625,0.9738163173501487,0.9728402386026139,"onorbit_null_ratio is what a point known to be on the orbit scores: the distance from a held-out angle sample to the nearest sample of the interleaved half-grid, in units of that half-grid's spacing. mirror_over_spacing is the same quantity for the mirrored embedding. mirror_over_null near 1 means the mirror is indistinguishable from a genuine orbit point, so reflection is absorbed by rotation and no chirality is encoded; a value well above 1 means the mirror lies off the orbit and the encoder carries handedness. reencode_noise is the pipeline's own floor and is far below both."
5458,14.904947722834208,11.929667719507105,1.683589768129048e-05,12.774711655654535,1.2494017497622334,885307.5734356528,1.166754140884014,90.0,1.117964674836339,512,16,standardize,0.9473676985260375,0.9701092449872284,1.4551317227842241e-05,12.53537504132379,11.723665953926115,0.634765625,0.9738163173501487,0.9728402386026139,"onorbit_null_ratio is what a point known to be on the orbit scores: the distance from a held-out angle sample to the nearest sample of the interleaved half-grid, in units of that half-grid's spacing. mirror_over_spacing is the same quantity for the mirrored embedding. mirror_over_null near 1 means the mirror is indistinguishable from a genuine orbit point, so reflection is absorbed by rotation and no chirality is encoded; a value well above 1 means the mirror lies off the orbit and the encoder carries handedness. reencode_noise is the pipeline's own floor and is far below both."
5504,11.724051211803914,13.668043128096933,1.4358286758519686e-05,21.736203664546547,0.8577710138844368,816535.5246751349,0.5393789731059044,90.0,1.753508631535249,512,16,standardize,0.9473676985260375,0.9701092449872284,1.4551317227842241e-05,12.53537504132379,11.723665953926115,0.634765625,0.9738163173501487,0.9728402386026139,"onorbit_null_ratio is what a point known to be on the orbit scores: the distance from a held-out angle sample to the nearest sample of the interleaved half-grid, in units of that half-grid's spacing. mirror_over_spacing is the same quantity for the mirrored embedding. mirror_over_null near 1 means the mirror is indistinguishable from a genuine orbit point, so reflection is absorbed by rotation and no chirality is encoded; a value well above 1 means the mirror lies off the orbit and the encoder carries handedness. reencode_noise is the pipeline's own floor and is far below both."
5520,15.175646696798047,13.617699191708526,0.26607752769791765,16.256563070379062,1.1144060742682667,57.034680185495475,0.9335089238173262,45.0,0.9751686743226873,512,16,standardize,0.9473676985260375,0.9701092449872284,1.4551317227842241e-05,12.53537504132379,11.723665953926115,0.634765625,0.9738163173501487,0.9728402386026139,"onorbit_null_ratio is what a point known to be on the orbit scores: the distance from a held-out angle sample to the nearest sample of the interleaved half-grid, in units of that half-grid's spacing. mirror_over_spacing is the same quantity for the mirrored embedding. mirror_over_null near 1 means the mirror is indistinguishable from a genuine orbit point, so reflection is absorbed by rotation and no chirality is encoded; a value well above 1 means the mirror lies off the orbit and the encoder carries handedness. reencode_noise is the pipeline's own floor and is far below both."
5563,10.98418212395386,10.848035014965554,1.291928292636824e-05,13.789134238886556,1.0125503935782363,850216.0829325254,0.7965824346663848,90.0,1.1807807339051113,512,16,standardize,0.9473676985260375,0.9701092449872284,1.4551317227842241e-05,12.53537504132379,11.723665953926115,0.634765625,0.9738163173501487,0.9728402386026139,"onorbit_null_ratio is what a point known to be on the orbit scores: the distance from a held-out angle sample to the nearest sample of the interleaved half-grid, in units of that half-grid's spacing. mirror_over_spacing is the same quantity for the mirrored embedding. mirror_over_null near 1 means the mirror is indistinguishable from a genuine orbit point, so reflection is absorbed by rotation and no chirality is encoded; a value well above 1 means the mirror lies off the orbit and the encoder carries handedness. reencode_noise is the pipeline's own floor and is far below both."
5607,9.94279279535657,11.284521884398522,1.2539107075951112e-05,12.470991068056449,0.8811000498925022,792942.650152973,0.797273668235103,225.0,0.9301056269926572,512,16,standardize,0.9473676985260375,0.9701092449872284,1.4551317227842241e-05,12.53537504132379,11.723665953926115,0.634765625,0.9738163173501487,0.9728402386026139,"onorbit_null_ratio is what a point known to be on the orbit scores: the distance from a held-out angle sample to the nearest sample of the interleaved half-grid, in units of that half-grid's spacing. mirror_over_spacing is the same quantity for the mirrored embedding. mirror_over_null near 1 means the mirror is indistinguishable from a genuine orbit point, so reflection is absorbed by rotation and no chirality is encoded; a value well above 1 means the mirror lies off the orbit and the encoder carries handedness. reencode_noise is the pipeline's own floor and is far below both."
5612,15.427270464901435,14.954129519366962,1.4598421458133243e-05,15.593596156284281,1.031639484258961,1056776.6185642225,0.9893337181676456,67.5,0.7583640812999285,512,16,standardize,0.9473676985260375,0.9701092449872284,1.4551317227842241e-05,12.53537504132379,11.723665953926115,0.634765625,0.9738163173501487,0.9728402386026139,"onorbit_null_ratio is what a point known to be on the orbit scores: the distance from a held-out angle sample to the nearest sample of the interleaved half-grid, in units of that half-grid's spacing. mirror_over_spacing is the same quantity for the mirrored embedding. mirror_over_null near 1 means the mirror is indistinguishable from a genuine orbit point, so reflection is absorbed by rotation and no chirality is encoded; a value well above 1 means the mirror lies off the orbit and the encoder carries handedness. reencode_noise is the pipeline's own floor and is far below both."
5624,12.267718727613046,14.270385194701657,1.2286410557430631e-05,18.198012645799473,0.8596627603414542,998478.6582110199,0.6741240907118901,0.0,0.90747245059115,512,16,standardize,0.9473676985260375,0.9701092449872284,1.4551317227842241e-05,12.53537504132379,11.723665953926115,0.634765625,0.9738163173501487,0.9728402386026139,"onorbit_null_ratio is what a point known to be on the orbit scores: the distance from a held-out angle sample to the nearest sample of the interleaved half-grid, in units of that half-grid's spacing. mirror_over_spacing is the same quantity for the mirrored embedding. mirror_over_null near 1 means the mirror is indistinguishable from a genuine orbit point, so reflection is absorbed by rotation and no chirality is encoded; a value well above 1 means the mirror lies off the orbit and the encoder carries handedness. reencode_noise is the pipeline's own floor and is far below both."
5636,11.322487399397158,13.627414613193686,0.2615523113426703,17.073263673021586,0.8308610048772596,43.2895711808989,0.6631706518589325,90.0,1.194855004223309,512,16,standardize,0.9473676985260375,0.9701092449872284,1.4551317227842241e-05,12.53537504132379,11.723665953926115,0.634765625,0.9738163173501487,0.9728402386026139,"onorbit_null_ratio is what a point known to be on the orbit scores: the distance from a held-out angle sample to the nearest sample of the interleaved half-grid, in units of that half-grid's spacing. mirror_over_spacing is the same quantity for the mirrored embedding. mirror_over_null near 1 means the mirror is indistinguishable from a genuine orbit point, so reflection is absorbed by rotation and no chirality is encoded; a value well above 1 means the mirror lies off the orbit and the encoder carries handedness. reencode_noise is the pipeline's own floor and is far below both."
5653,11.689038042512001,10.531595302755305,0.22807576982958203,10.815477236299483,1.1099019385461844,51.2506788916948,1.080769510871016,225.0,0.8498146878262697,512,16,standardize,0.9473676985260375,0.9701092449872284,1.4551317227842241e-05,12.53537504132379,11.723665953926115,0.634765625,0.9738163173501487,0.9728402386026139,"onorbit_null_ratio is what a point known to be on the orbit scores: the distance from a held-out angle sample to the nearest sample of the interleaved half-grid, in units of that half-grid's spacing. mirror_over_spacing is the same quantity for the mirrored embedding. mirror_over_null near 1 means the mirror is indistinguishable from a genuine orbit point, so reflection is absorbed by rotation and no chirality is encoded; a value well above 1 means the mirror lies off the orbit and the encoder carries handedness. reencode_noise is the pipeline's own floor and is far below both."
5690,7.075456007060088,9.438427376974344,1.791105366455594e-05,9.391788301826573,0.7496435289973329,395032.9299197879,0.75336621521633,157.5,0.888749952555341,512,16,standardize,0.9473676985260375,0.9701092449872284,1.4551317227842241e-05,12.53537504132379,11.723665953926115,0.634765625,0.9738163173501487,0.9728402386026139,"onorbit_null_ratio is what a point known to be on the orbit scores: the distance from a held-out angle sample to the nearest sample of the interleaved half-grid, in units of that half-grid's spacing. mirror_over_spacing is the same quantity for the mirrored embedding. mirror_over_null near 1 means the mirror is indistinguishable from a genuine orbit point, so reflection is absorbed by rotation and no chirality is encoded; a value well above 1 means the mirror lies off the orbit and the encoder carries handedness. reencode_noise is the pipeline's own floor and is far below both."
5721,8.999005431372792,11.087048502627884,1.6821616332237275e-05,15.407070495713759,0.8116682658364688,534966.7507352978,0.5840828361158152,180.0,1.7085958557295,512,16,standardize,0.9473676985260375,0.9701092449872284,1.4551317227842241e-05,12.53537504132379,11.723665953926115,0.634765625,0.9738163173501487,0.9728402386026139,"onorbit_null_ratio is what a point known to be on the orbit scores: the distance from a held-out angle sample to the nearest sample of the interleaved half-grid, in units of that half-grid's spacing. mirror_over_spacing is the same quantity for the mirrored embedding. mirror_over_null near 1 means the mirror is indistinguishable from a genuine orbit point, so reflection is absorbed by rotation and no chirality is encoded; a value well above 1 means the mirror lies off the orbit and the encoder carries handedness. reencode_noise is the pipeline's own floor and is far below both."
5782,10.926200224376535,13.669787808736524,1.8663851959447232e-05,19.9784255323977,0.7992955250844106,585420.4291866949,0.5468999649976538,270.0,1.3070936765514154,512,16,standardize,0.9473676985260375,0.9701092449872284,1.4551317227842241e-05,12.53537504132379,11.723665953926115,0.634765625,0.9738163173501487,0.9728402386026139,"onorbit_null_ratio is what a point known to be on the orbit scores: the distance from a held-out angle sample to the nearest sample of the interleaved half-grid, in units of that half-grid's spacing. mirror_over_spacing is the same quantity for the mirrored embedding. mirror_over_null near 1 means the mirror is indistinguishable from a genuine orbit point, so reflection is absorbed by rotation and no chirality is encoded; a value well above 1 means the mirror lies off the orbit and the encoder carries handedness. reencode_noise is the pipeline's own floor and is far below both."
5783,12.973185504176051,13.259130536969666,0.2972652959977478,15.137253478881718,0.9784341038051981,43.64177614690125,0.8570369467800218,90.0,0.8572087375901226,512,16,standardize,0.9473676985260375,0.9701092449872284,1.4551317227842241e-05,12.53537504132379,11.723665953926115,0.634765625,0.9738163173501487,0.9728402386026139,"onorbit_null_ratio is what a point known to be on the orbit scores: the distance from a held-out angle sample to the nearest sample of the interleaved half-grid, in units of that half-grid's spacing. mirror_over_spacing is the same quantity for the mirrored embedding. mirror_over_null near 1 means the mirror is indistinguishable from a genuine orbit point, so reflection is absorbed by rotation and no chirality is encoded; a value well above 1 means the mirror lies off the orbit and the encoder carries handedness. reencode_noise is the pipeline's own floor and is far below both."
5837,11.717299227996193,11.073343807811936,1.5276543997363538e-05,11.629668676378634,1.058153655423393,767012.43619096,1.0075350858271266,315.0,0.861759535222221,512,16,standardize,0.9473676985260375,0.9701092449872284,1.4551317227842241e-05,12.53537504132379,11.723665953926115,0.634765625,0.9738163173501487,0.9728402386026139,"onorbit_null_ratio is what a point known to be on the orbit scores: the distance from a held-out angle sample to the nearest sample of the interleaved half-grid, in units of that half-grid's spacing. mirror_over_spacing is the same quantity for the mirrored embedding. mirror_over_null near 1 means the mirror is indistinguishable from a genuine orbit point, so reflection is absorbed by rotation and no chirality is encoded; a value well above 1 means the mirror lies off the orbit and the encoder carries handedness. reencode_noise is the pipeline's own floor and is far below both."
5851,10.617858368066354,13.568014597991244,2.61906147738355e-05,16.55234236522535,0.7825653702965751,405406.992533586,0.6414716499806883,0.0,1.0170027725624462,512,16,standardize,0.9473676985260375,0.9701092449872284,1.4551317227842241e-05,12.53537504132379,11.723665953926115,0.634765625,0.9738163173501487,0.9728402386026139,"onorbit_null_ratio is what a point known to be on the orbit scores: the distance from a held-out angle sample to the nearest sample of the interleaved half-grid, in units of that half-grid's spacing. mirror_over_spacing is the same quantity for the mirrored embedding. mirror_over_null near 1 means the mirror is indistinguishable from a genuine orbit point, so reflection is absorbed by rotation and no chirality is encoded; a value well above 1 means the mirror lies off the orbit and the encoder carries handedness. reencode_noise is the pipeline's own floor and is far below both."
5858,9.986749742520177,9.110737397592374,1.622506722697617e-05,10.27863213388921,1.096151640278788,615513.6125362844,0.9716029927360974,90.0,0.7197529968302137,512,16,standardize,0.9473676985260375,0.9701092449872284,1.4551317227842241e-05,12.53537504132379,11.723665953926115,0.634765625,0.9738163173501487,0.9728402386026139,"onorbit_null_ratio is what a point known to be on the orbit scores: the distance from a held-out angle sample to the nearest sample of the interleaved half-grid, in units of that half-grid's spacing. mirror_over_spacing is the same quantity for the mirrored embedding. mirror_over_null near 1 means the mirror is indistinguishable from a genuine orbit point, so reflection is absorbed by rotation and no chirality is encoded; a value well above 1 means the mirror lies off the orbit and the encoder carries handedness. reencode_noise is the pipeline's own floor and is far below both."
5874,10.86708117644779,14.809985851209664,1.1220734676748983e-05,20.09190310505982,0.7337671545148828,968482.1439514103,0.5408686832513686,112.5,1.0764082593586257,512,16,standardize,0.9473676985260375,0.9701092449872284,1.4551317227842241e-05,12.53537504132379,11.723665953926115,0.634765625,0.9738163173501487,0.9728402386026139,"onorbit_null_ratio is what a point known to be on the orbit scores: the distance from a held-out angle sample to the nearest sample of the interleaved half-grid, in units of that half-grid's spacing. mirror_over_spacing is the same quantity for the mirrored embedding. mirror_over_null near 1 means the mirror is indistinguishable from a genuine orbit point, so reflection is absorbed by rotation and no chirality is encoded; a value well above 1 means the mirror lies off the orbit and the encoder carries handedness. reencode_noise is the pipeline's own floor and is far below both."
5885,11.020320468615614,11.856423006831612,2.3653914173968166e-05,12.55960490466763,0.9294810468777776,465898.3873689625,0.8774416514105504,67.5,0.9167726178982021,512,16,standardize,0.9473676985260375,0.9701092449872284,1.4551317227842241e-05,12.53537504132379,11.723665953926115,0.634765625,0.9738163173501487,0.9728402386026139,"onorbit_null_ratio is what a point known to be on the orbit scores: the distance from a held-out angle sample to the nearest sample of the interleaved half-grid, in units of that half-grid's spacing. mirror_over_spacing is the same quantity for the mirrored embedding. mirror_over_null near 1 means the mirror is indistinguishable from a genuine orbit point, so reflection is absorbed by rotation and no chirality is encoded; a value well above 1 means the mirror lies off the orbit and the encoder carries handedness. reencode_noise is the pipeline's own floor and is far below both."
5926,10.371516271973729,11.908015397496019,1.2352152594497464e-05,21.77339681424833,0.8709693366834762,839652.5376956521,0.47633891764589964,157.5,1.9581039352912917,512,16,standardize,0.9473676985260375,0.9701092449872284,1.4551317227842241e-05,12.53537504132379,11.723665953926115,0.634765625,0.9738163173501487,0.9728402386026139,"onorbit_null_ratio is what a point known to be on the orbit scores: the distance from a held-out angle sample to the nearest sample of the interleaved half-grid, in units of that half-grid's spacing. mirror_over_spacing is the same quantity for the mirrored embedding. mirror_over_null near 1 means the mirror is indistinguishable from a genuine orbit point, so reflection is absorbed by rotation and no chirality is encoded; a value well above 1 means the mirror lies off the orbit and the encoder carries handedness. reencode_noise is the pipeline's own floor and is far below both."
5930,8.803697489888368,11.21943248256458,2.503919108787563e-05,17.537912379204087,0.784682959995494,351596.721275523,0.5019809256389899,225.0,1.8145086720771195,512,16,standardize,0.9473676985260375,0.9701092449872284,1.4551317227842241e-05,12.53537504132379,11.723665953926115,0.634765625,0.9738163173501487,0.9728402386026139,"onorbit_null_ratio is what a point known to be on the orbit scores: the distance from a held-out angle sample to the nearest sample of the interleaved half-grid, in units of that half-grid's spacing. mirror_over_spacing is the same quantity for the mirrored embedding. mirror_over_null near 1 means the mirror is indistinguishable from a genuine orbit point, so reflection is absorbed by rotation and no chirality is encoded; a value well above 1 means the mirror lies off the orbit and the encoder carries handedness. reencode_noise is the pipeline's own floor and is far below both."
5936,12.175073755515465,10.617515544176069,1.7068739391591783e-05,12.735758823492716,1.1466970502523774,713296.5988989801,0.9559755271948934,270.0,1.0135041399994673,512,16,standardize,0.9473676985260375,0.9701092449872284,1.4551317227842241e-05,12.53537504132379,11.723665953926115,0.634765625,0.9738163173501487,0.9728402386026139,"onorbit_null_ratio is what a point known to be on the orbit scores: the distance from a held-out angle sample to the nearest sample of the interleaved half-grid, in units of that half-grid's spacing. mirror_over_spacing is the same quantity for the mirrored embedding. mirror_over_null near 1 means the mirror is indistinguishable from a genuine orbit point, so reflection is absorbed by rotation and no chirality is encoded; a value well above 1 means the mirror lies off the orbit and the encoder carries handedness. reencode_noise is the pipeline's own floor and is far below both."
5989,10.007154187635942,9.912892841612098,9.994235456675875e-06,15.426616858565884,1.0095089644899777,1001292.6182313864,0.6486940253578221,247.5,1.2801902938163434,512,16,standardize,0.9473676985260375,0.9701092449872284,1.4551317227842241e-05,12.53537504132379,11.723665953926115,0.634765625,0.9738163173501487,0.9728402386026139,"onorbit_null_ratio is what a point known to be on the orbit scores: the distance from a held-out angle sample to the nearest sample of the interleaved half-grid, in units of that half-grid's spacing. mirror_over_spacing is the same quantity for the mirrored embedding. mirror_over_null near 1 means the mirror is indistinguishable from a genuine orbit point, so reflection is absorbed by rotation and no chirality is encoded; a value well above 1 means the mirror lies off the orbit and the encoder carries handedness. reencode_noise is the pipeline's own floor and is far below both."
5994,23.413580308909047,13.059916737787816,1.2998501815011834e-05,17.08307209577504,1.7927817442483183,1801252.2244578176,1.3705720011975866,90.0,1.0803176870210485,512,16,standardize,0.9473676985260375,0.9701092449872284,1.4551317227842241e-05,12.53537504132379,11.723665953926115,0.634765625,0.9738163173501487,0.9728402386026139,"onorbit_null_ratio is what a point known to be on the orbit scores: the distance from a held-out angle sample to the nearest sample of the interleaved half-grid, in units of that half-grid's spacing. mirror_over_spacing is the same quantity for the mirrored embedding. mirror_over_null near 1 means the mirror is indistinguishable from a genuine orbit point, so reflection is absorbed by rotation and no chirality is encoded; a value well above 1 means the mirror lies off the orbit and the encoder carries handedness. reencode_noise is the pipeline's own floor and is far below both."
6009,10.734042099891344,12.110924935596456,1.0930680718801863e-05,18.02055804833844,0.8863106787444306,982010.3958784303,0.595655366004665,157.5,1.4999037334905363,512,16,standardize,0.9473676985260375,0.9701092449872284,1.4551317227842241e-05,12.53537504132379,11.723665953926115,0.634765625,0.9738163173501487,0.9728402386026139,"onorbit_null_ratio is what a point known to be on the orbit scores: the distance from a held-out angle sample to the nearest sample of the interleaved half-grid, in units of that half-grid's spacing. mirror_over_spacing is the same quantity for the mirrored embedding. mirror_over_null near 1 means the mirror is indistinguishable from a genuine orbit point, so reflection is absorbed by rotation and no chirality is encoded; a value well above 1 means the mirror lies off the orbit and the encoder carries handedness. reencode_noise is the pipeline's own floor and is far below both."
6036,11.98697352365219,13.170757108109989,2.768399125240781e-05,19.244171391659627,0.9101203085941905,432992.9674648928,0.6228885245143532,180.0,1.2422241004727008,512,16,standardize,0.9473676985260375,0.9701092449872284,1.4551317227842241e-05,12.53537504132379,11.723665953926115,0.634765625,0.9738163173501487,0.9728402386026139,"onorbit_null_ratio is what a point known to be on the orbit scores: the distance from a held-out angle sample to the nearest sample of the interleaved half-grid, in units of that half-grid's spacing. mirror_over_spacing is the same quantity for the mirrored embedding. mirror_over_null near 1 means the mirror is indistinguishable from a genuine orbit point, so reflection is absorbed by rotation and no chirality is encoded; a value well above 1 means the mirror lies off the orbit and the encoder carries handedness. reencode_noise is the pipeline's own floor and is far below both."
6053,12.61535004372878,13.099994915819263,1.2326096669058644e-05,15.088655010265647,0.9630041938790956,1023466.7455915892,0.8360818134648754,157.5,1.105980167315109,512,16,standardize,0.9473676985260375,0.9701092449872284,1.4551317227842241e-05,12.53537504132379,11.723665953926115,0.634765625,0.9738163173501487,0.9728402386026139,"onorbit_null_ratio is what a point known to be on the orbit scores: the distance from a held-out angle sample to the nearest sample of the interleaved half-grid, in units of that half-grid's spacing. mirror_over_spacing is the same quantity for the mirrored embedding. mirror_over_null near 1 means the mirror is indistinguishable from a genuine orbit point, so reflection is absorbed by rotation and no chirality is encoded; a value well above 1 means the mirror lies off the orbit and the encoder carries handedness. reencode_noise is the pipeline's own floor and is far below both."
6081,17.115216746185098,15.07020776899299,1.1983325577844861e-05,18.873363834547778,1.1356987911871874,1428252.6695117285,0.9068450593240627,90.0,0.8679308657727097,512,16,standardize,0.9473676985260375,0.9701092449872284,1.4551317227842241e-05,12.53537504132379,11.723665953926115,0.634765625,0.9738163173501487,0.9728402386026139,"onorbit_null_ratio is what a point known to be on the orbit scores: the distance from a held-out angle sample to the nearest sample of the interleaved half-grid, in units of that half-grid's spacing. mirror_over_spacing is the same quantity for the mirrored embedding. mirror_over_null near 1 means the mirror is indistinguishable from a genuine orbit point, so reflection is absorbed by rotation and no chirality is encoded; a value well above 1 means the mirror lies off the orbit and the encoder carries handedness. reencode_noise is the pipeline's own floor and is far below both."
6088,13.016102795384382,11.617886234942166,2.0976678273279634e-05,17.410485075478412,1.1203503401709096,620503.5242383664,0.7476013872650082,67.5,0.9239574336595169,512,16,standardize,0.9473676985260375,0.9701092449872284,1.4551317227842241e-05,12.53537504132379,11.723665953926115,0.634765625,0.9738163173501487,0.9728402386026139,"onorbit_null_ratio is what a point known to be on the orbit scores: the distance from a held-out angle sample to the nearest sample of the interleaved half-grid, in units of that half-grid's spacing. mirror_over_spacing is the same quantity for the mirrored embedding. mirror_over_null near 1 means the mirror is indistinguishable from a genuine orbit point, so reflection is absorbed by rotation and no chirality is encoded; a value well above 1 means the mirror lies off the orbit and the encoder carries handedness. reencode_noise is the pipeline's own floor and is far below both."
6092,9.403800987706187,11.040919267554127,1.3337035906240234e-05,10.998705784045967,0.8517226473470441,705089.2757442653,0.8549915937697644,202.5,0.9737023715948704,512,16,standardize,0.9473676985260375,0.9701092449872284,1.4551317227842241e-05,12.53537504132379,11.723665953926115,0.634765625,0.9738163173501487,0.9728402386026139,"onorbit_null_ratio is what a point known to be on the orbit scores: the distance from a held-out angle sample to the nearest sample of the interleaved half-grid, in units of that half-grid's spacing. mirror_over_spacing is the same quantity for the mirrored embedding. mirror_over_null near 1 means the mirror is indistinguishable from a genuine orbit point, so reflection is absorbed by rotation and no chirality is encoded; a value well above 1 means the mirror lies off the orbit and the encoder carries handedness. reencode_noise is the pipeline's own floor and is far below both."
6093,9.655762722740551,12.06112583755063,1.2315253930060974e-05,14.70427346976794,0.8005689396489574,784049.015763392,0.6566637068191671,22.5,1.0084618007868953,512,16,standardize,0.9473676985260375,0.9701092449872284,1.4551317227842241e-05,12.53537504132379,11.723665953926115,0.634765625,0.9738163173501487,0.9728402386026139,"onorbit_null_ratio is what a point known to be on the orbit scores: the distance from a held-out angle sample to the nearest sample of the interleaved half-grid, in units of that half-grid's spacing. mirror_over_spacing is the same quantity for the mirrored embedding. mirror_over_null near 1 means the mirror is indistinguishable from a genuine orbit point, so reflection is absorbed by rotation and no chirality is encoded; a value well above 1 means the mirror lies off the orbit and the encoder carries handedness. reencode_noise is the pipeline's own floor and is far below both."
6099,14.188397360310741,13.392119266051534,1.901679840847824e-05,17.12356186671003,1.0594587069036743,746098.1104992491,0.8285891376311402,45.0,0.9970129869337191,512,16,standardize,0.9473676985260375,0.9701092449872284,1.4551317227842241e-05,12.53537504132379,11.723665953926115,0.634765625,0.9738163173501487,0.9728402386026139,"onorbit_null_ratio is what a point known to be on the orbit scores: the distance from a held-out angle sample to the nearest sample of the interleaved half-grid, in units of that half-grid's spacing. mirror_over_spacing is the same quantity for the mirrored embedding. mirror_over_null near 1 means the mirror is indistinguishable from a genuine orbit point, so reflection is absorbed by rotation and no chirality is encoded; a value well above 1 means the mirror lies off the orbit and the encoder carries handedness. reencode_noise is the pipeline's own floor and is far below both."
6120,12.684646023661848,11.424581834085815,1.7414168557963234e-05,20.243006117846207,1.1102941191087246,728409.5121418446,0.6266186923926819,202.5,1.692217403746897,512,16,standardize,0.9473676985260375,0.9701092449872284,1.4551317227842241e-05,12.53537504132379,11.723665953926115,0.634765625,0.9738163173501487,0.9728402386026139,"onorbit_null_ratio is what a point known to be on the orbit scores: the distance from a held-out angle sample to the nearest sample of the interleaved half-grid, in units of that half-grid's spacing. mirror_over_spacing is the same quantity for the mirrored embedding. mirror_over_null near 1 means the mirror is indistinguishable from a genuine orbit point, so reflection is absorbed by rotation and no chirality is encoded; a value well above 1 means the mirror lies off the orbit and the encoder carries handedness. reencode_noise is the pipeline's own floor and is far below both."
6171,14.275312627869733,12.373371878323685,2.0413749042561025e-05,13.048953736413058,1.1537124050137026,699298.9184939452,1.09398139622754,90.0,0.7928458361411027,512,16,standardize,0.9473676985260375,0.9701092449872284,1.4551317227842241e-05,12.53537504132379,11.723665953926115,0.634765625,0.9738163173501487,0.9728402386026139,"onorbit_null_ratio is what a point known to be on the orbit scores: the distance from a held-out angle sample to the nearest sample of the interleaved half-grid, in units of that half-grid's spacing. mirror_over_spacing is the same quantity for the mirrored embedding. mirror_over_null near 1 means the mirror is indistinguishable from a genuine orbit point, so reflection is absorbed by rotation and no chirality is encoded; a value well above 1 means the mirror lies off the orbit and the encoder carries handedness. reencode_noise is the pipeline's own floor and is far below both."
6172,10.906479226558782,12.59708448750667,0.2336591620695181,14.314994678081629,0.8657939253622876,46.67687382750219,0.7618919511900492,202.5,1.3490197126463217,512,16,standardize,0.9473676985260375,0.9701092449872284,1.4551317227842241e-05,12.53537504132379,11.723665953926115,0.634765625,0.9738163173501487,0.9728402386026139,"onorbit_null_ratio is what a point known to be on the orbit scores: the distance from a held-out angle sample to the nearest sample of the interleaved half-grid, in units of that half-grid's spacing. mirror_over_spacing is the same quantity for the mirrored embedding. mirror_over_null near 1 means the mirror is indistinguishable from a genuine orbit point, so reflection is absorbed by rotation and no chirality is encoded; a value well above 1 means the mirror lies off the orbit and the encoder carries handedness. reencode_noise is the pipeline's own floor and is far below both."
6179,13.859391420475783,15.29630939604423,1.160905307398521e-05,22.99816563193761,0.9060611328939223,1193843.402398889,0.6026302985325582,90.0,1.398065683482033,512,16,standardize,0.9473676985260375,0.9701092449872284,1.4551317227842241e-05,12.53537504132379,11.723665953926115,0.634765625,0.9738163173501487,0.9728402386026139,"onorbit_null_ratio is what a point known to be on the orbit scores: the distance from a held-out angle sample to the nearest sample of the interleaved half-grid, in units of that half-grid's spacing. mirror_over_spacing is the same quantity for the mirrored embedding. mirror_over_null near 1 means the mirror is indistinguishable from a genuine orbit point, so reflection is absorbed by rotation and no chirality is encoded; a value well above 1 means the mirror lies off the orbit and the encoder carries handedness. reencode_noise is the pipeline's own floor and is far below both."
6189,11.305609365152774,9.493421917483634,1.687259255273672e-05,12.627990447591412,1.1908887504864512,670057.629247914,0.895281748277624,90.0,0.7175246666461721,512,16,standardize,0.9473676985260375,0.9701092449872284,1.4551317227842241e-05,12.53537504132379,11.723665953926115,0.634765625,0.9738163173501487,0.9728402386026139,"onorbit_null_ratio is what a point known to be on the orbit scores: the distance from a held-out angle sample to the nearest sample of the interleaved half-grid, in units of that half-grid's spacing. mirror_over_spacing is the same quantity for the mirrored embedding. mirror_over_null near 1 means the mirror is indistinguishable from a genuine orbit point, so reflection is absorbed by rotation and no chirality is encoded; a value well above 1 means the mirror lies off the orbit and the encoder carries handedness. reencode_noise is the pipeline's own floor and is far below both."
6200,13.174738011024418,14.428493105703566,1.657585286501411e-05,16.727966447566796,0.91310561085665,794815.0914654734,0.7875875440281493,67.5,0.7912157895547982,512,16,standardize,0.9473676985260375,0.9701092449872284,1.4551317227842241e-05,12.53537504132379,11.723665953926115,0.634765625,0.9738163173501487,0.9728402386026139,"onorbit_null_ratio is what a point known to be on the orbit scores: the distance from a held-out angle sample to the nearest sample of the interleaved half-grid, in units of that half-grid's spacing. mirror_over_spacing is the same quantity for the mirrored embedding. mirror_over_null near 1 means the mirror is indistinguishable from a genuine orbit point, so reflection is absorbed by rotation and no chirality is encoded; a value well above 1 means the mirror lies off the orbit and the encoder carries handedness. reencode_noise is the pipeline's own floor and is far below both."
6237,10.637539294763153,10.110929840273643,1.4448139272670429e-05,15.169658452543418,1.0520831874821177,736256.6967280508,0.7012378906249938,90.0,0.9351148922059925,512,16,standardize,0.9473676985260375,0.9701092449872284,1.4551317227842241e-05,12.53537504132379,11.723665953926115,0.634765625,0.9738163173501487,0.9728402386026139,"onorbit_null_ratio is what a point known to be on the orbit scores: the distance from a held-out angle sample to the nearest sample of the interleaved half-grid, in units of that half-grid's spacing. mirror_over_spacing is the same quantity for the mirrored embedding. mirror_over_null near 1 means the mirror is indistinguishable from a genuine orbit point, so reflection is absorbed by rotation and no chirality is encoded; a value well above 1 means the mirror lies off the orbit and the encoder carries handedness. reencode_noise is the pipeline's own floor and is far below both."
6243,14.06961916673036,13.789770288336534,1.501666455344473e-05,16.306551120249733,1.020293947799154,936933.7056612133,0.8628200447155552,270.0,0.9358737480395943,512,16,standardize,0.9473676985260375,0.9701092449872284,1.4551317227842241e-05,12.53537504132379,11.723665953926115,0.634765625,0.9738163173501487,0.9728402386026139,"onorbit_null_ratio is what a point known to be on the orbit scores: the distance from a held-out angle sample to the nearest sample of the interleaved half-grid, in units of that half-grid's spacing. mirror_over_spacing is the same quantity for the mirrored embedding. mirror_over_null near 1 means the mirror is indistinguishable from a genuine orbit point, so reflection is absorbed by rotation and no chirality is encoded; a value well above 1 means the mirror lies off the orbit and the encoder carries handedness. reencode_noise is the pipeline's own floor and is far below both."
6290,13.011180259027778,12.807361915653566,1.3361825392333442e-05,15.656567036162519,1.0159141550552342,973757.69230551,0.8310366013810947,45.0,0.838975234840883,512,16,standardize,0.9473676985260375,0.9701092449872284,1.4551317227842241e-05,12.53537504132379,11.723665953926115,0.634765625,0.9738163173501487,0.9728402386026139,"onorbit_null_ratio is what a point known to be on the orbit scores: the distance from a held-out angle sample to the nearest sample of the interleaved half-grid, in units of that half-grid's spacing. mirror_over_spacing is the same quantity for the mirrored embedding. mirror_over_null near 1 means the mirror is indistinguishable from a genuine orbit point, so reflection is absorbed by rotation and no chirality is encoded; a value well above 1 means the mirror lies off the orbit and the encoder carries handedness. reencode_noise is the pipeline's own floor and is far below both."
6302,11.63932603038433,11.005136446928734,9.710676796815328e-06,17.3845344219448,1.0576266897292839,1198611.2063992815,0.669521872020444,112.5,1.4798366383403423,512,16,standardize,0.9473676985260375,0.9701092449872284,1.4551317227842241e-05,12.53537504132379,11.723665953926115,0.634765625,0.9738163173501487,0.9728402386026139,"onorbit_null_ratio is what a point known to be on the orbit scores: the distance from a held-out angle sample to the nearest sample of the interleaved half-grid, in units of that half-grid's spacing. mirror_over_spacing is the same quantity for the mirrored embedding. mirror_over_null near 1 means the mirror is indistinguishable from a genuine orbit point, so reflection is absorbed by rotation and no chirality is encoded; a value well above 1 means the mirror lies off the orbit and the encoder carries handedness. reencode_noise is the pipeline's own floor and is far below both."
6316,11.115237863043019,13.756274440157503,1.706242231131211e-05,18.615501718932585,0.8080122209975156,651445.4782703271,0.5970957984838223,315.0,1.026385638055792,512,16,standardize,0.9473676985260375,0.9701092449872284,1.4551317227842241e-05,12.53537504132379,11.723665953926115,0.634765625,0.9738163173501487,0.9728402386026139,"onorbit_null_ratio is what a point known to be on the orbit scores: the distance from a held-out angle sample to the nearest sample of the interleaved half-grid, in units of that half-grid's spacing. mirror_over_spacing is the same quantity for the mirrored embedding. mirror_over_null near 1 means the mirror is indistinguishable from a genuine orbit point, so reflection is absorbed by rotation and no chirality is encoded; a value well above 1 means the mirror lies off the orbit and the encoder carries handedness. reencode_noise is the pipeline's own floor and is far below both."
6327,13.126300384200631,12.178820306564635,1.3515523468843359e-05,13.351479290694057,1.0777973608104954,971201.7750892162,0.9831345350136315,90.0,0.9433197143644527,512,16,standardize,0.9473676985260375,0.9701092449872284,1.4551317227842241e-05,12.53537504132379,11.723665953926115,0.634765625,0.9738163173501487,0.9728402386026139,"onorbit_null_ratio is what a point known to be on the orbit scores: the distance from a held-out angle sample to the nearest sample of the interleaved half-grid, in units of that half-grid's spacing. mirror_over_spacing is the same quantity for the mirrored embedding. mirror_over_null near 1 means the mirror is indistinguishable from a genuine orbit point, so reflection is absorbed by rotation and no chirality is encoded; a value well above 1 means the mirror lies off the orbit and the encoder carries handedness. reencode_noise is the pipeline's own floor and is far below both."
6332,10.773665440273037,11.665973354743919,1.4985132499162693e-05,12.880036549050343,0.9235119190369119,718956.9689073503,0.8364623345007036,135.0,0.9910650939873177,512,16,standardize,0.9473676985260375,0.9701092449872284,1.4551317227842241e-05,12.53537504132379,11.723665953926115,0.634765625,0.9738163173501487,0.9728402386026139,"onorbit_null_ratio is what a point known to be on the orbit scores: the distance from a held-out angle sample to the nearest sample of the interleaved half-grid, in units of that half-grid's spacing. mirror_over_spacing is the same quantity for the mirrored embedding. mirror_over_null near 1 means the mirror is indistinguishable from a genuine orbit point, so reflection is absorbed by rotation and no chirality is encoded; a value well above 1 means the mirror lies off the orbit and the encoder carries handedness. reencode_noise is the pipeline's own floor and is far below both."
6398,8.351016611018926,10.07295879728163,1.1287585627926455e-05,11.411636143937246,0.8290529901971403,739840.8203750672,0.7317983596467575,270.0,0.8691194411041986,512,16,standardize,0.9473676985260375,0.9701092449872284,1.4551317227842241e-05,12.53537504132379,11.723665953926115,0.634765625,0.9738163173501487,0.9728402386026139,"onorbit_null_ratio is what a point known to be on the orbit scores: the distance from a held-out angle sample to the nearest sample of the interleaved half-grid, in units of that half-grid's spacing. mirror_over_spacing is the same quantity for the mirrored embedding. mirror_over_null near 1 means the mirror is indistinguishable from a genuine orbit point, so reflection is absorbed by rotation and no chirality is encoded; a value well above 1 means the mirror lies off the orbit and the encoder carries handedness. reencode_noise is the pipeline's own floor and is far below both."
6409,16.967551593652182,15.748140810560436,1.4138760781544424e-05,16.839528495779767,1.0774320472340475,1200073.4615865508,1.007602534590235,270.0,0.8781393781531159,512,16,standardize,0.9473676985260375,0.9701092449872284,1.4551317227842241e-05,12.53537504132379,11.723665953926115,0.634765625,0.9738163173501487,0.9728402386026139,"onorbit_null_ratio is what a point known to be on the orbit scores: the distance from a held-out angle sample to the nearest sample of the interleaved half-grid, in units of that half-grid's spacing. mirror_over_spacing is the same quantity for the mirrored embedding. mirror_over_null near 1 means the mirror is indistinguishable from a genuine orbit point, so reflection is absorbed by rotation and no chirality is encoded; a value well above 1 means the mirror lies off the orbit and the encoder carries handedness. reencode_noise is the pipeline's own floor and is far below both."
6412,9.30355969268665,9.942919436223338,2.837081941744106e-05,12.658944210525043,0.9356969803851152,327927.07026880066,0.7349396235549706,0.0,0.8637521801217577,512,16,standardize,0.9473676985260375,0.9701092449872284,1.4551317227842241e-05,12.53537504132379,11.723665953926115,0.634765625,0.9738163173501487,0.9728402386026139,"onorbit_null_ratio is what a point known to be on the orbit scores: the distance from a held-out angle sample to the nearest sample of the interleaved half-grid, in units of that half-grid's spacing. mirror_over_spacing is the same quantity for the mirrored embedding. mirror_over_null near 1 means the mirror is indistinguishable from a genuine orbit point, so reflection is absorbed by rotation and no chirality is encoded; a value well above 1 means the mirror lies off the orbit and the encoder carries handedness. reencode_noise is the pipeline's own floor and is far below both."
6420,9.852376370829036,10.516441700532695,1.3527241930625045e-05,11.053410795777989,0.9368545608283055,728335.9328795411,0.8913426410056428,247.5,1.1570377369127072,512,16,standardize,0.9473676985260375,0.9701092449872284,1.4551317227842241e-05,12.53537504132379,11.723665953926115,0.634765625,0.9738163173501487,0.9728402386026139,"onorbit_null_ratio is what a point known to be on the orbit scores: the distance from a held-out angle sample to the nearest sample of the interleaved half-grid, in units of that half-grid's spacing. mirror_over_spacing is the same quantity for the mirrored embedding. mirror_over_null near 1 means the mirror is indistinguishable from a genuine orbit point, so reflection is absorbed by rotation and no chirality is encoded; a value well above 1 means the mirror lies off the orbit and the encoder carries handedness. reencode_noise is the pipeline's own floor and is far below both."
6422,12.372885281958425,15.200152896378931,1.7042060764870936e-05,17.29998645604104,0.8139974226776341,726020.4885234798,0.7151962409564717,67.5,0.8949391106299975,512,16,standardize,0.9473676985260375,0.9701092449872284,1.4551317227842241e-05,12.53537504132379,11.723665953926115,0.634765625,0.9738163173501487,0.9728402386026139,"onorbit_null_ratio is what a point known to be on the orbit scores: the distance from a held-out angle sample to the nearest sample of the interleaved half-grid, in units of that half-grid's spacing. mirror_over_spacing is the same quantity for the mirrored embedding. mirror_over_null near 1 means the mirror is indistinguishable from a genuine orbit point, so reflection is absorbed by rotation and no chirality is encoded; a value well above 1 means the mirror lies off the orbit and the encoder carries handedness. reencode_noise is the pipeline's own floor and is far below both."
6433,13.495391508528384,13.279196626703925,1.2505876336151538e-05,15.972015897857418,1.0162807199789254,1079124.0170444027,0.8449397743423694,0.0,0.8240023474587417,512,16,standardize,0.9473676985260375,0.9701092449872284,1.4551317227842241e-05,12.53537504132379,11.723665953926115,0.634765625,0.9738163173501487,0.9728402386026139,"onorbit_null_ratio is what a point known to be on the orbit scores: the distance from a held-out angle sample to the nearest sample of the interleaved half-grid, in units of that half-grid's spacing. mirror_over_spacing is the same quantity for the mirrored embedding. mirror_over_null near 1 means the mirror is indistinguishable from a genuine orbit point, so reflection is absorbed by rotation and no chirality is encoded; a value well above 1 means the mirror lies off the orbit and the encoder carries handedness. reencode_noise is the pipeline's own floor and is far below both."
6438,10.98315817289511,12.724398552294007,1.2449913647436092e-05,14.559171587336756,0.8631573529984268,882187.4981564195,0.7543807082023827,157.5,0.8398938762259011,512,16,standardize,0.9473676985260375,0.9701092449872284,1.4551317227842241e-05,12.53537504132379,11.723665953926115,0.634765625,0.9738163173501487,0.9728402386026139,"onorbit_null_ratio is what a point known to be on the orbit scores: the distance from a held-out angle sample to the nearest sample of the interleaved half-grid, in units of that half-grid's spacing. mirror_over_spacing is the same quantity for the mirrored embedding. mirror_over_null near 1 means the mirror is indistinguishable from a genuine orbit point, so reflection is absorbed by rotation and no chirality is encoded; a value well above 1 means the mirror lies off the orbit and the encoder carries handedness. reencode_noise is the pipeline's own floor and is far below both."
6450,13.746416031634908,14.319091162409828,1.909729641586146e-05,20.21903338626056,0.9600061816577931,719809.5338886648,0.6798750350239795,157.5,1.56226061014223,512,16,standardize,0.9473676985260375,0.9701092449872284,1.4551317227842241e-05,12.53537504132379,11.723665953926115,0.634765625,0.9738163173501487,0.9728402386026139,"onorbit_null_ratio is what a point known to be on the orbit scores: the distance from a held-out angle sample to the nearest sample of the interleaved half-grid, in units of that half-grid's spacing. mirror_over_spacing is the same quantity for the mirrored embedding. mirror_over_null near 1 means the mirror is indistinguishable from a genuine orbit point, so reflection is absorbed by rotation and no chirality is encoded; a value well above 1 means the mirror lies off the orbit and the encoder carries handedness. reencode_noise is the pipeline's own floor and is far below both."
6456,11.603891542177733,14.32726287331953,1.1526052720474529e-05,15.151935836963656,0.8099168448836584,1006753.2939151782,0.7658355781754072,270.0,0.9220613397458616,512,16,standardize,0.9473676985260375,0.9701092449872284,1.4551317227842241e-05,12.53537504132379,11.723665953926115,0.634765625,0.9738163173501487,0.9728402386026139,"onorbit_null_ratio is what a point known to be on the orbit scores: the distance from a held-out angle sample to the nearest sample of the interleaved half-grid, in units of that half-grid's spacing. mirror_over_spacing is the same quantity for the mirrored embedding. mirror_over_null near 1 means the mirror is indistinguishable from a genuine orbit point, so reflection is absorbed by rotation and no chirality is encoded; a value well above 1 means the mirror lies off the orbit and the encoder carries handedness. reencode_noise is the pipeline's own floor and is far below both."
6490,18.77217213299415,15.955740272578028,1.39581496648102e-05,17.586946057926667,1.1765152736445903,1344889.7299274954,1.0673923756383665,22.5,1.1248546159171495,512,16,standardize,0.9473676985260375,0.9701092449872284,1.4551317227842241e-05,12.53537504132379,11.723665953926115,0.634765625,0.9738163173501487,0.9728402386026139,"onorbit_null_ratio is what a point known to be on the orbit scores: the distance from a held-out angle sample to the nearest sample of the interleaved half-grid, in units of that half-grid's spacing. mirror_over_spacing is the same quantity for the mirrored embedding. mirror_over_null near 1 means the mirror is indistinguishable from a genuine orbit point, so reflection is absorbed by rotation and no chirality is encoded; a value well above 1 means the mirror lies off the orbit and the encoder carries handedness. reencode_noise is the pipeline's own floor and is far below both."
6504,10.064387072852634,13.628337986852282,1.865829678880338e-05,17.234762722368163,0.7384896883656752,539405.4552124046,0.5839585513869915,315.0,0.9276962172863623,512,16,standardize,0.9473676985260375,0.9701092449872284,1.4551317227842241e-05,12.53537504132379,11.723665953926115,0.634765625,0.9738163173501487,0.9728402386026139,"onorbit_null_ratio is what a point known to be on the orbit scores: the distance from a held-out angle sample to the nearest sample of the interleaved half-grid, in units of that half-grid's spacing. mirror_over_spacing is the same quantity for the mirrored embedding. mirror_over_null near 1 means the mirror is indistinguishable from a genuine orbit point, so reflection is absorbed by rotation and no chirality is encoded; a value well above 1 means the mirror lies off the orbit and the encoder carries handedness. reencode_noise is the pipeline's own floor and is far below both."
6509,11.44109057123037,12.623466675169862,1.5930497855317547e-05,11.539135262258908,0.9063350714692974,718187.8855977732,0.991503289561982,337.5,0.9900016831222137,512,16,standardize,0.9473676985260375,0.9701092449872284,1.4551317227842241e-05,12.53537504132379,11.723665953926115,0.634765625,0.9738163173501487,0.9728402386026139,"onorbit_null_ratio is what a point known to be on the orbit scores: the distance from a held-out angle sample to the nearest sample of the interleaved half-grid, in units of that half-grid's spacing. mirror_over_spacing is the same quantity for the mirrored embedding. mirror_over_null near 1 means the mirror is indistinguishable from a genuine orbit point, so reflection is absorbed by rotation and no chirality is encoded; a value well above 1 means the mirror lies off the orbit and the encoder carries handedness. reencode_noise is the pipeline's own floor and is far below both."
6547,12.487497254859278,12.157600790153111,1.01916842175456e-05,13.845509376208529,1.0271349973074755,1225263.3606289818,0.9019167815029763,90.0,0.7742929933632596,512,16,standardize,0.9473676985260375,0.9701092449872284,1.4551317227842241e-05,12.53537504132379,11.723665953926115,0.634765625,0.9738163173501487,0.9728402386026139,"onorbit_null_ratio is what a point known to be on the orbit scores: the distance from a held-out angle sample to the nearest sample of the interleaved half-grid, in units of that half-grid's spacing. mirror_over_spacing is the same quantity for the mirrored embedding. mirror_over_null near 1 means the mirror is indistinguishable from a genuine orbit point, so reflection is absorbed by rotation and no chirality is encoded; a value well above 1 means the mirror lies off the orbit and the encoder carries handedness. reencode_noise is the pipeline's own floor and is far below both."
6572,8.380216967320646,12.266449901675431,2.533491355227107e-05,17.28683372861797,0.6831819340146672,330777.40526055306,0.4847745456964384,202.5,0.7913496001319827,512,16,standardize,0.9473676985260375,0.9701092449872284,1.4551317227842241e-05,12.53537504132379,11.723665953926115,0.634765625,0.9738163173501487,0.9728402386026139,"onorbit_null_ratio is what a point known to be on the orbit scores: the distance from a held-out angle sample to the nearest sample of the interleaved half-grid, in units of that half-grid's spacing. mirror_over_spacing is the same quantity for the mirrored embedding. mirror_over_null near 1 means the mirror is indistinguishable from a genuine orbit point, so reflection is absorbed by rotation and no chirality is encoded; a value well above 1 means the mirror lies off the orbit and the encoder carries handedness. reencode_noise is the pipeline's own floor and is far below both."
6590,11.462998440948368,14.239359185633596,1.939838571661348e-05,15.791499757761624,0.8050220723776419,590925.3794830485,0.725896755646292,45.0,1.0370467379208592,512,16,standardize,0.9473676985260375,0.9701092449872284,1.4551317227842241e-05,12.53537504132379,11.723665953926115,0.634765625,0.9738163173501487,0.9728402386026139,"onorbit_null_ratio is what a point known to be on the orbit scores: the distance from a held-out angle sample to the nearest sample of the interleaved half-grid, in units of that half-grid's spacing. mirror_over_spacing is the same quantity for the mirrored embedding. mirror_over_null near 1 means the mirror is indistinguishable from a genuine orbit point, so reflection is absorbed by rotation and no chirality is encoded; a value well above 1 means the mirror lies off the orbit and the encoder carries handedness. reencode_noise is the pipeline's own floor and is far below both."
6592,11.942247767554516,12.13804421511964,1.1997676461655274e-05,17.8428851159781,0.9838691930845637,995380.0476052252,0.669300266741076,90.0,1.6376383246269628,512,16,standardize,0.9473676985260375,0.9701092449872284,1.4551317227842241e-05,12.53537504132379,11.723665953926115,0.634765625,0.9738163173501487,0.9728402386026139,"onorbit_null_ratio is what a point known to be on the orbit scores: the distance from a held-out angle sample to the nearest sample of the interleaved half-grid, in units of that half-grid's spacing. mirror_over_spacing is the same quantity for the mirrored embedding. mirror_over_null near 1 means the mirror is indistinguishable from a genuine orbit point, so reflection is absorbed by rotation and no chirality is encoded; a value well above 1 means the mirror lies off the orbit and the encoder carries handedness. reencode_noise is the pipeline's own floor and is far below both."
6595,9.466685614112409,11.978288270635739,1.1952687891275094e-05,13.548392042868347,0.7903204030679061,792013.1187414882,0.6987313021470706,202.5,0.8312847845271673,512,16,standardize,0.9473676985260375,0.9701092449872284,1.4551317227842241e-05,12.53537504132379,11.723665953926115,0.634765625,0.9738163173501487,0.9728402386026139,"onorbit_null_ratio is what a point known to be on the orbit scores: the distance from a held-out angle sample to the nearest sample of the interleaved half-grid, in units of that half-grid's spacing. mirror_over_spacing is the same quantity for the mirrored embedding. mirror_over_null near 1 means the mirror is indistinguishable from a genuine orbit point, so reflection is absorbed by rotation and no chirality is encoded; a value well above 1 means the mirror lies off the orbit and the encoder carries handedness. reencode_noise is the pipeline's own floor and is far below both."
6596,14.779124242532802,10.622271356614313,1.5127214513129557e-05,11.815200801470514,1.3913337125708134,976989.136347962,1.2508567980235596,180.0,0.8824455845347846,512,16,standardize,0.9473676985260375,0.9701092449872284,1.4551317227842241e-05,12.53537504132379,11.723665953926115,0.634765625,0.9738163173501487,0.9728402386026139,"onorbit_null_ratio is what a point known to be on the orbit scores: the distance from a held-out angle sample to the nearest sample of the interleaved half-grid, in units of that half-grid's spacing. mirror_over_spacing is the same quantity for the mirrored embedding. mirror_over_null near 1 means the mirror is indistinguishable from a genuine orbit point, so reflection is absorbed by rotation and no chirality is encoded; a value well above 1 means the mirror lies off the orbit and the encoder carries handedness. reencode_noise is the pipeline's own floor and is far below both."
6603,12.7914498659266,11.101933949995148,1.3954094944818808e-05,12.026605882668262,1.1521821264242156,916680.7246553886,1.0635959963035428,112.5,0.804483601444484,512,16,standardize,0.9473676985260375,0.9701092449872284,1.4551317227842241e-05,12.53537504132379,11.723665953926115,0.634765625,0.9738163173501487,0.9728402386026139,"onorbit_null_ratio is what a point known to be on the orbit scores: the distance from a held-out angle sample to the nearest sample of the interleaved half-grid, in units of that half-grid's spacing. mirror_over_spacing is the same quantity for the mirrored embedding. mirror_over_null near 1 means the mirror is indistinguishable from a genuine orbit point, so reflection is absorbed by rotation and no chirality is encoded; a value well above 1 means the mirror lies off the orbit and the encoder carries handedness. reencode_noise is the pipeline's own floor and is far below both."
6607,13.304840188889893,13.849503937910796,1.0938676430723283e-05,17.913131004847102,0.9606726889668609,1216311.7058221784,0.742742303692735,22.5,1.1008499329258632,512,16,standardize,0.9473676985260375,0.9701092449872284,1.4551317227842241e-05,12.53537504132379,11.723665953926115,0.634765625,0.9738163173501487,0.9728402386026139,"onorbit_null_ratio is what a point known to be on the orbit scores: the distance from a held-out angle sample to the nearest sample of the interleaved half-grid, in units of that half-grid's spacing. mirror_over_spacing is the same quantity for the mirrored embedding. mirror_over_null near 1 means the mirror is indistinguishable from a genuine orbit point, so reflection is absorbed by rotation and no chirality is encoded; a value well above 1 means the mirror lies off the orbit and the encoder carries handedness. reencode_noise is the pipeline's own floor and is far below both."
6623,11.656218042190485,12.01827977109375,1.922645581518972e-05,11.079870297605154,0.9698740805007641,606259.3207106624,1.0520175533742397,180.0,0.8614845396184514,512,16,standardize,0.9473676985260375,0.9701092449872284,1.4551317227842241e-05,12.53537504132379,11.723665953926115,0.634765625,0.9738163173501487,0.9728402386026139,"onorbit_null_ratio is what a point known to be on the orbit scores: the distance from a held-out angle sample to the nearest sample of the interleaved half-grid, in units of that half-grid's spacing. mirror_over_spacing is the same quantity for the mirrored embedding. mirror_over_null near 1 means the mirror is indistinguishable from a genuine orbit point, so reflection is absorbed by rotation and no chirality is encoded; a value well above 1 means the mirror lies off the orbit and the encoder carries handedness. reencode_noise is the pipeline's own floor and is far below both."
6627,15.61972626080752,17.656138203653565,1.1305687051397367e-05,17.612896749945893,0.8846626640912534,1381581.3395327392,0.886834600949756,67.5,0.9557683906299537,512,16,standardize,0.9473676985260375,0.9701092449872284,1.4551317227842241e-05,12.53537504132379,11.723665953926115,0.634765625,0.9738163173501487,0.9728402386026139,"onorbit_null_ratio is what a point known to be on the orbit scores: the distance from a held-out angle sample to the nearest sample of the interleaved half-grid, in units of that half-grid's spacing. mirror_over_spacing is the same quantity for the mirrored embedding. mirror_over_null near 1 means the mirror is indistinguishable from a genuine orbit point, so reflection is absorbed by rotation and no chirality is encoded; a value well above 1 means the mirror lies off the orbit and the encoder carries handedness. reencode_noise is the pipeline's own floor and is far below both."
6653,16.9239673014899,12.318621866923639,1.2922001043822319e-05,16.621544973348087,1.3738523257160717,1309701.7438781913,1.0181945979526412,337.5,1.5917804266938256,512,16,standardize,0.9473676985260375,0.9701092449872284,1.4551317227842241e-05,12.53537504132379,11.723665953926115,0.634765625,0.9738163173501487,0.9728402386026139,"onorbit_null_ratio is what a point known to be on the orbit scores: the distance from a held-out angle sample to the nearest sample of the interleaved half-grid, in units of that half-grid's spacing. mirror_over_spacing is the same quantity for the mirrored embedding. mirror_over_null near 1 means the mirror is indistinguishable from a genuine orbit point, so reflection is absorbed by rotation and no chirality is encoded; a value well above 1 means the mirror lies off the orbit and the encoder carries handedness. reencode_noise is the pipeline's own floor and is far below both."
6671,9.170051009628756,9.917769828982475,1.4603965645312664e-05,10.605965203318352,0.9246081697551926,627915.1315705816,0.8646125867695348,292.5,0.9605303519128521,512,16,standardize,0.9473676985260375,0.9701092449872284,1.4551317227842241e-05,12.53537504132379,11.723665953926115,0.634765625,0.9738163173501487,0.9728402386026139,"onorbit_null_ratio is what a point known to be on the orbit scores: the distance from a held-out angle sample to the nearest sample of the interleaved half-grid, in units of that half-grid's spacing. mirror_over_spacing is the same quantity for the mirrored embedding. mirror_over_null near 1 means the mirror is indistinguishable from a genuine orbit point, so reflection is absorbed by rotation and no chirality is encoded; a value well above 1 means the mirror lies off the orbit and the encoder carries handedness. reencode_noise is the pipeline's own floor and is far below both."
6708,14.706304259239563,16.39155049100438,0.5419105468994295,16.891182118607976,0.897188113309374,27.137881599430898,0.8706497956136848,270.0,0.8363709235729863,512,16,standardize,0.9473676985260375,0.9701092449872284,1.4551317227842241e-05,12.53537504132379,11.723665953926115,0.634765625,0.9738163173501487,0.9728402386026139,"onorbit_null_ratio is what a point known to be on the orbit scores: the distance from a held-out angle sample to the nearest sample of the interleaved half-grid, in units of that half-grid's spacing. mirror_over_spacing is the same quantity for the mirrored embedding. mirror_over_null near 1 means the mirror is indistinguishable from a genuine orbit point, so reflection is absorbed by rotation and no chirality is encoded; a value well above 1 means the mirror lies off the orbit and the encoder carries handedness. reencode_noise is the pipeline's own floor and is far below both."
6713,14.337165653031363,12.394459107769059,2.3827090104554617e-05,16.04760646385352,1.1567399213124663,601717.0200019839,0.8934145839957601,90.0,0.86529546160222,512,16,standardize,0.9473676985260375,0.9701092449872284,1.4551317227842241e-05,12.53537504132379,11.723665953926115,0.634765625,0.9738163173501487,0.9728402386026139,"onorbit_null_ratio is what a point known to be on the orbit scores: the distance from a held-out angle sample to the nearest sample of the interleaved half-grid, in units of that half-grid's spacing. mirror_over_spacing is the same quantity for the mirrored embedding. mirror_over_null near 1 means the mirror is indistinguishable from a genuine orbit point, so reflection is absorbed by rotation and no chirality is encoded; a value well above 1 means the mirror lies off the orbit and the encoder carries handedness. reencode_noise is the pipeline's own floor and is far below both."
6789,10.066998965036582,8.339169199109223,2.0303261034645676e-05,13.924987421336967,1.2071944728153403,495831.62763154943,0.7229449234267264,247.5,0.7689874914968907,512,16,standardize,0.9473676985260375,0.9701092449872284,1.4551317227842241e-05,12.53537504132379,11.723665953926115,0.634765625,0.9738163173501487,0.9728402386026139,"onorbit_null_ratio is what a point known to be on the orbit scores: the distance from a held-out angle sample to the nearest sample of the interleaved half-grid, in units of that half-grid's spacing. mirror_over_spacing is the same quantity for the mirrored embedding. mirror_over_null near 1 means the mirror is indistinguishable from a genuine orbit point, so reflection is absorbed by rotation and no chirality is encoded; a value well above 1 means the mirror lies off the orbit and the encoder carries handedness. reencode_noise is the pipeline's own floor and is far below both."
6798,10.844871147816077,11.914398999382948,0.5468722472631373,13.357436213003766,0.910232328829825,19.8307213468777,0.8118976557236598,67.5,1.0793479079785198,512,16,standardize,0.9473676985260375,0.9701092449872284,1.4551317227842241e-05,12.53537504132379,11.723665953926115,0.634765625,0.9738163173501487,0.9728402386026139,"onorbit_null_ratio is what a point known to be on the orbit scores: the distance from a held-out angle sample to the nearest sample of the interleaved half-grid, in units of that half-grid's spacing. mirror_over_spacing is the same quantity for the mirrored embedding. mirror_over_null near 1 means the mirror is indistinguishable from a genuine orbit point, so reflection is absorbed by rotation and no chirality is encoded; a value well above 1 means the mirror lies off the orbit and the encoder carries handedness. reencode_noise is the pipeline's own floor and is far below both."
6827,14.700694450161912,15.508700679958855,0.41968931379870444,17.691842906137936,0.9478998114367446,35.02756435969872,0.8309306457306216,157.5,0.9900048346508488,512,16,standardize,0.9473676985260375,0.9701092449872284,1.4551317227842241e-05,12.53537504132379,11.723665953926115,0.634765625,0.9738163173501487,0.9728402386026139,"onorbit_null_ratio is what a point known to be on the orbit scores: the distance from a held-out angle sample to the nearest sample of the interleaved half-grid, in units of that half-grid's spacing. mirror_over_spacing is the same quantity for the mirrored embedding. mirror_over_null near 1 means the mirror is indistinguishable from a genuine orbit point, so reflection is absorbed by rotation and no chirality is encoded; a value well above 1 means the mirror lies off the orbit and the encoder carries handedness. reencode_noise is the pipeline's own floor and is far below both."
6847,12.893280981296657,10.334087150944121,1.125871791305469e-05,13.611848544784529,1.247645853278751,1145181.9897136476,0.947210141141102,0.0,0.7940715359077577,512,16,standardize,0.9473676985260375,0.9701092449872284,1.4551317227842241e-05,12.53537504132379,11.723665953926115,0.634765625,0.9738163173501487,0.9728402386026139,"onorbit_null_ratio is what a point known to be on the orbit scores: the distance from a held-out angle sample to the nearest sample of the interleaved half-grid, in units of that half-grid's spacing. mirror_over_spacing is the same quantity for the mirrored embedding. mirror_over_null near 1 means the mirror is indistinguishable from a genuine orbit point, so reflection is absorbed by rotation and no chirality is encoded; a value well above 1 means the mirror lies off the orbit and the encoder carries handedness. reencode_noise is the pipeline's own floor and is far below both."
6859,10.589702303775793,11.19460493755608,1.3066114389661085e-05,13.623298126230956,0.9459648074090639,810470.6562308363,0.7773229511424894,202.5,0.8997581921443472,512,16,standardize,0.9473676985260375,0.9701092449872284,1.4551317227842241e-05,12.53537504132379,11.723665953926115,0.634765625,0.9738163173501487,0.9728402386026139,"onorbit_null_ratio is what a point known to be on the orbit scores: the distance from a held-out angle sample to the nearest sample of the interleaved half-grid, in units of that half-grid's spacing. mirror_over_spacing is the same quantity for the mirrored embedding. mirror_over_null near 1 means the mirror is indistinguishable from a genuine orbit point, so reflection is absorbed by rotation and no chirality is encoded; a value well above 1 means the mirror lies off the orbit and the encoder carries handedness. reencode_noise is the pipeline's own floor and is far below both."
6875,9.824648877875068,8.480753468712624,1.9828402046142056e-05,9.408683299306585,1.158464152285569,495483.6428579789,1.0442108173201174,90.0,0.9457797640572264,512,16,standardize,0.9473676985260375,0.9701092449872284,1.4551317227842241e-05,12.53537504132379,11.723665953926115,0.634765625,0.9738163173501487,0.9728402386026139,"onorbit_null_ratio is what a point known to be on the orbit scores: the distance from a held-out angle sample to the nearest sample of the interleaved half-grid, in units of that half-grid's spacing. mirror_over_spacing is the same quantity for the mirrored embedding. mirror_over_null near 1 means the mirror is indistinguishable from a genuine orbit point, so reflection is absorbed by rotation and no chirality is encoded; a value well above 1 means the mirror lies off the orbit and the encoder carries handedness. reencode_noise is the pipeline's own floor and is far below both."
6906,16.251175923682435,11.860329432278062,3.592078970050868e-05,13.309310973639791,1.370212860989731,452417.0002713582,1.2210381105279797,270.0,1.1553862951270577,512,16,standardize,0.9473676985260375,0.9701092449872284,1.4551317227842241e-05,12.53537504132379,11.723665953926115,0.634765625,0.9738163173501487,0.9728402386026139,"onorbit_null_ratio is what a point known to be on the orbit scores: the distance from a held-out angle sample to the nearest sample of the interleaved half-grid, in units of that half-grid's spacing. mirror_over_spacing is the same quantity for the mirrored embedding. mirror_over_null near 1 means the mirror is indistinguishable from a genuine orbit point, so reflection is absorbed by rotation and no chirality is encoded; a value well above 1 means the mirror lies off the orbit and the encoder carries handedness. reencode_noise is the pipeline's own floor and is far below both."
6910,7.539875909955404,8.709395000212062,1.0605822214464859e-05,9.171844464118378,0.8657175279995704,710918.5650568485,0.8220675720627973,270.0,0.8217735410030834,512,16,standardize,0.9473676985260375,0.9701092449872284,1.4551317227842241e-05,12.53537504132379,11.723665953926115,0.634765625,0.9738163173501487,0.9728402386026139,"onorbit_null_ratio is what a point known to be on the orbit scores: the distance from a held-out angle sample to the nearest sample of the interleaved half-grid, in units of that half-grid's spacing. mirror_over_spacing is the same quantity for the mirrored embedding. mirror_over_null near 1 means the mirror is indistinguishable from a genuine orbit point, so reflection is absorbed by rotation and no chirality is encoded; a value well above 1 means the mirror lies off the orbit and the encoder carries handedness. reencode_noise is the pipeline's own floor and is far below both."
6922,9.182953936488538,13.69945160961014,1.4529536133529193e-05,13.621937241176829,0.6703154402214694,632019.7597566398,0.6741298079637315,270.0,0.8616576378842167,512,16,standardize,0.9473676985260375,0.9701092449872284,1.4551317227842241e-05,12.53537504132379,11.723665953926115,0.634765625,0.9738163173501487,0.9728402386026139,"onorbit_null_ratio is what a point known to be on the orbit scores: the distance from a held-out angle sample to the nearest sample of the interleaved half-grid, in units of that half-grid's spacing. mirror_over_spacing is the same quantity for the mirrored embedding. mirror_over_null near 1 means the mirror is indistinguishable from a genuine orbit point, so reflection is absorbed by rotation and no chirality is encoded; a value well above 1 means the mirror lies off the orbit and the encoder carries handedness. reencode_noise is the pipeline's own floor and is far below both."
6933,15.575166299890242,15.360838229250376,1.274765206395004e-05,17.791382605727733,1.0139528889921996,1221806.6685343822,0.8754331602579326,270.0,0.8942302366699446,512,16,standardize,0.9473676985260375,0.9701092449872284,1.4551317227842241e-05,12.53537504132379,11.723665953926115,0.634765625,0.9738163173501487,0.9728402386026139,"onorbit_null_ratio is what a point known to be on the orbit scores: the distance from a held-out angle sample to the nearest sample of the interleaved half-grid, in units of that half-grid's spacing. mirror_over_spacing is the same quantity for the mirrored embedding. mirror_over_null near 1 means the mirror is indistinguishable from a genuine orbit point, so reflection is absorbed by rotation and no chirality is encoded; a value well above 1 means the mirror lies off the orbit and the encoder carries handedness. reencode_noise is the pipeline's own floor and is far below both."
6953,9.889174862470348,9.763643304055616,1.0219709599263499e-05,10.515872615988519,1.0128570406051796,967657.1302165992,0.9404045887199767,22.5,0.9494719244739572,512,16,standardize,0.9473676985260375,0.9701092449872284,1.4551317227842241e-05,12.53537504132379,11.723665953926115,0.634765625,0.9738163173501487,0.9728402386026139,"onorbit_null_ratio is what a point known to be on the orbit scores: the distance from a held-out angle sample to the nearest sample of the interleaved half-grid, in units of that half-grid's spacing. mirror_over_spacing is the same quantity for the mirrored embedding. mirror_over_null near 1 means the mirror is indistinguishable from a genuine orbit point, so reflection is absorbed by rotation and no chirality is encoded; a value well above 1 means the mirror lies off the orbit and the encoder carries handedness. reencode_noise is the pipeline's own floor and is far below both."
6960,12.986335641755726,13.995719993837987,1.314299138053188e-05,16.459649268239723,0.9278790692778456,988080.6633558171,0.7889800949048139,135.0,0.8534790760149359,512,16,standardize,0.9473676985260375,0.9701092449872284,1.4551317227842241e-05,12.53537504132379,11.723665953926115,0.634765625,0.9738163173501487,0.9728402386026139,"onorbit_null_ratio is what a point known to be on the orbit scores: the distance from a held-out angle sample to the nearest sample of the interleaved half-grid, in units of that half-grid's spacing. mirror_over_spacing is the same quantity for the mirrored embedding. mirror_over_null near 1 means the mirror is indistinguishable from a genuine orbit point, so reflection is absorbed by rotation and no chirality is encoded; a value well above 1 means the mirror lies off the orbit and the encoder carries handedness. reencode_noise is the pipeline's own floor and is far below both."
6962,14.436489028962933,16.168417956716524,1.6652587865674596e-05,19.5690765222848,0.892881979400209,866921.6547849821,0.7377194837233634,90.0,1.507011585597156,512,16,standardize,0.9473676985260375,0.9701092449872284,1.4551317227842241e-05,12.53537504132379,11.723665953926115,0.634765625,0.9738163173501487,0.9728402386026139,"onorbit_null_ratio is what a point known to be on the orbit scores: the distance from a held-out angle sample to the nearest sample of the interleaved half-grid, in units of that half-grid's spacing. mirror_over_spacing is the same quantity for the mirrored embedding. mirror_over_null near 1 means the mirror is indistinguishable from a genuine orbit point, so reflection is absorbed by rotation and no chirality is encoded; a value well above 1 means the mirror lies off the orbit and the encoder carries handedness. reencode_noise is the pipeline's own floor and is far below both."
7000,14.851590852399035,13.924051974073594,0.2681387954356441,15.600099938896808,1.0666141493907453,55.38769885301271,0.9520189556842862,315.0,0.9179660050215719,512,16,standardize,0.9473676985260375,0.9701092449872284,1.4551317227842241e-05,12.53537504132379,11.723665953926115,0.634765625,0.9738163173501487,0.9728402386026139,"onorbit_null_ratio is what a point known to be on the orbit scores: the distance from a held-out angle sample to the nearest sample of the interleaved half-grid, in units of that half-grid's spacing. mirror_over_spacing is the same quantity for the mirrored embedding. mirror_over_null near 1 means the mirror is indistinguishable from a genuine orbit point, so reflection is absorbed by rotation and no chirality is encoded; a value well above 1 means the mirror lies off the orbit and the encoder carries handedness. reencode_noise is the pipeline's own floor and is far below both."
7016,12.64700360584899,12.720607779649317,0.2898701924021177,15.232836518446682,0.9942137848226026,43.629886540057356,0.8302461324608653,270.0,1.1077522351843014,512,16,standardize,0.9473676985260375,0.9701092449872284,1.4551317227842241e-05,12.53537504132379,11.723665953926115,0.634765625,0.9738163173501487,0.9728402386026139,"onorbit_null_ratio is what a point known to be on the orbit scores: the distance from a held-out angle sample to the nearest sample of the interleaved half-grid, in units of that half-grid's spacing. mirror_over_spacing is the same quantity for the mirrored embedding. mirror_over_null near 1 means the mirror is indistinguishable from a genuine orbit point, so reflection is absorbed by rotation and no chirality is encoded; a value well above 1 means the mirror lies off the orbit and the encoder carries handedness. reencode_noise is the pipeline's own floor and is far below both."
7055,14.984972668802534,10.158159769546776,1.8045489728499314e-05,17.56946080508608,1.4751660742456618,830399.8890723762,0.8528988359429119,247.5,1.4784474738618103,512,16,standardize,0.9473676985260375,0.9701092449872284,1.4551317227842241e-05,12.53537504132379,11.723665953926115,0.634765625,0.9738163173501487,0.9728402386026139,"onorbit_null_ratio is what a point known to be on the orbit scores: the distance from a held-out angle sample to the nearest sample of the interleaved half-grid, in units of that half-grid's spacing. mirror_over_spacing is the same quantity for the mirrored embedding. mirror_over_null near 1 means the mirror is indistinguishable from a genuine orbit point, so reflection is absorbed by rotation and no chirality is encoded; a value well above 1 means the mirror lies off the orbit and the encoder carries handedness. reencode_noise is the pipeline's own floor and is far below both."
7059,13.0642926251724,13.799910907540468,1.3634947606219463e-05,15.963645080005799,0.9466939832223035,958147.6220131008,0.8183777927721038,292.5,0.9381819961397155,512,16,standardize,0.9473676985260375,0.9701092449872284,1.4551317227842241e-05,12.53537504132379,11.723665953926115,0.634765625,0.9738163173501487,0.9728402386026139,"onorbit_null_ratio is what a point known to be on the orbit scores: the distance from a held-out angle sample to the nearest sample of the interleaved half-grid, in units of that half-grid's spacing. mirror_over_spacing is the same quantity for the mirrored embedding. mirror_over_null near 1 means the mirror is indistinguishable from a genuine orbit point, so reflection is absorbed by rotation and no chirality is encoded; a value well above 1 means the mirror lies off the orbit and the encoder carries handedness. reencode_noise is the pipeline's own floor and is far below both."
7101,11.42985168760585,12.965562870593075,1.1216559255741085e-05,16.4032000253712,0.881554607515703,1019015.8520988149,0.6968062128076864,90.0,0.8252149050729645,512,16,standardize,0.9473676985260375,0.9701092449872284,1.4551317227842241e-05,12.53537504132379,11.723665953926115,0.634765625,0.9738163173501487,0.9728402386026139,"onorbit_null_ratio is what a point known to be on the orbit scores: the distance from a held-out angle sample to the nearest sample of the interleaved half-grid, in units of that half-grid's spacing. mirror_over_spacing is the same quantity for the mirrored embedding. mirror_over_null near 1 means the mirror is indistinguishable from a genuine orbit point, so reflection is absorbed by rotation and no chirality is encoded; a value well above 1 means the mirror lies off the orbit and the encoder carries handedness. reencode_noise is the pipeline's own floor and is far below both."
7103,14.813426900887704,18.4557572996516,1.705179637790849e-05,20.997490818834493,0.8026453025131266,868731.1631330109,0.7054855758098602,90.0,1.1370562716319872,512,16,standardize,0.9473676985260375,0.9701092449872284,1.4551317227842241e-05,12.53537504132379,11.723665953926115,0.634765625,0.9738163173501487,0.9728402386026139,"onorbit_null_ratio is what a point known to be on the orbit scores: the distance from a held-out angle sample to the nearest sample of the interleaved half-grid, in units of that half-grid's spacing. mirror_over_spacing is the same quantity for the mirrored embedding. mirror_over_null near 1 means the mirror is indistinguishable from a genuine orbit point, so reflection is absorbed by rotation and no chirality is encoded; a value well above 1 means the mirror lies off the orbit and the encoder carries handedness. reencode_noise is the pipeline's own floor and is far below both."
7127,11.830053720308017,13.208835759584753,1.4320876774383402e-05,13.73988494265173,0.895616686862334,826070.4918199654,0.8610009304797624,90.0,0.9648192127614431,512,16,standardize,0.9473676985260375,0.9701092449872284,1.4551317227842241e-05,12.53537504132379,11.723665953926115,0.634765625,0.9738163173501487,0.9728402386026139,"onorbit_null_ratio is what a point known to be on the orbit scores: the distance from a held-out angle sample to the nearest sample of the interleaved half-grid, in units of that half-grid's spacing. mirror_over_spacing is the same quantity for the mirrored embedding. mirror_over_null near 1 means the mirror is indistinguishable from a genuine orbit point, so reflection is absorbed by rotation and no chirality is encoded; a value well above 1 means the mirror lies off the orbit and the encoder carries handedness. reencode_noise is the pipeline's own floor and is far below both."
7137,16.614707802708008,14.155222576005283,0.48690282839092425,14.409367168944167,1.1737510811643352,34.12325177410636,1.153049097014955,112.5,0.908671254325738,512,16,standardize,0.9473676985260375,0.9701092449872284,1.4551317227842241e-05,12.53537504132379,11.723665953926115,0.634765625,0.9738163173501487,0.9728402386026139,"onorbit_null_ratio is what a point known to be on the orbit scores: the distance from a held-out angle sample to the nearest sample of the interleaved half-grid, in units of that half-grid's spacing. mirror_over_spacing is the same quantity for the mirrored embedding. mirror_over_null near 1 means the mirror is indistinguishable from a genuine orbit point, so reflection is absorbed by rotation and no chirality is encoded; a value well above 1 means the mirror lies off the orbit and the encoder carries handedness. reencode_noise is the pipeline's own floor and is far below both."
7160,11.906788867145595,13.207535815633552,1.0186285695528316e-05,12.781218497499335,0.9015147892350757,1168903.8794948156,0.9315847991703746,0.0,0.8694826000914877,512,16,standardize,0.9473676985260375,0.9701092449872284,1.4551317227842241e-05,12.53537504132379,11.723665953926115,0.634765625,0.9738163173501487,0.9728402386026139,"onorbit_null_ratio is what a point known to be on the orbit scores: the distance from a held-out angle sample to the nearest sample of the interleaved half-grid, in units of that half-grid's spacing. mirror_over_spacing is the same quantity for the mirrored embedding. mirror_over_null near 1 means the mirror is indistinguishable from a genuine orbit point, so reflection is absorbed by rotation and no chirality is encoded; a value well above 1 means the mirror lies off the orbit and the encoder carries handedness. reencode_noise is the pipeline's own floor and is far below both."
7178,10.019621466962601,12.75153598486387,0.4041575343604708,14.877573111797057,0.7857580042793226,24.791376171713363,0.6734714991262667,67.5,0.8447262509918733,512,16,standardize,0.9473676985260375,0.9701092449872284,1.4551317227842241e-05,12.53537504132379,11.723665953926115,0.634765625,0.9738163173501487,0.9728402386026139,"onorbit_null_ratio is what a point known to be on the orbit scores: the distance from a held-out angle sample to the nearest sample of the interleaved half-grid, in units of that half-grid's spacing. mirror_over_spacing is the same quantity for the mirrored embedding. mirror_over_null near 1 means the mirror is indistinguishable from a genuine orbit point, so reflection is absorbed by rotation and no chirality is encoded; a value well above 1 means the mirror lies off the orbit and the encoder carries handedness. reencode_noise is the pipeline's own floor and is far below both."
7194,10.93124425872342,11.945652535845257,1.984555692652244e-05,12.867533488123224,0.91508138428789,550815.6963896762,0.8495213374663447,67.5,0.8515980361978408,512,16,standardize,0.9473676985260375,0.9701092449872284,1.4551317227842241e-05,12.53537504132379,11.723665953926115,0.634765625,0.9738163173501487,0.9728402386026139,"onorbit_null_ratio is what a point known to be on the orbit scores: the distance from a held-out angle sample to the nearest sample of the interleaved half-grid, in units of that half-grid's spacing. mirror_over_spacing is the same quantity for the mirrored embedding. mirror_over_null near 1 means the mirror is indistinguishable from a genuine orbit point, so reflection is absorbed by rotation and no chirality is encoded; a value well above 1 means the mirror lies off the orbit and the encoder carries handedness. reencode_noise is the pipeline's own floor and is far below both."
7195,13.922849078600056,10.41165985487136,1.1684506244925527e-05,10.527370551757155,1.337236259412172,1191565.0337939286,1.3225381409488004,0.0,0.8150630417200339,512,16,standardize,0.9473676985260375,0.9701092449872284,1.4551317227842241e-05,12.53537504132379,11.723665953926115,0.634765625,0.9738163173501487,0.9728402386026139,"onorbit_null_ratio is what a point known to be on the orbit scores: the distance from a held-out angle sample to the nearest sample of the interleaved half-grid, in units of that half-grid's spacing. mirror_over_spacing is the same quantity for the mirrored embedding. mirror_over_null near 1 means the mirror is indistinguishable from a genuine orbit point, so reflection is absorbed by rotation and no chirality is encoded; a value well above 1 means the mirror lies off the orbit and the encoder carries handedness. reencode_noise is the pipeline's own floor and is far below both."
7210,18.07575210930787,15.304848772456955,1.1205404912425e-05,17.177251026798608,1.1810474169360963,1613127.9726683286,1.0523076178550044,90.0,0.8048347944438128,512,16,standardize,0.9473676985260375,0.9701092449872284,1.4551317227842241e-05,12.53537504132379,11.723665953926115,0.634765625,0.9738163173501487,0.9728402386026139,"onorbit_null_ratio is what a point known to be on the orbit scores: the distance from a held-out angle sample to the nearest sample of the interleaved half-grid, in units of that half-grid's spacing. mirror_over_spacing is the same quantity for the mirrored embedding. mirror_over_null near 1 means the mirror is indistinguishable from a genuine orbit point, so reflection is absorbed by rotation and no chirality is encoded; a value well above 1 means the mirror lies off the orbit and the encoder carries handedness. reencode_noise is the pipeline's own floor and is far below both."
7234,12.802207127285445,15.72032325111666,1.2135905923232741e-05,21.36546866661565,0.8143730203751419,1054903.293439112,0.5992008566275626,67.5,1.0032391507583724,512,16,standardize,0.9473676985260375,0.9701092449872284,1.4551317227842241e-05,12.53537504132379,11.723665953926115,0.634765625,0.9738163173501487,0.9728402386026139,"onorbit_null_ratio is what a point known to be on the orbit scores: the distance from a held-out angle sample to the nearest sample of the interleaved half-grid, in units of that half-grid's spacing. mirror_over_spacing is the same quantity for the mirrored embedding. mirror_over_null near 1 means the mirror is indistinguishable from a genuine orbit point, so reflection is absorbed by rotation and no chirality is encoded; a value well above 1 means the mirror lies off the orbit and the encoder carries handedness. reencode_noise is the pipeline's own floor and is far below both."
7299,16.421864137256385,14.401826507212647,1.5093313191179738e-05,19.00931075026999,1.1402625999578646,1088022.4858020588,0.8638853008925189,202.5,0.854542629050148,512,16,standardize,0.9473676985260375,0.9701092449872284,1.4551317227842241e-05,12.53537504132379,11.723665953926115,0.634765625,0.9738163173501487,0.9728402386026139,"onorbit_null_ratio is what a point known to be on the orbit scores: the distance from a held-out angle sample to the nearest sample of the interleaved half-grid, in units of that half-grid's spacing. mirror_over_spacing is the same quantity for the mirrored embedding. mirror_over_null near 1 means the mirror is indistinguishable from a genuine orbit point, so reflection is absorbed by rotation and no chirality is encoded; a value well above 1 means the mirror lies off the orbit and the encoder carries handedness. reencode_noise is the pipeline's own floor and is far below both."
7304,13.210475536788747,18.206142905289287,1.414911603216517e-05,21.891092921177354,0.7256053962396841,933660.8383702125,0.6034634992576815,225.0,1.4030495185784437,512,16,standardize,0.9473676985260375,0.9701092449872284,1.4551317227842241e-05,12.53537504132379,11.723665953926115,0.634765625,0.9738163173501487,0.9728402386026139,"onorbit_null_ratio is what a point known to be on the orbit scores: the distance from a held-out angle sample to the nearest sample of the interleaved half-grid, in units of that half-grid's spacing. mirror_over_spacing is the same quantity for the mirrored embedding. mirror_over_null near 1 means the mirror is indistinguishable from a genuine orbit point, so reflection is absorbed by rotation and no chirality is encoded; a value well above 1 means the mirror lies off the orbit and the encoder carries handedness. reencode_noise is the pipeline's own floor and is far below both."
7329,13.276570484922633,14.859745966055645,1.3436698516809695e-05,14.779218261434426,0.8934587788546665,988082.7844960027,0.8983269784686195,292.5,0.8547837517968169,512,16,standardize,0.9473676985260375,0.9701092449872284,1.4551317227842241e-05,12.53537504132379,11.723665953926115,0.634765625,0.9738163173501487,0.9728402386026139,"onorbit_null_ratio is what a point known to be on the orbit scores: the distance from a held-out angle sample to the nearest sample of the interleaved half-grid, in units of that half-grid's spacing. mirror_over_spacing is the same quantity for the mirrored embedding. mirror_over_null near 1 means the mirror is indistinguishable from a genuine orbit point, so reflection is absorbed by rotation and no chirality is encoded; a value well above 1 means the mirror lies off the orbit and the encoder carries handedness. reencode_noise is the pipeline's own floor and is far below both."
7356,12.30784145764413,11.75198299877141,1.0722228471079077e-05,13.172831753611572,1.0472991204063886,1147880.9177440964,0.9343352809671854,67.5,0.9874828281766628,512,16,standardize,0.9473676985260375,0.9701092449872284,1.4551317227842241e-05,12.53537504132379,11.723665953926115,0.634765625,0.9738163173501487,0.9728402386026139,"onorbit_null_ratio is what a point known to be on the orbit scores: the distance from a held-out angle sample to the nearest sample of the interleaved half-grid, in units of that half-grid's spacing. mirror_over_spacing is the same quantity for the mirrored embedding. mirror_over_null near 1 means the mirror is indistinguishable from a genuine orbit point, so reflection is absorbed by rotation and no chirality is encoded; a value well above 1 means the mirror lies off the orbit and the encoder carries handedness. reencode_noise is the pipeline's own floor and is far below both."
7371,13.703311188286973,12.66526705562628,1.0418610377119644e-05,19.34920961299644,1.081959908788466,1315272.4492299736,0.7082103849390705,180.0,1.3905135116601484,512,16,standardize,0.9473676985260375,0.9701092449872284,1.4551317227842241e-05,12.53537504132379,11.723665953926115,0.634765625,0.9738163173501487,0.9728402386026139,"onorbit_null_ratio is what a point known to be on the orbit scores: the distance from a held-out angle sample to the nearest sample of the interleaved half-grid, in units of that half-grid's spacing. mirror_over_spacing is the same quantity for the mirrored embedding. mirror_over_null near 1 means the mirror is indistinguishable from a genuine orbit point, so reflection is absorbed by rotation and no chirality is encoded; a value well above 1 means the mirror lies off the orbit and the encoder carries handedness. reencode_noise is the pipeline's own floor and is far below both."
7379,12.334634671851108,8.674397459098854,9.594921702406004e-06,18.961896527019135,1.4219586697532418,1285537.8141082795,0.6504958327493915,337.5,1.995116692922683,512,16,standardize,0.9473676985260375,0.9701092449872284,1.4551317227842241e-05,12.53537504132379,11.723665953926115,0.634765625,0.9738163173501487,0.9728402386026139,"onorbit_null_ratio is what a point known to be on the orbit scores: the distance from a held-out angle sample to the nearest sample of the interleaved half-grid, in units of that half-grid's spacing. mirror_over_spacing is the same quantity for the mirrored embedding. mirror_over_null near 1 means the mirror is indistinguishable from a genuine orbit point, so reflection is absorbed by rotation and no chirality is encoded; a value well above 1 means the mirror lies off the orbit and the encoder carries handedness. reencode_noise is the pipeline's own floor and is far below both."
7390,11.589358016371465,12.111162358400993,1.0490221536653737e-05,20.2941034630787,0.9569154201233563,1104777.2419178423,0.5710702144322917,157.5,1.662153725137602,512,16,standardize,0.9473676985260375,0.9701092449872284,1.4551317227842241e-05,12.53537504132379,11.723665953926115,0.634765625,0.9738163173501487,0.9728402386026139,"onorbit_null_ratio is what a point known to be on the orbit scores: the distance from a held-out angle sample to the nearest sample of the interleaved half-grid, in units of that half-grid's spacing. mirror_over_spacing is the same quantity for the mirrored embedding. mirror_over_null near 1 means the mirror is indistinguishable from a genuine orbit point, so reflection is absorbed by rotation and no chirality is encoded; a value well above 1 means the mirror lies off the orbit and the encoder carries handedness. reencode_noise is the pipeline's own floor and is far below both."
7401,14.96475790022207,14.400725429648835,1.3630849353551255e-05,15.802243342804774,1.0391669484519148,1097859.53259936,0.9470021170782669,270.0,1.0894794549226796,512,16,standardize,0.9473676985260375,0.9701092449872284,1.4551317227842241e-05,12.53537504132379,11.723665953926115,0.634765625,0.9738163173501487,0.9728402386026139,"onorbit_null_ratio is what a point known to be on the orbit scores: the distance from a held-out angle sample to the nearest sample of the interleaved half-grid, in units of that half-grid's spacing. mirror_over_spacing is the same quantity for the mirrored embedding. mirror_over_null near 1 means the mirror is indistinguishable from a genuine orbit point, so reflection is absorbed by rotation and no chirality is encoded; a value well above 1 means the mirror lies off the orbit and the encoder carries handedness. reencode_noise is the pipeline's own floor and is far below both."
7409,12.076963960073646,14.020445016266677,1.6158539413685306e-05,20.17321728680172,0.8613823559852642,747404.4312349907,0.598663256751563,292.5,0.7736464136107633,512,16,standardize,0.9473676985260375,0.9701092449872284,1.4551317227842241e-05,12.53537504132379,11.723665953926115,0.634765625,0.9738163173501487,0.9728402386026139,"onorbit_null_ratio is what a point known to be on the orbit scores: the distance from a held-out angle sample to the nearest sample of the interleaved half-grid, in units of that half-grid's spacing. mirror_over_spacing is the same quantity for the mirrored embedding. mirror_over_null near 1 means the mirror is indistinguishable from a genuine orbit point, so reflection is absorbed by rotation and no chirality is encoded; a value well above 1 means the mirror lies off the orbit and the encoder carries handedness. reencode_noise is the pipeline's own floor and is far below both."
7438,12.66796183284708,12.193354390343625,0.23926536782151195,13.786271247833653,1.038923451850076,52.94523795143296,0.9188823870586253,112.5,0.7824999379976793,512,16,standardize,0.9473676985260375,0.9701092449872284,1.4551317227842241e-05,12.53537504132379,11.723665953926115,0.634765625,0.9738163173501487,0.9728402386026139,"onorbit_null_ratio is what a point known to be on the orbit scores: the distance from a held-out angle sample to the nearest sample of the interleaved half-grid, in units of that half-grid's spacing. mirror_over_spacing is the same quantity for the mirrored embedding. mirror_over_null near 1 means the mirror is indistinguishable from a genuine orbit point, so reflection is absorbed by rotation and no chirality is encoded; a value well above 1 means the mirror lies off the orbit and the encoder carries handedness. reencode_noise is the pipeline's own floor and is far below both."
7468,8.688721594732502,10.331111694266307,1.2452746578452663e-05,16.970753358954408,0.8410248433917021,697735.3582194342,0.5119820794607215,247.5,0.9419143094112953,512,16,standardize,0.9473676985260375,0.9701092449872284,1.4551317227842241e-05,12.53537504132379,11.723665953926115,0.634765625,0.9738163173501487,0.9728402386026139,"onorbit_null_ratio is what a point known to be on the orbit scores: the distance from a held-out angle sample to the nearest sample of the interleaved half-grid, in units of that half-grid's spacing. mirror_over_spacing is the same quantity for the mirrored embedding. mirror_over_null near 1 means the mirror is indistinguishable from a genuine orbit point, so reflection is absorbed by rotation and no chirality is encoded; a value well above 1 means the mirror lies off the orbit and the encoder carries handedness. reencode_noise is the pipeline's own floor and is far below both."
7476,13.342471510277715,12.01391614173167,1.714998117722981e-05,13.561628596623171,1.1105847046768673,777987.5308547067,0.9838399138581316,225.0,0.9063639773735349,512,16,standardize,0.9473676985260375,0.9701092449872284,1.4551317227842241e-05,12.53537504132379,11.723665953926115,0.634765625,0.9738163173501487,0.9728402386026139,"onorbit_null_ratio is what a point known to be on the orbit scores: the distance from a held-out angle sample to the nearest sample of the interleaved half-grid, in units of that half-grid's spacing. mirror_over_spacing is the same quantity for the mirrored embedding. mirror_over_null near 1 means the mirror is indistinguishable from a genuine orbit point, so reflection is absorbed by rotation and no chirality is encoded; a value well above 1 means the mirror lies off the orbit and the encoder carries handedness. reencode_noise is the pipeline's own floor and is far below both."
7506,13.09748479467659,16.35188477522223,2.687418852426351e-05,19.277210264263488,0.8009770723508898,487362.9870852269,0.6794284346712238,45.0,1.1481275364427654,512,16,standardize,0.9473676985260375,0.9701092449872284,1.4551317227842241e-05,12.53537504132379,11.723665953926115,0.634765625,0.9738163173501487,0.9728402386026139,"onorbit_null_ratio is what a point known to be on the orbit scores: the distance from a held-out angle sample to the nearest sample of the interleaved half-grid, in units of that half-grid's spacing. mirror_over_spacing is the same quantity for the mirrored embedding. mirror_over_null near 1 means the mirror is indistinguishable from a genuine orbit point, so reflection is absorbed by rotation and no chirality is encoded; a value well above 1 means the mirror lies off the orbit and the encoder carries handedness. reencode_noise is the pipeline's own floor and is far below both."
7551,11.196448435637764,12.835510807271731,0.41145429369722086,14.091380391743712,0.8723025210102753,27.211888676696994,0.7945600873990941,45.0,0.8451298054022566,512,16,standardize,0.9473676985260375,0.9701092449872284,1.4551317227842241e-05,12.53537504132379,11.723665953926115,0.634765625,0.9738163173501487,0.9728402386026139,"onorbit_null_ratio is what a point known to be on the orbit scores: the distance from a held-out angle sample to the nearest sample of the interleaved half-grid, in units of that half-grid's spacing. mirror_over_spacing is the same quantity for the mirrored embedding. mirror_over_null near 1 means the mirror is indistinguishable from a genuine orbit point, so reflection is absorbed by rotation and no chirality is encoded; a value well above 1 means the mirror lies off the orbit and the encoder carries handedness. reencode_noise is the pipeline's own floor and is far below both."
7575,12.938696853135376,12.555691939200358,1.6591582417842488e-05,15.268114497513814,1.030504484801768,779835.0107474487,0.8474325271298071,90.0,0.7495502663311363,512,16,standardize,0.9473676985260375,0.9701092449872284,1.4551317227842241e-05,12.53537504132379,11.723665953926115,0.634765625,0.9738163173501487,0.9728402386026139,"onorbit_null_ratio is what a point known to be on the orbit scores: the distance from a held-out angle sample to the nearest sample of the interleaved half-grid, in units of that half-grid's spacing. mirror_over_spacing is the same quantity for the mirrored embedding. mirror_over_null near 1 means the mirror is indistinguishable from a genuine orbit point, so reflection is absorbed by rotation and no chirality is encoded; a value well above 1 means the mirror lies off the orbit and the encoder carries handedness. reencode_noise is the pipeline's own floor and is far below both."
7576,15.193877633465707,12.574813846656006,1.0873008720154755e-05,17.98370052593049,1.2082785334835142,1397394.0446954276,0.8448693644312988,270.0,1.033286149521945,512,16,standardize,0.9473676985260375,0.9701092449872284,1.4551317227842241e-05,12.53537504132379,11.723665953926115,0.634765625,0.9738163173501487,0.9728402386026139,"onorbit_null_ratio is what a point known to be on the orbit scores: the distance from a held-out angle sample to the nearest sample of the interleaved half-grid, in units of that half-grid's spacing. mirror_over_spacing is the same quantity for the mirrored embedding. mirror_over_null near 1 means the mirror is indistinguishable from a genuine orbit point, so reflection is absorbed by rotation and no chirality is encoded; a value well above 1 means the mirror lies off the orbit and the encoder carries handedness. reencode_noise is the pipeline's own floor and is far below both."
7603,10.364214536525104,12.614680565575902,2.0361630994965758e-05,13.754762176381012,0.8215994438105649,509007.0898096311,0.7535000899050085,112.5,0.9749006122032903,512,16,standardize,0.9473676985260375,0.9701092449872284,1.4551317227842241e-05,12.53537504132379,11.723665953926115,0.634765625,0.9738163173501487,0.9728402386026139,"onorbit_null_ratio is what a point known to be on the orbit scores: the distance from a held-out angle sample to the nearest sample of the interleaved half-grid, in units of that half-grid's spacing. mirror_over_spacing is the same quantity for the mirrored embedding. mirror_over_null near 1 means the mirror is indistinguishable from a genuine orbit point, so reflection is absorbed by rotation and no chirality is encoded; a value well above 1 means the mirror lies off the orbit and the encoder carries handedness. reencode_noise is the pipeline's own floor and is far below both."
7648,13.348470440628576,12.754371882897566,1.4934669847101133e-05,18.0970474166277,1.0465799933689908,893790.7953298048,0.7376048773770634,112.5,1.4440155608803928,512,16,standardize,0.9473676985260375,0.9701092449872284,1.4551317227842241e-05,12.53537504132379,11.723665953926115,0.634765625,0.9738163173501487,0.9728402386026139,"onorbit_null_ratio is what a point known to be on the orbit scores: the distance from a held-out angle sample to the nearest sample of the interleaved half-grid, in units of that half-grid's spacing. mirror_over_spacing is the same quantity for the mirrored embedding. mirror_over_null near 1 means the mirror is indistinguishable from a genuine orbit point, so reflection is absorbed by rotation and no chirality is encoded; a value well above 1 means the mirror lies off the orbit and the encoder carries handedness. reencode_noise is the pipeline's own floor and is far below both."
7669,10.400757216558539,10.123592263682218,1.9105142218313444e-05,10.753973156517189,1.0273781228695504,544395.6971222532,0.9671548426969439,135.0,1.0218238770657215,512,16,standardize,0.9473676985260375,0.9701092449872284,1.4551317227842241e-05,12.53537504132379,11.723665953926115,0.634765625,0.9738163173501487,0.9728402386026139,"onorbit_null_ratio is what a point known to be on the orbit scores: the distance from a held-out angle sample to the nearest sample of the interleaved half-grid, in units of that half-grid's spacing. mirror_over_spacing is the same quantity for the mirrored embedding. mirror_over_null near 1 means the mirror is indistinguishable from a genuine orbit point, so reflection is absorbed by rotation and no chirality is encoded; a value well above 1 means the mirror lies off the orbit and the encoder carries handedness. reencode_noise is the pipeline's own floor and is far below both."
7673,10.525995794115278,11.259756608175223,1.4998171573684397e-05,20.919023393623945,0.9348333325848986,701818.6011809638,0.5031781644894364,90.0,2.2249173310621657,512,16,standardize,0.9473676985260375,0.9701092449872284,1.4551317227842241e-05,12.53537504132379,11.723665953926115,0.634765625,0.9738163173501487,0.9728402386026139,"onorbit_null_ratio is what a point known to be on the orbit scores: the distance from a held-out angle sample to the nearest sample of the interleaved half-grid, in units of that half-grid's spacing. mirror_over_spacing is the same quantity for the mirrored embedding. mirror_over_null near 1 means the mirror is indistinguishable from a genuine orbit point, so reflection is absorbed by rotation and no chirality is encoded; a value well above 1 means the mirror lies off the orbit and the encoder carries handedness. reencode_noise is the pipeline's own floor and is far below both."
7676,12.05090664519788,13.00820045881315,1.0790576091508324e-05,13.923902033248181,0.9264084362286487,1116799.190608681,0.865483441094467,112.5,0.9140601876317279,512,16,standardize,0.9473676985260375,0.9701092449872284,1.4551317227842241e-05,12.53537504132379,11.723665953926115,0.634765625,0.9738163173501487,0.9728402386026139,"onorbit_null_ratio is what a point known to be on the orbit scores: the distance from a held-out angle sample to the nearest sample of the interleaved half-grid, in units of that half-grid's spacing. mirror_over_spacing is the same quantity for the mirrored embedding. mirror_over_null near 1 means the mirror is indistinguishable from a genuine orbit point, so reflection is absorbed by rotation and no chirality is encoded; a value well above 1 means the mirror lies off the orbit and the encoder carries handedness. reencode_noise is the pipeline's own floor and is far below both."
7724,11.696557362636057,13.412115036299252,1.3359165199333297e-05,14.768741825633867,0.8720889532321994,875545.5290888824,0.7919806237207377,180.0,0.8351144055624891,512,16,standardize,0.9473676985260375,0.9701092449872284,1.4551317227842241e-05,12.53537504132379,11.723665953926115,0.634765625,0.9738163173501487,0.9728402386026139,"onorbit_null_ratio is what a point known to be on the orbit scores: the distance from a held-out angle sample to the nearest sample of the interleaved half-grid, in units of that half-grid's spacing. mirror_over_spacing is the same quantity for the mirrored embedding. mirror_over_null near 1 means the mirror is indistinguishable from a genuine orbit point, so reflection is absorbed by rotation and no chirality is encoded; a value well above 1 means the mirror lies off the orbit and the encoder carries handedness. reencode_noise is the pipeline's own floor and is far below both."
7729,12.419941108834902,13.606199344610907,0.25616340631280454,19.30469071807819,0.9128148716823075,48.48444704732239,0.6433639000082009,247.5,1.2815003942847294,512,16,standardize,0.9473676985260375,0.9701092449872284,1.4551317227842241e-05,12.53537504132379,11.723665953926115,0.634765625,0.9738163173501487,0.9728402386026139,"onorbit_null_ratio is what a point known to be on the orbit scores: the distance from a held-out angle sample to the nearest sample of the interleaved half-grid, in units of that half-grid's spacing. mirror_over_spacing is the same quantity for the mirrored embedding. mirror_over_null near 1 means the mirror is indistinguishable from a genuine orbit point, so reflection is absorbed by rotation and no chirality is encoded; a value well above 1 means the mirror lies off the orbit and the encoder carries handedness. reencode_noise is the pipeline's own floor and is far below both."
7748,13.417775688106145,15.032590154093958,1.3744478241055778e-05,19.102328072480375,0.892579093194526,976230.2688236103,0.7024157284491602,112.5,1.336750114526807,512,16,standardize,0.9473676985260375,0.9701092449872284,1.4551317227842241e-05,12.53537504132379,11.723665953926115,0.634765625,0.9738163173501487,0.9728402386026139,"onorbit_null_ratio is what a point known to be on the orbit scores: the distance from a held-out angle sample to the nearest sample of the interleaved half-grid, in units of that half-grid's spacing. mirror_over_spacing is the same quantity for the mirrored embedding. mirror_over_null near 1 means the mirror is indistinguishable from a genuine orbit point, so reflection is absorbed by rotation and no chirality is encoded; a value well above 1 means the mirror lies off the orbit and the encoder carries handedness. reencode_noise is the pipeline's own floor and is far below both."
7759,12.825394608652088,12.685835041575078,2.1141429914600237e-05,19.69027748374866,1.0110012125035233,606647.4529140005,0.651356722587455,22.5,1.3815434483344806,512,16,standardize,0.9473676985260375,0.9701092449872284,1.4551317227842241e-05,12.53537504132379,11.723665953926115,0.634765625,0.9738163173501487,0.9728402386026139,"onorbit_null_ratio is what a point known to be on the orbit scores: the distance from a held-out angle sample to the nearest sample of the interleaved half-grid, in units of that half-grid's spacing. mirror_over_spacing is the same quantity for the mirrored embedding. mirror_over_null near 1 means the mirror is indistinguishable from a genuine orbit point, so reflection is absorbed by rotation and no chirality is encoded; a value well above 1 means the mirror lies off the orbit and the encoder carries handedness. reencode_noise is the pipeline's own floor and is far below both."
7773,9.885757840094008,11.828539059800391,1.294368907725466e-05,15.227426376925349,0.8357547614388849,763751.1826103571,0.6492073969291516,0.0,0.8605028278072201,512,16,standardize,0.9473676985260375,0.9701092449872284,1.4551317227842241e-05,12.53537504132379,11.723665953926115,0.634765625,0.9738163173501487,0.9728402386026139,"onorbit_null_ratio is what a point known to be on the orbit scores: the distance from a held-out angle sample to the nearest sample of the interleaved half-grid, in units of that half-grid's spacing. mirror_over_spacing is the same quantity for the mirrored embedding. mirror_over_null near 1 means the mirror is indistinguishable from a genuine orbit point, so reflection is absorbed by rotation and no chirality is encoded; a value well above 1 means the mirror lies off the orbit and the encoder carries handedness. reencode_noise is the pipeline's own floor and is far below both."
7790,13.36508714384055,14.431080248694919,1.2261962213791636e-05,18.72568803031445,0.9261321338053835,1089963.1650151534,0.713730097511195,135.0,0.8945454151603552,512,16,standardize,0.9473676985260375,0.9701092449872284,1.4551317227842241e-05,12.53537504132379,11.723665953926115,0.634765625,0.9738163173501487,0.9728402386026139,"onorbit_null_ratio is what a point known to be on the orbit scores: the distance from a held-out angle sample to the nearest sample of the interleaved half-grid, in units of that half-grid's spacing. mirror_over_spacing is the same quantity for the mirrored embedding. mirror_over_null near 1 means the mirror is indistinguishable from a genuine orbit point, so reflection is absorbed by rotation and no chirality is encoded; a value well above 1 means the mirror lies off the orbit and the encoder carries handedness. reencode_noise is the pipeline's own floor and is far below both."
7796,11.08165348905436,12.44372784262397,1.2716535191804534e-05,13.546413396749774,0.8905412935098078,871436.544774884,0.8180507389294063,67.5,0.8132311939245467,512,16,standardize,0.9473676985260375,0.9701092449872284,1.4551317227842241e-05,12.53537504132379,11.723665953926115,0.634765625,0.9738163173501487,0.9728402386026139,"onorbit_null_ratio is what a point known to be on the orbit scores: the distance from a held-out angle sample to the nearest sample of the interleaved half-grid, in units of that half-grid's spacing. mirror_over_spacing is the same quantity for the mirrored embedding. mirror_over_null near 1 means the mirror is indistinguishable from a genuine orbit point, so reflection is absorbed by rotation and no chirality is encoded; a value well above 1 means the mirror lies off the orbit and the encoder carries handedness. reencode_noise is the pipeline's own floor and is far below both."
7815,9.997966811273805,10.771524826344763,1.6572983619847752e-05,11.217467020168002,0.928184910907042,603268.9732040929,0.89128559890556,45.0,0.9804363816579966,512,16,standardize,0.9473676985260375,0.9701092449872284,1.4551317227842241e-05,12.53537504132379,11.723665953926115,0.634765625,0.9738163173501487,0.9728402386026139,"onorbit_null_ratio is what a point known to be on the orbit scores: the distance from a held-out angle sample to the nearest sample of the interleaved half-grid, in units of that half-grid's spacing. mirror_over_spacing is the same quantity for the mirrored embedding. mirror_over_null near 1 means the mirror is indistinguishable from a genuine orbit point, so reflection is absorbed by rotation and no chirality is encoded; a value well above 1 means the mirror lies off the orbit and the encoder carries handedness. reencode_noise is the pipeline's own floor and is far below both."
7833,7.855926432166637,7.625801299763374,3.592145396528189e-05,8.554599607332658,1.0301771739594636,218697.34002859116,0.9183277760227203,157.5,1.0482942473710075,512,16,standardize,0.9473676985260375,0.9701092449872284,1.4551317227842241e-05,12.53537504132379,11.723665953926115,0.634765625,0.9738163173501487,0.9728402386026139,"onorbit_null_ratio is what a point known to be on the orbit scores: the distance from a held-out angle sample to the nearest sample of the interleaved half-grid, in units of that half-grid's spacing. mirror_over_spacing is the same quantity for the mirrored embedding. mirror_over_null near 1 means the mirror is indistinguishable from a genuine orbit point, so reflection is absorbed by rotation and no chirality is encoded; a value well above 1 means the mirror lies off the orbit and the encoder carries handedness. reencode_noise is the pipeline's own floor and is far below both."
7834,11.801719197444996,12.008114596388245,1.53308082094633e-05,14.389392008768569,0.9828120062240805,769804.1118380248,0.8201680231001627,112.5,0.9179975242720828,512,16,standardize,0.9473676985260375,0.9701092449872284,1.4551317227842241e-05,12.53537504132379,11.723665953926115,0.634765625,0.9738163173501487,0.9728402386026139,"onorbit_null_ratio is what a point known to be on the orbit scores: the distance from a held-out angle sample to the nearest sample of the interleaved half-grid, in units of that half-grid's spacing. mirror_over_spacing is the same quantity for the mirrored embedding. mirror_over_null near 1 means the mirror is indistinguishable from a genuine orbit point, so reflection is absorbed by rotation and no chirality is encoded; a value well above 1 means the mirror lies off the orbit and the encoder carries handedness. reencode_noise is the pipeline's own floor and is far below both."
7837,18.405244962109187,15.22902455065061,1.3586169977927856e-05,18.511325430502936,1.2085636148851624,1354704.4525433157,0.9942694287995743,45.0,1.2803380137180198,512,16,standardize,0.9473676985260375,0.9701092449872284,1.4551317227842241e-05,12.53537504132379,11.723665953926115,0.634765625,0.9738163173501487,0.9728402386026139,"onorbit_null_ratio is what a point known to be on the orbit scores: the distance from a held-out angle sample to the nearest sample of the interleaved half-grid, in units of that half-grid's spacing. mirror_over_spacing is the same quantity for the mirrored embedding. mirror_over_null near 1 means the mirror is indistinguishable from a genuine orbit point, so reflection is absorbed by rotation and no chirality is encoded; a value well above 1 means the mirror lies off the orbit and the encoder carries handedness. reencode_noise is the pipeline's own floor and is far below both."
7883,11.256572670873547,12.20512094183474,1.8112784379124415e-05,13.150138923779036,0.9222827634825057,621471.1352632851,0.8560040875704055,157.5,1.0938258180812739,512,16,standardize,0.9473676985260375,0.9701092449872284,1.4551317227842241e-05,12.53537504132379,11.723665953926115,0.634765625,0.9738163173501487,0.9728402386026139,"onorbit_null_ratio is what a point known to be on the orbit scores: the distance from a held-out angle sample to the nearest sample of the interleaved half-grid, in units of that half-grid's spacing. mirror_over_spacing is the same quantity for the mirrored embedding. mirror_over_null near 1 means the mirror is indistinguishable from a genuine orbit point, so reflection is absorbed by rotation and no chirality is encoded; a value well above 1 means the mirror lies off the orbit and the encoder carries handedness. reencode_noise is the pipeline's own floor and is far below both."
7889,10.047601391108902,11.79229873666403,1.0315791645888507e-05,14.43595717443798,0.8520477317852708,974001.9705723219,0.6960121362025358,0.0,1.0411714202310998,512,16,standardize,0.9473676985260375,0.9701092449872284,1.4551317227842241e-05,12.53537504132379,11.723665953926115,0.634765625,0.9738163173501487,0.9728402386026139,"onorbit_null_ratio is what a point known to be on the orbit scores: the distance from a held-out angle sample to the nearest sample of the interleaved half-grid, in units of that half-grid's spacing. mirror_over_spacing is the same quantity for the mirrored embedding. mirror_over_null near 1 means the mirror is indistinguishable from a genuine orbit point, so reflection is absorbed by rotation and no chirality is encoded; a value well above 1 means the mirror lies off the orbit and the encoder carries handedness. reencode_noise is the pipeline's own floor and is far below both."
7909,12.44935007077297,16.389680886372698,2.303879132161045e-05,17.33436531442411,0.7595846531169536,540364.7221325992,0.7181889757690599,157.5,0.9326031831534097,512,16,standardize,0.9473676985260375,0.9701092449872284,1.4551317227842241e-05,12.53537504132379,11.723665953926115,0.634765625,0.9738163173501487,0.9728402386026139,"onorbit_null_ratio is what a point known to be on the orbit scores: the distance from a held-out angle sample to the nearest sample of the interleaved half-grid, in units of that half-grid's spacing. mirror_over_spacing is the same quantity for the mirrored embedding. mirror_over_null near 1 means the mirror is indistinguishable from a genuine orbit point, so reflection is absorbed by rotation and no chirality is encoded; a value well above 1 means the mirror lies off the orbit and the encoder carries handedness. reencode_noise is the pipeline's own floor and is far below both."
7917,9.927281700144784,12.078131881541882,1.689075459216316e-05,11.568416995805428,0.8219219493136944,587734.6477315327,0.8581365716453945,112.5,0.8547995365765914,512,16,standardize,0.9473676985260375,0.9701092449872284,1.4551317227842241e-05,12.53537504132379,11.723665953926115,0.634765625,0.9738163173501487,0.9728402386026139,"onorbit_null_ratio is what a point known to be on the orbit scores: the distance from a held-out angle sample to the nearest sample of the interleaved half-grid, in units of that half-grid's spacing. mirror_over_spacing is the same quantity for the mirrored embedding. mirror_over_null near 1 means the mirror is indistinguishable from a genuine orbit point, so reflection is absorbed by rotation and no chirality is encoded; a value well above 1 means the mirror lies off the orbit and the encoder carries handedness. reencode_noise is the pipeline's own floor and is far below both."
7931,13.502965598261653,13.861711978494348,1.886386183153326e-05,15.891337751883158,0.974119619510976,715811.3072949775,0.8497060353941267,270.0,1.0207301921300034,512,16,standardize,0.9473676985260375,0.9701092449872284,1.4551317227842241e-05,12.53537504132379,11.723665953926115,0.634765625,0.9738163173501487,0.9728402386026139,"onorbit_null_ratio is what a point known to be on the orbit scores: the distance from a held-out angle sample to the nearest sample of the interleaved half-grid, in units of that half-grid's spacing. mirror_over_spacing is the same quantity for the mirrored embedding. mirror_over_null near 1 means the mirror is indistinguishable from a genuine orbit point, so reflection is absorbed by rotation and no chirality is encoded; a value well above 1 means the mirror lies off the orbit and the encoder carries handedness. reencode_noise is the pipeline's own floor and is far below both."
7957,16.045073159134013,12.625880156340433,1.1751808708559503e-05,13.734009934903714,1.2708082890424506,1365327.9726590072,1.1682730124111056,90.0,1.2877386796331416,512,16,standardize,0.9473676985260375,0.9701092449872284,1.4551317227842241e-05,12.53537504132379,11.723665953926115,0.634765625,0.9738163173501487,0.9728402386026139,"onorbit_null_ratio is what a point known to be on the orbit scores: the distance from a held-out angle sample to the nearest sample of the interleaved half-grid, in units of that half-grid's spacing. mirror_over_spacing is the same quantity for the mirrored embedding. mirror_over_null near 1 means the mirror is indistinguishable from a genuine orbit point, so reflection is absorbed by rotation and no chirality is encoded; a value well above 1 means the mirror lies off the orbit and the encoder carries handedness. reencode_noise is the pipeline's own floor and is far below both."
7964,10.9719993183264,11.378271891737555,1.038602155947967e-05,17.93958682895098,0.9642940002421481,1056419.8481093936,0.6116082506771975,22.5,1.7583328997239331,512,16,standardize,0.9473676985260375,0.9701092449872284,1.4551317227842241e-05,12.53537504132379,11.723665953926115,0.634765625,0.9738163173501487,0.9728402386026139,"onorbit_null_ratio is what a point known to be on the orbit scores: the distance from a held-out angle sample to the nearest sample of the interleaved half-grid, in units of that half-grid's spacing. mirror_over_spacing is the same quantity for the mirrored embedding. mirror_over_null near 1 means the mirror is indistinguishable from a genuine orbit point, so reflection is absorbed by rotation and no chirality is encoded; a value well above 1 means the mirror lies off the orbit and the encoder carries handedness. reencode_noise is the pipeline's own floor and is far below both."
7979,9.097383245001522,10.163816811053792,1.1621259444217227e-05,13.834379746178687,0.8950754833664006,782822.4891346357,0.6575924191696696,315.0,1.0479321934566614,512,16,standardize,0.9473676985260375,0.9701092449872284,1.4551317227842241e-05,12.53537504132379,11.723665953926115,0.634765625,0.9738163173501487,0.9728402386026139,"onorbit_null_ratio is what a point known to be on the orbit scores: the distance from a held-out angle sample to the nearest sample of the interleaved half-grid, in units of that half-grid's spacing. mirror_over_spacing is the same quantity for the mirrored embedding. mirror_over_null near 1 means the mirror is indistinguishable from a genuine orbit point, so reflection is absorbed by rotation and no chirality is encoded; a value well above 1 means the mirror lies off the orbit and the encoder carries handedness. reencode_noise is the pipeline's own floor and is far below both."
7980,15.51926182876767,15.587275710400096,1.3238155716423155e-05,20.156683931099153,0.9956365767247547,1172312.9838633481,0.7699312983135812,67.5,1.1042678085722795,512,16,standardize,0.9473676985260375,0.9701092449872284,1.4551317227842241e-05,12.53537504132379,11.723665953926115,0.634765625,0.9738163173501487,0.9728402386026139,"onorbit_null_ratio is what a point known to be on the orbit scores: the distance from a held-out angle sample to the nearest sample of the interleaved half-grid, in units of that half-grid's spacing. mirror_over_spacing is the same quantity for the mirrored embedding. mirror_over_null near 1 means the mirror is indistinguishable from a genuine orbit point, so reflection is absorbed by rotation and no chirality is encoded; a value well above 1 means the mirror lies off the orbit and the encoder carries handedness. reencode_noise is the pipeline's own floor and is far below both."
7994,10.551158607617815,12.928961813968339,2.051936001246426e-05,16.00544526081503,0.8160870733037848,514205.05323794845,0.6592230603824218,90.0,1.0642468629658157,512,16,standardize,0.9473676985260375,0.9701092449872284,1.4551317227842241e-05,12.53537504132379,11.723665953926115,0.634765625,0.9738163173501487,0.9728402386026139,"onorbit_null_ratio is what a point known to be on the orbit scores: the distance from a held-out angle sample to the nearest sample of the interleaved half-grid, in units of that half-grid's spacing. mirror_over_spacing is the same quantity for the mirrored embedding. mirror_over_null near 1 means the mirror is indistinguishable from a genuine orbit point, so reflection is absorbed by rotation and no chirality is encoded; a value well above 1 means the mirror lies off the orbit and the encoder carries handedness. reencode_noise is the pipeline's own floor and is far below both."
7996,8.706815518910512,10.243001363438221,1.0793719175726514e-05,11.37815252378767,0.8500258088404603,806655.7390608103,0.7652222538507598,247.5,1.025159073820569,512,16,standardize,0.9473676985260375,0.9701092449872284,1.4551317227842241e-05,12.53537504132379,11.723665953926115,0.634765625,0.9738163173501487,0.9728402386026139,"onorbit_null_ratio is what a point known to be on the orbit scores: the distance from a held-out angle sample to the nearest sample of the interleaved half-grid, in units of that half-grid's spacing. mirror_over_spacing is the same quantity for the mirrored embedding. mirror_over_null near 1 means the mirror is indistinguishable from a genuine orbit point, so reflection is absorbed by rotation and no chirality is encoded; a value well above 1 means the mirror lies off the orbit and the encoder carries handedness. reencode_noise is the pipeline's own floor and is far below both."
8003,14.274241757297755,15.545202236608072,2.5059515860096906e-05,16.75125736765822,0.9182409813674037,569613.6284910077,0.8521295711722,315.0,0.9792322500066336,512,16,standardize,0.9473676985260375,0.9701092449872284,1.4551317227842241e-05,12.53537504132379,11.723665953926115,0.634765625,0.9738163173501487,0.9728402386026139,"onorbit_null_ratio is what a point known to be on the orbit scores: the distance from a held-out angle sample to the nearest sample of the interleaved half-grid, in units of that half-grid's spacing. mirror_over_spacing is the same quantity for the mirrored embedding. mirror_over_null near 1 means the mirror is indistinguishable from a genuine orbit point, so reflection is absorbed by rotation and no chirality is encoded; a value well above 1 means the mirror lies off the orbit and the encoder carries handedness. reencode_noise is the pipeline's own floor and is far below both."
8022,11.431152425423827,14.831695050023816,2.9948298859677594e-05,17.414861085702963,0.7707246128557282,381696.21850591106,0.6564021595790065,90.0,0.9430130455480825,512,16,standardize,0.9473676985260375,0.9701092449872284,1.4551317227842241e-05,12.53537504132379,11.723665953926115,0.634765625,0.9738163173501487,0.9728402386026139,"onorbit_null_ratio is what a point known to be on the orbit scores: the distance from a held-out angle sample to the nearest sample of the interleaved half-grid, in units of that half-grid's spacing. mirror_over_spacing is the same quantity for the mirrored embedding. mirror_over_null near 1 means the mirror is indistinguishable from a genuine orbit point, so reflection is absorbed by rotation and no chirality is encoded; a value well above 1 means the mirror lies off the orbit and the encoder carries handedness. reencode_noise is the pipeline's own floor and is far below both."
8044,8.89211004831274,11.392422233590736,1.0704951266995767e-05,14.166467112882433,0.7805284834066467,830653.9494231829,0.6276871980471829,67.5,0.8084387071305453,512,16,standardize,0.9473676985260375,0.9701092449872284,1.4551317227842241e-05,12.53537504132379,11.723665953926115,0.634765625,0.9738163173501487,0.9728402386026139,"onorbit_null_ratio is what a point known to be on the orbit scores: the distance from a held-out angle sample to the nearest sample of the interleaved half-grid, in units of that half-grid's spacing. mirror_over_spacing is the same quantity for the mirrored embedding. mirror_over_null near 1 means the mirror is indistinguishable from a genuine orbit point, so reflection is absorbed by rotation and no chirality is encoded; a value well above 1 means the mirror lies off the orbit and the encoder carries handedness. reencode_noise is the pipeline's own floor and is far below both."
8048,12.122489769729313,10.142478540139699,1.1123521883316773e-05,10.469592653337806,1.1952196617181448,1089806.7983226434,1.1578759719810634,225.0,1.1289281529064836,512,16,standardize,0.9473676985260375,0.9701092449872284,1.4551317227842241e-05,12.53537504132379,11.723665953926115,0.634765625,0.9738163173501487,0.9728402386026139,"onorbit_null_ratio is what a point known to be on the orbit scores: the distance from a held-out angle sample to the nearest sample of the interleaved half-grid, in units of that half-grid's spacing. mirror_over_spacing is the same quantity for the mirrored embedding. mirror_over_null near 1 means the mirror is indistinguishable from a genuine orbit point, so reflection is absorbed by rotation and no chirality is encoded; a value well above 1 means the mirror lies off the orbit and the encoder carries handedness. reencode_noise is the pipeline's own floor and is far below both."
8054,13.180826697728083,18.144341735607192,1.3362719191876942e-05,21.719842705460504,0.7264428156057872,986388.0628233638,0.606856452713368,180.0,1.267960169638586,512,16,standardize,0.9473676985260375,0.9701092449872284,1.4551317227842241e-05,12.53537504132379,11.723665953926115,0.634765625,0.9738163173501487,0.9728402386026139,"onorbit_null_ratio is what a point known to be on the orbit scores: the distance from a held-out angle sample to the nearest sample of the interleaved half-grid, in units of that half-grid's spacing. mirror_over_spacing is the same quantity for the mirrored embedding. mirror_over_null near 1 means the mirror is indistinguishable from a genuine orbit point, so reflection is absorbed by rotation and no chirality is encoded; a value well above 1 means the mirror lies off the orbit and the encoder carries handedness. reencode_noise is the pipeline's own floor and is far below both."
8086,10.023148745951186,12.838979855102933,9.598013738277889e-06,13.405913091584438,0.7806810867428399,1044294.0611741171,0.7476662482798891,90.0,0.9327257569431259,512,16,standardize,0.9473676985260375,0.9701092449872284,1.4551317227842241e-05,12.53537504132379,11.723665953926115,0.634765625,0.9738163173501487,0.9728402386026139,"onorbit_null_ratio is what a point known to be on the orbit scores: the distance from a held-out angle sample to the nearest sample of the interleaved half-grid, in units of that half-grid's spacing. mirror_over_spacing is the same quantity for the mirrored embedding. mirror_over_null near 1 means the mirror is indistinguishable from a genuine orbit point, so reflection is absorbed by rotation and no chirality is encoded; a value well above 1 means the mirror lies off the orbit and the encoder carries handedness. reencode_noise is the pipeline's own floor and is far below both."
8090,11.50496591355001,12.660463348575117,1.6274763782869925e-05,13.72408554682003,0.9087318210075499,706920.6083138124,0.8383047361735364,202.5,0.8060174782177606,512,16,standardize,0.9473676985260375,0.9701092449872284,1.4551317227842241e-05,12.53537504132379,11.723665953926115,0.634765625,0.9738163173501487,0.9728402386026139,"onorbit_null_ratio is what a point known to be on the orbit scores: the distance from a held-out angle sample to the nearest sample of the interleaved half-grid, in units of that half-grid's spacing. mirror_over_spacing is the same quantity for the mirrored embedding. mirror_over_null near 1 means the mirror is indistinguishable from a genuine orbit point, so reflection is absorbed by rotation and no chirality is encoded; a value well above 1 means the mirror lies off the orbit and the encoder carries handedness. reencode_noise is the pipeline's own floor and is far below both."
8095,9.489362265580949,12.611392746828011,1.3109768588586482e-05,14.533078678359391,0.7524436401338537,723839.0366281903,0.6529492116292721,157.5,0.9188144320154703,512,16,standardize,0.9473676985260375,0.9701092449872284,1.4551317227842241e-05,12.53537504132379,11.723665953926115,0.634765625,0.9738163173501487,0.9728402386026139,"onorbit_null_ratio is what a point known to be on the orbit scores: the distance from a held-out angle sample to the nearest sample of the interleaved half-grid, in units of that half-grid's spacing. mirror_over_spacing is the same quantity for the mirrored embedding. mirror_over_null near 1 means the mirror is indistinguishable from a genuine orbit point, so reflection is absorbed by rotation and no chirality is encoded; a value well above 1 means the mirror lies off the orbit and the encoder carries handedness. reencode_noise is the pipeline's own floor and is far below both."
8104,11.783215103421668,16.420257713501076,0.4628853934068894,21.92828417009339,0.717602324458846,25.45600978396803,0.5373523533360651,135.0,1.4174595799190841,512,16,standardize,0.9473676985260375,0.9701092449872284,1.4551317227842241e-05,12.53537504132379,11.723665953926115,0.634765625,0.9738163173501487,0.9728402386026139,"onorbit_null_ratio is what a point known to be on the orbit scores: the distance from a held-out angle sample to the nearest sample of the interleaved half-grid, in units of that half-grid's spacing. mirror_over_spacing is the same quantity for the mirrored embedding. mirror_over_null near 1 means the mirror is indistinguishable from a genuine orbit point, so reflection is absorbed by rotation and no chirality is encoded; a value well above 1 means the mirror lies off the orbit and the encoder carries handedness. reencode_noise is the pipeline's own floor and is far below both."
8124,10.475751815959113,17.403416435600633,1.303718924930547e-05,19.46817183425305,0.6019365137140424,803528.3998440988,0.5380963300070977,225.0,1.102575021650171,512,16,standardize,0.9473676985260375,0.9701092449872284,1.4551317227842241e-05,12.53537504132379,11.723665953926115,0.634765625,0.9738163173501487,0.9728402386026139,"onorbit_null_ratio is what a point known to be on the orbit scores: the distance from a held-out angle sample to the nearest sample of the interleaved half-grid, in units of that half-grid's spacing. mirror_over_spacing is the same quantity for the mirrored embedding. mirror_over_null near 1 means the mirror is indistinguishable from a genuine orbit point, so reflection is absorbed by rotation and no chirality is encoded; a value well above 1 means the mirror lies off the orbit and the encoder carries handedness. reencode_noise is the pipeline's own floor and is far below both."
8130,11.989784159997232,12.068275732165537,1.1327615920751396e-05,14.837489920770444,0.9934960408669565,1058456.0991366939,0.8080736178437556,22.5,0.9301740846263551,512,16,standardize,0.9473676985260375,0.9701092449872284,1.4551317227842241e-05,12.53537504132379,11.723665953926115,0.634765625,0.9738163173501487,0.9728402386026139,"onorbit_null_ratio is what a point known to be on the orbit scores: the distance from a held-out angle sample to the nearest sample of the interleaved half-grid, in units of that half-grid's spacing. mirror_over_spacing is the same quantity for the mirrored embedding. mirror_over_null near 1 means the mirror is indistinguishable from a genuine orbit point, so reflection is absorbed by rotation and no chirality is encoded; a value well above 1 means the mirror lies off the orbit and the encoder carries handedness. reencode_noise is the pipeline's own floor and is far below both."
8144,8.668390677433484,10.541828898125726,1.0906196216965975e-05,13.709507699292697,0.822285275278436,794813.3799343074,0.6322904416094172,292.5,1.198779624798307,512,16,standardize,0.9473676985260375,0.9701092449872284,1.4551317227842241e-05,12.53537504132379,11.723665953926115,0.634765625,0.9738163173501487,0.9728402386026139,"onorbit_null_ratio is what a point known to be on the orbit scores: the distance from a held-out angle sample to the nearest sample of the interleaved half-grid, in units of that half-grid's spacing. mirror_over_spacing is the same quantity for the mirrored embedding. mirror_over_null near 1 means the mirror is indistinguishable from a genuine orbit point, so reflection is absorbed by rotation and no chirality is encoded; a value well above 1 means the mirror lies off the orbit and the encoder carries handedness. reencode_noise is the pipeline's own floor and is far below both."
8148,15.653322994859137,14.225316075917023,1.618334421390513e-05,16.76122329604773,1.100384899099689,967248.968319503,0.9339009879159693,67.5,0.8809296245156233,512,16,standardize,0.9473676985260375,0.9701092449872284,1.4551317227842241e-05,12.53537504132379,11.723665953926115,0.634765625,0.9738163173501487,0.9728402386026139,"onorbit_null_ratio is what a point known to be on the orbit scores: the distance from a held-out angle sample to the nearest sample of the interleaved half-grid, in units of that half-grid's spacing. mirror_over_spacing is the same quantity for the mirrored embedding. mirror_over_null near 1 means the mirror is indistinguishable from a genuine orbit point, so reflection is absorbed by rotation and no chirality is encoded; a value well above 1 means the mirror lies off the orbit and the encoder carries handedness. reencode_noise is the pipeline's own floor and is far below both."
8154,17.552254753413433,15.53907000031465,2.0055377846010306e-05,21.520379195682814,1.12955632177846,875189.4323898351,0.8156108493169384,135.0,0.9390198048183171,512,16,standardize,0.9473676985260375,0.9701092449872284,1.4551317227842241e-05,12.53537504132379,11.723665953926115,0.634765625,0.9738163173501487,0.9728402386026139,"onorbit_null_ratio is what a point known to be on the orbit scores: the distance from a held-out angle sample to the nearest sample of the interleaved half-grid, in units of that half-grid's spacing. mirror_over_spacing is the same quantity for the mirrored embedding. mirror_over_null near 1 means the mirror is indistinguishable from a genuine orbit point, so reflection is absorbed by rotation and no chirality is encoded; a value well above 1 means the mirror lies off the orbit and the encoder carries handedness. reencode_noise is the pipeline's own floor and is far below both."
8171,15.31525534310162,12.637104369725503,0.6164392642542643,13.483821484989404,1.2119275820647741,24.844710957257416,1.135824540554102,45.0,0.9941879720269494,512,16,standardize,0.9473676985260375,0.9701092449872284,1.4551317227842241e-05,12.53537504132379,11.723665953926115,0.634765625,0.9738163173501487,0.9728402386026139,"onorbit_null_ratio is what a point known to be on the orbit scores: the distance from a held-out angle sample to the nearest sample of the interleaved half-grid, in units of that half-grid's spacing. mirror_over_spacing is the same quantity for the mirrored embedding. mirror_over_null near 1 means the mirror is indistinguishable from a genuine orbit point, so reflection is absorbed by rotation and no chirality is encoded; a value well above 1 means the mirror lies off the orbit and the encoder carries handedness. reencode_noise is the pipeline's own floor and is far below both."
8173,9.640696385835083,11.287774190634668,9.873304800724369e-06,10.868694324230788,0.8540830302783567,976440.6731500663,0.8870151370751138,202.5,1.0356168742636387,512,16,standardize,0.9473676985260375,0.9701092449872284,1.4551317227842241e-05,12.53537504132379,11.723665953926115,0.634765625,0.9738163173501487,0.9728402386026139,"onorbit_null_ratio is what a point known to be on the orbit scores: the distance from a held-out angle sample to the nearest sample of the interleaved half-grid, in units of that half-grid's spacing. mirror_over_spacing is the same quantity for the mirrored embedding. mirror_over_null near 1 means the mirror is indistinguishable from a genuine orbit point, so reflection is absorbed by rotation and no chirality is encoded; a value well above 1 means the mirror lies off the orbit and the encoder carries handedness. reencode_noise is the pipeline's own floor and is far below both."
8204,12.910597302127957,13.538972360590279,1.0883430078868324e-05,14.715106284794732,0.9535876843731939,1186261.795093043,0.8773703058787016,292.5,0.9000061349083882,512,16,standardize,0.9473676985260375,0.9701092449872284,1.4551317227842241e-05,12.53537504132379,11.723665953926115,0.634765625,0.9738163173501487,0.9728402386026139,"onorbit_null_ratio is what a point known to be on the orbit scores: the distance from a held-out angle sample to the nearest sample of the interleaved half-grid, in units of that half-grid's spacing. mirror_over_spacing is the same quantity for the mirrored embedding. mirror_over_null near 1 means the mirror is indistinguishable from a genuine orbit point, so reflection is absorbed by rotation and no chirality is encoded; a value well above 1 means the mirror lies off the orbit and the encoder carries handedness. reencode_noise is the pipeline's own floor and is far below both."
8213,14.847162078298874,20.175235714998028,1.68962672625359e-05,24.02280144600494,0.7359102162688326,878724.386138203,0.6180445736801441,0.0,1.222133150714473,512,16,standardize,0.9473676985260375,0.9701092449872284,1.4551317227842241e-05,12.53537504132379,11.723665953926115,0.634765625,0.9738163173501487,0.9728402386026139,"onorbit_null_ratio is what a point known to be on the orbit scores: the distance from a held-out angle sample to the nearest sample of the interleaved half-grid, in units of that half-grid's spacing. mirror_over_spacing is the same quantity for the mirrored embedding. mirror_over_null near 1 means the mirror is indistinguishable from a genuine orbit point, so reflection is absorbed by rotation and no chirality is encoded; a value well above 1 means the mirror lies off the orbit and the encoder carries handedness. reencode_noise is the pipeline's own floor and is far below both."
8214,12.295434569293693,11.924341761385502,1.2826717922278176e-05,11.902104041333853,1.0311206115468694,958579.9456880767,1.033047142471102,90.0,0.9215223666881356,512,16,standardize,0.9473676985260375,0.9701092449872284,1.4551317227842241e-05,12.53537504132379,11.723665953926115,0.634765625,0.9738163173501487,0.9728402386026139,"onorbit_null_ratio is what a point known to be on the orbit scores: the distance from a held-out angle sample to the nearest sample of the interleaved half-grid, in units of that half-grid's spacing. mirror_over_spacing is the same quantity for the mirrored embedding. mirror_over_null near 1 means the mirror is indistinguishable from a genuine orbit point, so reflection is absorbed by rotation and no chirality is encoded; a value well above 1 means the mirror lies off the orbit and the encoder carries handedness. reencode_noise is the pipeline's own floor and is far below both."
8248,11.353654191964567,13.751772211033906,1.5090097144011828e-05,17.687091611116593,0.825613893084618,752391.0604160699,0.6419175318133498,135.0,1.3486077668070973,512,16,standardize,0.9473676985260375,0.9701092449872284,1.4551317227842241e-05,12.53537504132379,11.723665953926115,0.634765625,0.9738163173501487,0.9728402386026139,"onorbit_null_ratio is what a point known to be on the orbit scores: the distance from a held-out angle sample to the nearest sample of the interleaved half-grid, in units of that half-grid's spacing. mirror_over_spacing is the same quantity for the mirrored embedding. mirror_over_null near 1 means the mirror is indistinguishable from a genuine orbit point, so reflection is absorbed by rotation and no chirality is encoded; a value well above 1 means the mirror lies off the orbit and the encoder carries handedness. reencode_noise is the pipeline's own floor and is far below both."
8292,13.797376718775974,12.486694038843925,1.426049686581754e-05,17.84338324118935,1.1049663486471875,967524.2629061778,0.7732489143049034,45.0,1.130875213657925,512,16,standardize,0.9473676985260375,0.9701092449872284,1.4551317227842241e-05,12.53537504132379,11.723665953926115,0.634765625,0.9738163173501487,0.9728402386026139,"onorbit_null_ratio is what a point known to be on the orbit scores: the distance from a held-out angle sample to the nearest sample of the interleaved half-grid, in units of that half-grid's spacing. mirror_over_spacing is the same quantity for the mirrored embedding. mirror_over_null near 1 means the mirror is indistinguishable from a genuine orbit point, so reflection is absorbed by rotation and no chirality is encoded; a value well above 1 means the mirror lies off the orbit and the encoder carries handedness. reencode_noise is the pipeline's own floor and is far below both."
8298,16.320653049472956,12.956149433657789,1.1535318191648411e-05,15.820303310447663,1.259683915583343,1414842.0336847869,1.0316270636034433,22.5,1.043495557942614,512,16,standardize,0.9473676985260375,0.9701092449872284,1.4551317227842241e-05,12.53537504132379,11.723665953926115,0.634765625,0.9738163173501487,0.9728402386026139,"onorbit_null_ratio is what a point known to be on the orbit scores: the distance from a held-out angle sample to the nearest sample of the interleaved half-grid, in units of that half-grid's spacing. mirror_over_spacing is the same quantity for the mirrored embedding. mirror_over_null near 1 means the mirror is indistinguishable from a genuine orbit point, so reflection is absorbed by rotation and no chirality is encoded; a value well above 1 means the mirror lies off the orbit and the encoder carries handedness. reencode_noise is the pipeline's own floor and is far below both."
8302,28.526869828863187,13.533487703230946,1.255761302113562e-05,14.253483428014878,2.107872741632799,2271679.321607525,2.001396358506603,315.0,0.9463169323937176,512,16,standardize,0.9473676985260375,0.9701092449872284,1.4551317227842241e-05,12.53537504132379,11.723665953926115,0.634765625,0.9738163173501487,0.9728402386026139,"onorbit_null_ratio is what a point known to be on the orbit scores: the distance from a held-out angle sample to the nearest sample of the interleaved half-grid, in units of that half-grid's spacing. mirror_over_spacing is the same quantity for the mirrored embedding. mirror_over_null near 1 means the mirror is indistinguishable from a genuine orbit point, so reflection is absorbed by rotation and no chirality is encoded; a value well above 1 means the mirror lies off the orbit and the encoder carries handedness. reencode_noise is the pipeline's own floor and is far below both."
8307,12.46050991384795,12.962204424216866,1.7339404078296642e-05,13.865089588102315,0.9612955872357933,718623.8845108006,0.8986966751762182,22.5,0.8826098075785778,512,16,standardize,0.9473676985260375,0.9701092449872284,1.4551317227842241e-05,12.53537504132379,11.723665953926115,0.634765625,0.9738163173501487,0.9728402386026139,"onorbit_null_ratio is what a point known to be on the orbit scores: the distance from a held-out angle sample to the nearest sample of the interleaved half-grid, in units of that half-grid's spacing. mirror_over_spacing is the same quantity for the mirrored embedding. mirror_over_null near 1 means the mirror is indistinguishable from a genuine orbit point, so reflection is absorbed by rotation and no chirality is encoded; a value well above 1 means the mirror lies off the orbit and the encoder carries handedness. reencode_noise is the pipeline's own floor and is far below both."
8327,12.999168881740315,13.763106669780644,1.291384352879995e-05,21.12869699927564,0.9444937973402698,1006607.2778991071,0.6152376023086501,67.5,1.2663907713501323,512,16,standardize,0.9473676985260375,0.9701092449872284,1.4551317227842241e-05,12.53537504132379,11.723665953926115,0.634765625,0.9738163173501487,0.9728402386026139,"onorbit_null_ratio is what a point known to be on the orbit scores: the distance from a held-out angle sample to the nearest sample of the interleaved half-grid, in units of that half-grid's spacing. mirror_over_spacing is the same quantity for the mirrored embedding. mirror_over_null near 1 means the mirror is indistinguishable from a genuine orbit point, so reflection is absorbed by rotation and no chirality is encoded; a value well above 1 means the mirror lies off the orbit and the encoder carries handedness. reencode_noise is the pipeline's own floor and is far below both."
8360,12.69611049602107,17.795629038901346,1.724826153613029e-05,19.930630572324993,0.7134398266151368,736080.5881465947,0.637014993075556,135.0,1.0425032660132256,512,16,standardize,0.9473676985260375,0.9701092449872284,1.4551317227842241e-05,12.53537504132379,11.723665953926115,0.634765625,0.9738163173501487,0.9728402386026139,"onorbit_null_ratio is what a point known to be on the orbit scores: the distance from a held-out angle sample to the nearest sample of the interleaved half-grid, in units of that half-grid's spacing. mirror_over_spacing is the same quantity for the mirrored embedding. mirror_over_null near 1 means the mirror is indistinguishable from a genuine orbit point, so reflection is absorbed by rotation and no chirality is encoded; a value well above 1 means the mirror lies off the orbit and the encoder carries handedness. reencode_noise is the pipeline's own floor and is far below both."
8376,11.03965757813712,11.08928422023795,1.2299235266823654e-05,11.51328203066912,0.9955248110594676,897588.9426162813,0.9588627768111336,22.5,0.8329097254000861,512,16,standardize,0.9473676985260375,0.9701092449872284,1.4551317227842241e-05,12.53537504132379,11.723665953926115,0.634765625,0.9738163173501487,0.9728402386026139,"onorbit_null_ratio is what a point known to be on the orbit scores: the distance from a held-out angle sample to the nearest sample of the interleaved half-grid, in units of that half-grid's spacing. mirror_over_spacing is the same quantity for the mirrored embedding. mirror_over_null near 1 means the mirror is indistinguishable from a genuine orbit point, so reflection is absorbed by rotation and no chirality is encoded; a value well above 1 means the mirror lies off the orbit and the encoder carries handedness. reencode_noise is the pipeline's own floor and is far below both."
8402,10.090259735655525,11.57260257358797,1.544217222488209e-05,11.756520898436339,0.8719092936522698,653422.3028154687,0.8582691956935634,180.0,0.8771788589427734,512,16,standardize,0.9473676985260375,0.9701092449872284,1.4551317227842241e-05,12.53537504132379,11.723665953926115,0.634765625,0.9738163173501487,0.9728402386026139,"onorbit_null_ratio is what a point known to be on the orbit scores: the distance from a held-out angle sample to the nearest sample of the interleaved half-grid, in units of that half-grid's spacing. mirror_over_spacing is the same quantity for the mirrored embedding. mirror_over_null near 1 means the mirror is indistinguishable from a genuine orbit point, so reflection is absorbed by rotation and no chirality is encoded; a value well above 1 means the mirror lies off the orbit and the encoder carries handedness. reencode_noise is the pipeline's own floor and is far below both."
8403,13.228734463498485,14.620296495636754,1.7533115907548794e-05,15.561703277179028,0.9048198487251223,754499.9150894178,0.8500826823306803,270.0,0.8813092562994205,512,16,standardize,0.9473676985260375,0.9701092449872284,1.4551317227842241e-05,12.53537504132379,11.723665953926115,0.634765625,0.9738163173501487,0.9728402386026139,"onorbit_null_ratio is what a point known to be on the orbit scores: the distance from a held-out angle sample to the nearest sample of the interleaved half-grid, in units of that half-grid's spacing. mirror_over_spacing is the same quantity for the mirrored embedding. mirror_over_null near 1 means the mirror is indistinguishable from a genuine orbit point, so reflection is absorbed by rotation and no chirality is encoded; a value well above 1 means the mirror lies off the orbit and the encoder carries handedness. reencode_noise is the pipeline's own floor and is far below both."
8405,11.31882191895655,13.728184575543949,1.978909899034116e-05,16.63899536357809,0.8244951731724561,571972.5756327331,0.6802587338736131,180.0,1.0073519524590049,512,16,standardize,0.9473676985260375,0.9701092449872284,1.4551317227842241e-05,12.53537504132379,11.723665953926115,0.634765625,0.9738163173501487,0.9728402386026139,"onorbit_null_ratio is what a point known to be on the orbit scores: the distance from a held-out angle sample to the nearest sample of the interleaved half-grid, in units of that half-grid's spacing. mirror_over_spacing is the same quantity for the mirrored embedding. mirror_over_null near 1 means the mirror is indistinguishable from a genuine orbit point, so reflection is absorbed by rotation and no chirality is encoded; a value well above 1 means the mirror lies off the orbit and the encoder carries handedness. reencode_noise is the pipeline's own floor and is far below both."
8425,15.408506747575329,12.800533642501476,1.1984496724924338e-05,13.413596898158662,1.2037394047709564,1285703.2799324836,1.1487229610791805,67.5,0.9777535792939284,512,16,standardize,0.9473676985260375,0.9701092449872284,1.4551317227842241e-05,12.53537504132379,11.723665953926115,0.634765625,0.9738163173501487,0.9728402386026139,"onorbit_null_ratio is what a point known to be on the orbit scores: the distance from a held-out angle sample to the nearest sample of the interleaved half-grid, in units of that half-grid's spacing. mirror_over_spacing is the same quantity for the mirrored embedding. mirror_over_null near 1 means the mirror is indistinguishable from a genuine orbit point, so reflection is absorbed by rotation and no chirality is encoded; a value well above 1 means the mirror lies off the orbit and the encoder carries handedness. reencode_noise is the pipeline's own floor and is far below both."
8432,12.559368278187838,12.594747448046263,1.2317530852591818e-05,13.113445468019135,0.9971909583733723,1019633.5960908214,0.9577473981813116,45.0,0.9299066834044185,512,16,standardize,0.9473676985260375,0.9701092449872284,1.4551317227842241e-05,12.53537504132379,11.723665953926115,0.634765625,0.9738163173501487,0.9728402386026139,"onorbit_null_ratio is what a point known to be on the orbit scores: the distance from a held-out angle sample to the nearest sample of the interleaved half-grid, in units of that half-grid's spacing. mirror_over_spacing is the same quantity for the mirrored embedding. mirror_over_null near 1 means the mirror is indistinguishable from a genuine orbit point, so reflection is absorbed by rotation and no chirality is encoded; a value well above 1 means the mirror lies off the orbit and the encoder carries handedness. reencode_noise is the pipeline's own floor and is far below both."
8483,11.7909027723063,11.151726143606751,1.6485656235304472e-05,13.921340901446555,1.0573163849675402,715221.9240782036,0.8469660254552862,90.0,0.7983634350543319,512,16,standardize,0.9473676985260375,0.9701092449872284,1.4551317227842241e-05,12.53537504132379,11.723665953926115,0.634765625,0.9738163173501487,0.9728402386026139,"onorbit_null_ratio is what a point known to be on the orbit scores: the distance from a held-out angle sample to the nearest sample of the interleaved half-grid, in units of that half-grid's spacing. mirror_over_spacing is the same quantity for the mirrored embedding. mirror_over_null near 1 means the mirror is indistinguishable from a genuine orbit point, so reflection is absorbed by rotation and no chirality is encoded; a value well above 1 means the mirror lies off the orbit and the encoder carries handedness. reencode_noise is the pipeline's own floor and is far below both."
8488,12.270517483148431,13.12681262470283,1.7735064609717853e-05,18.363403158171746,0.9347674743263289,691878.9276033905,0.6682049823476227,112.5,1.427078033390887,512,16,standardize,0.9473676985260375,0.9701092449872284,1.4551317227842241e-05,12.53537504132379,11.723665953926115,0.634765625,0.9738163173501487,0.9728402386026139,"onorbit_null_ratio is what a point known to be on the orbit scores: the distance from a held-out angle sample to the nearest sample of the interleaved half-grid, in units of that half-grid's spacing. mirror_over_spacing is the same quantity for the mirrored embedding. mirror_over_null near 1 means the mirror is indistinguishable from a genuine orbit point, so reflection is absorbed by rotation and no chirality is encoded; a value well above 1 means the mirror lies off the orbit and the encoder carries handedness. reencode_noise is the pipeline's own floor and is far below both."
8498,12.419544311660408,10.69425425914481,9.832406851963039e-06,12.30386847696714,1.1613286920909214,1263123.5158033404,1.0094015825112088,67.5,0.801782646545665,512,16,standardize,0.9473676985260375,0.9701092449872284,1.4551317227842241e-05,12.53537504132379,11.723665953926115,0.634765625,0.9738163173501487,0.9728402386026139,"onorbit_null_ratio is what a point known to be on the orbit scores: the distance from a held-out angle sample to the nearest sample of the interleaved half-grid, in units of that half-grid's spacing. mirror_over_spacing is the same quantity for the mirrored embedding. mirror_over_null near 1 means the mirror is indistinguishable from a genuine orbit point, so reflection is absorbed by rotation and no chirality is encoded; a value well above 1 means the mirror lies off the orbit and the encoder carries handedness. reencode_noise is the pipeline's own floor and is far below both."
8507,12.68750614425043,15.605956138615348,1.402156024720483e-05,20.331101094023154,0.812991272790809,904856.9432049945,0.6240442209979589,202.5,1.3684061762136592,512,16,standardize,0.9473676985260375,0.9701092449872284,1.4551317227842241e-05,12.53537504132379,11.723665953926115,0.634765625,0.9738163173501487,0.9728402386026139,"onorbit_null_ratio is what a point known to be on the orbit scores: the distance from a held-out angle sample to the nearest sample of the interleaved half-grid, in units of that half-grid's spacing. mirror_over_spacing is the same quantity for the mirrored embedding. mirror_over_null near 1 means the mirror is indistinguishable from a genuine orbit point, so reflection is absorbed by rotation and no chirality is encoded; a value well above 1 means the mirror lies off the orbit and the encoder carries handedness. reencode_noise is the pipeline's own floor and is far below both."
8531,15.125941132020886,15.086723822218879,1.2628326645997941e-05,15.725337433390756,1.0025994583227043,1197778.7363311881,0.9618834060694222,67.5,0.9529224690684293,512,16,standardize,0.9473676985260375,0.9701092449872284,1.4551317227842241e-05,12.53537504132379,11.723665953926115,0.634765625,0.9738163173501487,0.9728402386026139,"onorbit_null_ratio is what a point known to be on the orbit scores: the distance from a held-out angle sample to the nearest sample of the interleaved half-grid, in units of that half-grid's spacing. mirror_over_spacing is the same quantity for the mirrored embedding. mirror_over_null near 1 means the mirror is indistinguishable from a genuine orbit point, so reflection is absorbed by rotation and no chirality is encoded; a value well above 1 means the mirror lies off the orbit and the encoder carries handedness. reencode_noise is the pipeline's own floor and is far below both."
8584,10.846758189579607,10.578418361653952,1.4635685928055091e-05,12.704178286477466,1.0253667248497533,741117.1736602722,0.8537945505003713,337.5,0.9345962142185319,512,16,standardize,0.9473676985260375,0.9701092449872284,1.4551317227842241e-05,12.53537504132379,11.723665953926115,0.634765625,0.9738163173501487,0.9728402386026139,"onorbit_null_ratio is what a point known to be on the orbit scores: the distance from a held-out angle sample to the nearest sample of the interleaved half-grid, in units of that half-grid's spacing. mirror_over_spacing is the same quantity for the mirrored embedding. mirror_over_null near 1 means the mirror is indistinguishable from a genuine orbit point, so reflection is absorbed by rotation and no chirality is encoded; a value well above 1 means the mirror lies off the orbit and the encoder carries handedness. reencode_noise is the pipeline's own floor and is far below both."
8656,12.715597829855371,13.36523601330511,9.772937076934817e-06,22.1389731418965,0.9513934372125548,1301103.0082108632,0.574353550562468,270.0,1.7396052170767438,512,16,standardize,0.9473676985260375,0.9701092449872284,1.4551317227842241e-05,12.53537504132379,11.723665953926115,0.634765625,0.9738163173501487,0.9728402386026139,"onorbit_null_ratio is what a point known to be on the orbit scores: the distance from a held-out angle sample to the nearest sample of the interleaved half-grid, in units of that half-grid's spacing. mirror_over_spacing is the same quantity for the mirrored embedding. mirror_over_null near 1 means the mirror is indistinguishable from a genuine orbit point, so reflection is absorbed by rotation and no chirality is encoded; a value well above 1 means the mirror lies off the orbit and the encoder carries handedness. reencode_noise is the pipeline's own floor and is far below both."
8660,11.457203091054705,13.18734829884363,1.3695201579373092e-05,15.893217249197004,0.8688026456432763,836585.2101301576,0.7208863322895541,270.0,1.2834886736272857,512,16,standardize,0.9473676985260375,0.9701092449872284,1.4551317227842241e-05,12.53537504132379,11.723665953926115,0.634765625,0.9738163173501487,0.9728402386026139,"onorbit_null_ratio is what a point known to be on the orbit scores: the distance from a held-out angle sample to the nearest sample of the interleaved half-grid, in units of that half-grid's spacing. mirror_over_spacing is the same quantity for the mirrored embedding. mirror_over_null near 1 means the mirror is indistinguishable from a genuine orbit point, so reflection is absorbed by rotation and no chirality is encoded; a value well above 1 means the mirror lies off the orbit and the encoder carries handedness. reencode_noise is the pipeline's own floor and is far below both."
8695,16.17040360418374,17.2685161935055,1.978133333793812e-05,20.545846120711644,0.9364095573113138,817457.7177348774,0.7870400425068329,270.0,0.8054133481295068,512,16,standardize,0.9473676985260375,0.9701092449872284,1.4551317227842241e-05,12.53537504132379,11.723665953926115,0.634765625,0.9738163173501487,0.9728402386026139,"onorbit_null_ratio is what a point known to be on the orbit scores: the distance from a held-out angle sample to the nearest sample of the interleaved half-grid, in units of that half-grid's spacing. mirror_over_spacing is the same quantity for the mirrored embedding. mirror_over_null near 1 means the mirror is indistinguishable from a genuine orbit point, so reflection is absorbed by rotation and no chirality is encoded; a value well above 1 means the mirror lies off the orbit and the encoder carries handedness. reencode_noise is the pipeline's own floor and is far below both."
8701,18.495885556411224,15.656707554250005,1.8669022816873872e-05,21.077264087210406,1.1813394030848157,990725.9602090068,0.8775278176466199,202.5,1.09008910410266,512,16,standardize,0.9473676985260375,0.9701092449872284,1.4551317227842241e-05,12.53537504132379,11.723665953926115,0.634765625,0.9738163173501487,0.9728402386026139,"onorbit_null_ratio is what a point known to be on the orbit scores: the distance from a held-out angle sample to the nearest sample of the interleaved half-grid, in units of that half-grid's spacing. mirror_over_spacing is the same quantity for the mirrored embedding. mirror_over_null near 1 means the mirror is indistinguishable from a genuine orbit point, so reflection is absorbed by rotation and no chirality is encoded; a value well above 1 means the mirror lies off the orbit and the encoder carries handedness. reencode_noise is the pipeline's own floor and is far below both."
8724,10.026376213667286,14.315832553066873,1.4161493157240666e-05,16.30113105988127,0.700369760298666,708002.7580665725,0.6150724251486579,22.5,1.2497938290613202,512,16,standardize,0.9473676985260375,0.9701092449872284,1.4551317227842241e-05,12.53537504132379,11.723665953926115,0.634765625,0.9738163173501487,0.9728402386026139,"onorbit_null_ratio is what a point known to be on the orbit scores: the distance from a held-out angle sample to the nearest sample of the interleaved half-grid, in units of that half-grid's spacing. mirror_over_spacing is the same quantity for the mirrored embedding. mirror_over_null near 1 means the mirror is indistinguishable from a genuine orbit point, so reflection is absorbed by rotation and no chirality is encoded; a value well above 1 means the mirror lies off the orbit and the encoder carries handedness. reencode_noise is the pipeline's own floor and is far below both."
8790,11.248384149574022,12.689345120255728,1.8214763167004247e-05,16.192442244255652,0.8864432358781439,617542.1577783833,0.6946687831209922,225.0,0.9739302631054271,512,16,standardize,0.9473676985260375,0.9701092449872284,1.4551317227842241e-05,12.53537504132379,11.723665953926115,0.634765625,0.9738163173501487,0.9728402386026139,"onorbit_null_ratio is what a point known to be on the orbit scores: the distance from a held-out angle sample to the nearest sample of the interleaved half-grid, in units of that half-grid's spacing. mirror_over_spacing is the same quantity for the mirrored embedding. mirror_over_null near 1 means the mirror is indistinguishable from a genuine orbit point, so reflection is absorbed by rotation and no chirality is encoded; a value well above 1 means the mirror lies off the orbit and the encoder carries handedness. reencode_noise is the pipeline's own floor and is far below both."
8795,14.0918047142232,15.059684207461155,3.110887399868303e-05,16.855373595995253,0.9357304256912353,452983.4385783222,0.8360422647393195,90.0,0.947140090443034,512,16,standardize,0.9473676985260375,0.9701092449872284,1.4551317227842241e-05,12.53537504132379,11.723665953926115,0.634765625,0.9738163173501487,0.9728402386026139,"onorbit_null_ratio is what a point known to be on the orbit scores: the distance from a held-out angle sample to the nearest sample of the interleaved half-grid, in units of that half-grid's spacing. mirror_over_spacing is the same quantity for the mirrored embedding. mirror_over_null near 1 means the mirror is indistinguishable from a genuine orbit point, so reflection is absorbed by rotation and no chirality is encoded; a value well above 1 means the mirror lies off the orbit and the encoder carries handedness. reencode_noise is the pipeline's own floor and is far below both."
8848,7.672051727356455,9.986025559246533,1.1823628183077698e-05,13.37450971255851,0.7682787993920703,648874.5762774328,0.5736323717461199,202.5,0.9974376844299718,512,16,standardize,0.9473676985260375,0.9701092449872284,1.4551317227842241e-05,12.53537504132379,11.723665953926115,0.634765625,0.9738163173501487,0.9728402386026139,"onorbit_null_ratio is what a point known to be on the orbit scores: the distance from a held-out angle sample to the nearest sample of the interleaved half-grid, in units of that half-grid's spacing. mirror_over_spacing is the same quantity for the mirrored embedding. mirror_over_null near 1 means the mirror is indistinguishable from a genuine orbit point, so reflection is absorbed by rotation and no chirality is encoded; a value well above 1 means the mirror lies off the orbit and the encoder carries handedness. reencode_noise is the pipeline's own floor and is far below both."
8855,12.928996988665022,11.33763713763591,1.0334883590640977e-05,14.870159339299938,1.1403608028472267,1251005.5749803714,0.8694592097944323,292.5,0.7731356662569487,512,16,standardize,0.9473676985260375,0.9701092449872284,1.4551317227842241e-05,12.53537504132379,11.723665953926115,0.634765625,0.9738163173501487,0.9728402386026139,"onorbit_null_ratio is what a point known to be on the orbit scores: the distance from a held-out angle sample to the nearest sample of the interleaved half-grid, in units of that half-grid's spacing. mirror_over_spacing is the same quantity for the mirrored embedding. mirror_over_null near 1 means the mirror is indistinguishable from a genuine orbit point, so reflection is absorbed by rotation and no chirality is encoded; a value well above 1 means the mirror lies off the orbit and the encoder carries handedness. reencode_noise is the pipeline's own floor and is far below both."
8865,11.037904086460038,12.154000596588999,1.2855913908790701e-05,15.968109564148397,0.9081704413901222,858585.7189750212,0.6912467654431895,67.5,0.863224276837901,512,16,standardize,0.9473676985260375,0.9701092449872284,1.4551317227842241e-05,12.53537504132379,11.723665953926115,0.634765625,0.9738163173501487,0.9728402386026139,"onorbit_null_ratio is what a point known to be on the orbit scores: the distance from a held-out angle sample to the nearest sample of the interleaved half-grid, in units of that half-grid's spacing. mirror_over_spacing is the same quantity for the mirrored embedding. mirror_over_null near 1 means the mirror is indistinguishable from a genuine orbit point, so reflection is absorbed by rotation and no chirality is encoded; a value well above 1 means the mirror lies off the orbit and the encoder carries handedness. reencode_noise is the pipeline's own floor and is far below both."
8871,16.78439989686267,16.147820549600176,1.176234457864318e-05,18.811273890487392,1.0394219978669663,1426960.3976181762,0.8922521672150185,0.0,1.2744200594878903,512,16,standardize,0.9473676985260375,0.9701092449872284,1.4551317227842241e-05,12.53537504132379,11.723665953926115,0.634765625,0.9738163173501487,0.9728402386026139,"onorbit_null_ratio is what a point known to be on the orbit scores: the distance from a held-out angle sample to the nearest sample of the interleaved half-grid, in units of that half-grid's spacing. mirror_over_spacing is the same quantity for the mirrored embedding. mirror_over_null near 1 means the mirror is indistinguishable from a genuine orbit point, so reflection is absorbed by rotation and no chirality is encoded; a value well above 1 means the mirror lies off the orbit and the encoder carries handedness. reencode_noise is the pipeline's own floor and is far below both."
8900,16.116921483250632,14.652369103699868,1.157776081803046e-05,16.935992973853335,1.0999532819017608,1392058.5972160676,0.9516372324984294,135.0,0.864962824441304,512,16,standardize,0.9473676985260375,0.9701092449872284,1.4551317227842241e-05,12.53537504132379,11.723665953926115,0.634765625,0.9738163173501487,0.9728402386026139,"onorbit_null_ratio is what a point known to be on the orbit scores: the distance from a held-out angle sample to the nearest sample of the interleaved half-grid, in units of that half-grid's spacing. mirror_over_spacing is the same quantity for the mirrored embedding. mirror_over_null near 1 means the mirror is indistinguishable from a genuine orbit point, so reflection is absorbed by rotation and no chirality is encoded; a value well above 1 means the mirror lies off the orbit and the encoder carries handedness. reencode_noise is the pipeline's own floor and is far below both."
8908,10.158158822948042,11.734256105913378,2.4813288296705862e-05,12.539657448803522,0.865684090347144,409383.8229533088,0.8100826409669818,0.0,0.7955172735524361,512,16,standardize,0.9473676985260375,0.9701092449872284,1.4551317227842241e-05,12.53537504132379,11.723665953926115,0.634765625,0.9738163173501487,0.9728402386026139,"onorbit_null_ratio is what a point known to be on the orbit scores: the distance from a held-out angle sample to the nearest sample of the interleaved half-grid, in units of that half-grid's spacing. mirror_over_spacing is the same quantity for the mirrored embedding. mirror_over_null near 1 means the mirror is indistinguishable from a genuine orbit point, so reflection is absorbed by rotation and no chirality is encoded; a value well above 1 means the mirror lies off the orbit and the encoder carries handedness. reencode_noise is the pipeline's own floor and is far below both."
8915,13.339054714426176,15.358217727308709,1.3891121614276044e-05,17.573237552948832,0.868528819636915,960257.5720536128,0.7590550502851338,45.0,1.1282406839527646,512,16,standardize,0.9473676985260375,0.9701092449872284,1.4551317227842241e-05,12.53537504132379,11.723665953926115,0.634765625,0.9738163173501487,0.9728402386026139,"onorbit_null_ratio is what a point known to be on the orbit scores: the distance from a held-out angle sample to the nearest sample of the interleaved half-grid, in units of that half-grid's spacing. mirror_over_spacing is the same quantity for the mirrored embedding. mirror_over_null near 1 means the mirror is indistinguishable from a genuine orbit point, so reflection is absorbed by rotation and no chirality is encoded; a value well above 1 means the mirror lies off the orbit and the encoder carries handedness. reencode_noise is the pipeline's own floor and is far below both."
8921,10.681578725726508,10.926530867601954,1.4785942540727678e-05,16.25072867266185,0.9775818926570968,722414.4620002577,0.6572984474041359,67.5,0.8471317938509232,512,16,standardize,0.9473676985260375,0.9701092449872284,1.4551317227842241e-05,12.53537504132379,11.723665953926115,0.634765625,0.9738163173501487,0.9728402386026139,"onorbit_null_ratio is what a point known to be on the orbit scores: the distance from a held-out angle sample to the nearest sample of the interleaved half-grid, in units of that half-grid's spacing. mirror_over_spacing is the same quantity for the mirrored embedding. mirror_over_null near 1 means the mirror is indistinguishable from a genuine orbit point, so reflection is absorbed by rotation and no chirality is encoded; a value well above 1 means the mirror lies off the orbit and the encoder carries handedness. reencode_noise is the pipeline's own floor and is far below both."
8932,13.822784127323976,10.341412139457937,0.25690307291437453,11.300518920078098,1.33664377175171,53.80544487270922,1.223199060599285,202.5,0.912410901039207,512,16,standardize,0.9473676985260375,0.9701092449872284,1.4551317227842241e-05,12.53537504132379,11.723665953926115,0.634765625,0.9738163173501487,0.9728402386026139,"onorbit_null_ratio is what a point known to be on the orbit scores: the distance from a held-out angle sample to the nearest sample of the interleaved half-grid, in units of that half-grid's spacing. mirror_over_spacing is the same quantity for the mirrored embedding. mirror_over_null near 1 means the mirror is indistinguishable from a genuine orbit point, so reflection is absorbed by rotation and no chirality is encoded; a value well above 1 means the mirror lies off the orbit and the encoder carries handedness. reencode_noise is the pipeline's own floor and is far below both."
8957,8.108671667747982,9.87697790217618,1.1436548187973019e-05,9.349016944402852,0.8209668734766948,709013.9030127359,0.8673288021584505,315.0,0.9195259894136483,512,16,standardize,0.9473676985260375,0.9701092449872284,1.4551317227842241e-05,12.53537504132379,11.723665953926115,0.634765625,0.9738163173501487,0.9728402386026139,"onorbit_null_ratio is what a point known to be on the orbit scores: the distance from a held-out angle sample to the nearest sample of the interleaved half-grid, in units of that half-grid's spacing. mirror_over_spacing is the same quantity for the mirrored embedding. mirror_over_null near 1 means the mirror is indistinguishable from a genuine orbit point, so reflection is absorbed by rotation and no chirality is encoded; a value well above 1 means the mirror lies off the orbit and the encoder carries handedness. reencode_noise is the pipeline's own floor and is far below both."
8958,10.229750698060213,12.39203248487941,1.2739903437441781e-05,12.772472452934927,0.8255103196785851,802969.2492013412,0.8009217272345391,67.5,0.7180124395985434,512,16,standardize,0.9473676985260375,0.9701092449872284,1.4551317227842241e-05,12.53537504132379,11.723665953926115,0.634765625,0.9738163173501487,0.9728402386026139,"onorbit_null_ratio is what a point known to be on the orbit scores: the distance from a held-out angle sample to the nearest sample of the interleaved half-grid, in units of that half-grid's spacing. mirror_over_spacing is the same quantity for the mirrored embedding. mirror_over_null near 1 means the mirror is indistinguishable from a genuine orbit point, so reflection is absorbed by rotation and no chirality is encoded; a value well above 1 means the mirror lies off the orbit and the encoder carries handedness. reencode_noise is the pipeline's own floor and is far below both."
8982,11.658976581953901,11.984884497728657,1.188854417162538e-05,15.615934614327383,0.9728067537207787,980690.0166784598,0.7466076715803464,315.0,1.1345235537314455,512,16,standardize,0.9473676985260375,0.9701092449872284,1.4551317227842241e-05,12.53537504132379,11.723665953926115,0.634765625,0.9738163173501487,0.9728402386026139,"onorbit_null_ratio is what a point known to be on the orbit scores: the distance from a held-out angle sample to the nearest sample of the interleaved half-grid, in units of that half-grid's spacing. mirror_over_spacing is the same quantity for the mirrored embedding. mirror_over_null near 1 means the mirror is indistinguishable from a genuine orbit point, so reflection is absorbed by rotation and no chirality is encoded; a value well above 1 means the mirror lies off the orbit and the encoder carries handedness. reencode_noise is the pipeline's own floor and is far below both."
8998,13.891695407267644,13.47052367671833,1.3773424469204646e-05,15.150422935690571,1.0312661735101838,1008586.894154568,0.9169179940542991,292.5,0.8467992693405519,512,16,standardize,0.9473676985260375,0.9701092449872284,1.4551317227842241e-05,12.53537504132379,11.723665953926115,0.634765625,0.9738163173501487,0.9728402386026139,"onorbit_null_ratio is what a point known to be on the orbit scores: the distance from a held-out angle sample to the nearest sample of the interleaved half-grid, in units of that half-grid's spacing. mirror_over_spacing is the same quantity for the mirrored embedding. mirror_over_null near 1 means the mirror is indistinguishable from a genuine orbit point, so reflection is absorbed by rotation and no chirality is encoded; a value well above 1 means the mirror lies off the orbit and the encoder carries handedness. reencode_noise is the pipeline's own floor and is far below both."
9004,19.109708328758487,17.259628036599274,1.4487550872565109e-05,24.33326007437841,1.1071912029758748,1319043.39780068,0.7853328436200772,45.0,1.2902498973188,512,16,standardize,0.9473676985260375,0.9701092449872284,1.4551317227842241e-05,12.53537504132379,11.723665953926115,0.634765625,0.9738163173501487,0.9728402386026139,"onorbit_null_ratio is what a point known to be on the orbit scores: the distance from a held-out angle sample to the nearest sample of the interleaved half-grid, in units of that half-grid's spacing. mirror_over_spacing is the same quantity for the mirrored embedding. mirror_over_null near 1 means the mirror is indistinguishable from a genuine orbit point, so reflection is absorbed by rotation and no chirality is encoded; a value well above 1 means the mirror lies off the orbit and the encoder carries handedness. reencode_noise is the pipeline's own floor and is far below both."
9068,11.26879549603328,15.996917051731822,1.554916563705354e-05,20.37098730344418,0.7044354521306543,724720.2685383855,0.5531786617984898,135.0,1.4850339152014755,512,16,standardize,0.9473676985260375,0.9701092449872284,1.4551317227842241e-05,12.53537504132379,11.723665953926115,0.634765625,0.9738163173501487,0.9728402386026139,"onorbit_null_ratio is what a point known to be on the orbit scores: the distance from a held-out angle sample to the nearest sample of the interleaved half-grid, in units of that half-grid's spacing. mirror_over_spacing is the same quantity for the mirrored embedding. mirror_over_null near 1 means the mirror is indistinguishable from a genuine orbit point, so reflection is absorbed by rotation and no chirality is encoded; a value well above 1 means the mirror lies off the orbit and the encoder carries handedness. reencode_noise is the pipeline's own floor and is far below both."
9070,13.917708732521158,13.231896115130427,1.3205124752829032e-05,17.154975997951322,1.0518302601096239,1053962.6844145842,0.8112928128948262,112.5,0.891591652797809,512,16,standardize,0.9473676985260375,0.9701092449872284,1.4551317227842241e-05,12.53537504132379,11.723665953926115,0.634765625,0.9738163173501487,0.9728402386026139,"onorbit_null_ratio is what a point known to be on the orbit scores: the distance from a held-out angle sample to the nearest sample of the interleaved half-grid, in units of that half-grid's spacing. mirror_over_spacing is the same quantity for the mirrored embedding. mirror_over_null near 1 means the mirror is indistinguishable from a genuine orbit point, so reflection is absorbed by rotation and no chirality is encoded; a value well above 1 means the mirror lies off the orbit and the encoder carries handedness. reencode_noise is the pipeline's own floor and is far below both."
9074,11.723280696048318,10.454716908728685,1.4878566690245843e-05,11.574344092085742,1.1213388940508284,787930.782589019,1.012867822381781,157.5,0.8523374530205158,512,16,standardize,0.9473676985260375,0.9701092449872284,1.4551317227842241e-05,12.53537504132379,11.723665953926115,0.634765625,0.9738163173501487,0.9728402386026139,"onorbit_null_ratio is what a point known to be on the orbit scores: the distance from a held-out angle sample to the nearest sample of the interleaved half-grid, in units of that half-grid's spacing. mirror_over_spacing is the same quantity for the mirrored embedding. mirror_over_null near 1 means the mirror is indistinguishable from a genuine orbit point, so reflection is absorbed by rotation and no chirality is encoded; a value well above 1 means the mirror lies off the orbit and the encoder carries handedness. reencode_noise is the pipeline's own floor and is far below both."
9082,8.643446627886533,8.473140419328587,1.8835620107726373e-05,11.854319790673035,1.0200995380850115,458888.3497571174,0.7291389789135929,270.0,0.8263710906288806,512,16,standardize,0.9473676985260375,0.9701092449872284,1.4551317227842241e-05,12.53537504132379,11.723665953926115,0.634765625,0.9738163173501487,0.9728402386026139,"onorbit_null_ratio is what a point known to be on the orbit scores: the distance from a held-out angle sample to the nearest sample of the interleaved half-grid, in units of that half-grid's spacing. mirror_over_spacing is the same quantity for the mirrored embedding. mirror_over_null near 1 means the mirror is indistinguishable from a genuine orbit point, so reflection is absorbed by rotation and no chirality is encoded; a value well above 1 means the mirror lies off the orbit and the encoder carries handedness. reencode_noise is the pipeline's own floor and is far below both."
9091,17.708892966843337,14.67166761610369,2.168625741926848e-05,17.285528793856532,1.2070129606402733,816595.1655221425,1.0244924050652864,22.5,0.8538274902648566,512,16,standardize,0.9473676985260375,0.9701092449872284,1.4551317227842241e-05,12.53537504132379,11.723665953926115,0.634765625,0.9738163173501487,0.9728402386026139,"onorbit_null_ratio is what a point known to be on the orbit scores: the distance from a held-out angle sample to the nearest sample of the interleaved half-grid, in units of that half-grid's spacing. mirror_over_spacing is the same quantity for the mirrored embedding. mirror_over_null near 1 means the mirror is indistinguishable from a genuine orbit point, so reflection is absorbed by rotation and no chirality is encoded; a value well above 1 means the mirror lies off the orbit and the encoder carries handedness. reencode_noise is the pipeline's own floor and is far below both."
9102,18.681569167807446,16.42040795064311,1.6213745951240233e-05,18.13365309643858,1.1377043264674662,1152205.6176277045,1.0302154269994543,0.0,0.9543753072888479,512,16,standardize,0.9473676985260375,0.9701092449872284,1.4551317227842241e-05,12.53537504132379,11.723665953926115,0.634765625,0.9738163173501487,0.9728402386026139,"onorbit_null_ratio is what a point known to be on the orbit scores: the distance from a held-out angle sample to the nearest sample of the interleaved half-grid, in units of that half-grid's spacing. mirror_over_spacing is the same quantity for the mirrored embedding. mirror_over_null near 1 means the mirror is indistinguishable from a genuine orbit point, so reflection is absorbed by rotation and no chirality is encoded; a value well above 1 means the mirror lies off the orbit and the encoder carries handedness. reencode_noise is the pipeline's own floor and is far below both."
9117,12.140533436966951,12.477716555129236,1.0861792052182364e-05,15.86621519844887,0.9729771776211987,1117728.3986510918,0.7651814427774714,90.0,1.020733945982633,512,16,standardize,0.9473676985260375,0.9701092449872284,1.4551317227842241e-05,12.53537504132379,11.723665953926115,0.634765625,0.9738163173501487,0.9728402386026139,"onorbit_null_ratio is what a point known to be on the orbit scores: the distance from a held-out angle sample to the nearest sample of the interleaved half-grid, in units of that half-grid's spacing. mirror_over_spacing is the same quantity for the mirrored embedding. mirror_over_null near 1 means the mirror is indistinguishable from a genuine orbit point, so reflection is absorbed by rotation and no chirality is encoded; a value well above 1 means the mirror lies off the orbit and the encoder carries handedness. reencode_noise is the pipeline's own floor and is far below both."
9127,15.997069160293053,13.731579891366724,0.35200977452347093,24.51631505131577,1.1649838756245872,45.44495726560121,0.6525070805628476,0.0,2.1252543787370883,512,16,standardize,0.9473676985260375,0.9701092449872284,1.4551317227842241e-05,12.53537504132379,11.723665953926115,0.634765625,0.9738163173501487,0.9728402386026139,"onorbit_null_ratio is what a point known to be on the orbit scores: the distance from a held-out angle sample to the nearest sample of the interleaved half-grid, in units of that half-grid's spacing. mirror_over_spacing is the same quantity for the mirrored embedding. mirror_over_null near 1 means the mirror is indistinguishable from a genuine orbit point, so reflection is absorbed by rotation and no chirality is encoded; a value well above 1 means the mirror lies off the orbit and the encoder carries handedness. reencode_noise is the pipeline's own floor and is far below both."
9165,12.29000677092971,11.874004435240176,1.0712859397317248e-05,14.614220609770587,1.0350347128433695,1147220.0198956607,0.8409621764374499,90.0,1.2537353663894473,512,16,standardize,0.9473676985260375,0.9701092449872284,1.4551317227842241e-05,12.53537504132379,11.723665953926115,0.634765625,0.9738163173501487,0.9728402386026139,"onorbit_null_ratio is what a point known to be on the orbit scores: the distance from a held-out angle sample to the nearest sample of the interleaved half-grid, in units of that half-grid's spacing. mirror_over_spacing is the same quantity for the mirrored embedding. mirror_over_null near 1 means the mirror is indistinguishable from a genuine orbit point, so reflection is absorbed by rotation and no chirality is encoded; a value well above 1 means the mirror lies off the orbit and the encoder carries handedness. reencode_noise is the pipeline's own floor and is far below both."
9184,11.047746716745008,11.799089559717999,1.3572070239113159e-05,12.265607644867536,0.9363219645744474,814006.0080817046,0.9007092870256506,157.5,0.992957487113714,512,16,standardize,0.9473676985260375,0.9701092449872284,1.4551317227842241e-05,12.53537504132379,11.723665953926115,0.634765625,0.9738163173501487,0.9728402386026139,"onorbit_null_ratio is what a point known to be on the orbit scores: the distance from a held-out angle sample to the nearest sample of the interleaved half-grid, in units of that half-grid's spacing. mirror_over_spacing is the same quantity for the mirrored embedding. mirror_over_null near 1 means the mirror is indistinguishable from a genuine orbit point, so reflection is absorbed by rotation and no chirality is encoded; a value well above 1 means the mirror lies off the orbit and the encoder carries handedness. reencode_noise is the pipeline's own floor and is far below both."
9254,12.699702629701358,17.05438583344218,1.3476557032034896e-05,20.630476523818174,0.7446590427664851,942355.1282061961,0.6155797038928972,135.0,1.3146018011993226,512,16,standardize,0.9473676985260375,0.9701092449872284,1.4551317227842241e-05,12.53537504132379,11.723665953926115,0.634765625,0.9738163173501487,0.9728402386026139,"onorbit_null_ratio is what a point known to be on the orbit scores: the distance from a held-out angle sample to the nearest sample of the interleaved half-grid, in units of that half-grid's spacing. mirror_over_spacing is the same quantity for the mirrored embedding. mirror_over_null near 1 means the mirror is indistinguishable from a genuine orbit point, so reflection is absorbed by rotation and no chirality is encoded; a value well above 1 means the mirror lies off the orbit and the encoder carries handedness. reencode_noise is the pipeline's own floor and is far below both."
9264,10.285342988615595,13.836270784883613,1.0540296841904897e-05,15.847001116864936,0.7433609206212216,975811.5110880288,0.6490403397315073,225.0,1.3179615419657988,512,16,standardize,0.9473676985260375,0.9701092449872284,1.4551317227842241e-05,12.53537504132379,11.723665953926115,0.634765625,0.9738163173501487,0.9728402386026139,"onorbit_null_ratio is what a point known to be on the orbit scores: the distance from a held-out angle sample to the nearest sample of the interleaved half-grid, in units of that half-grid's spacing. mirror_over_spacing is the same quantity for the mirrored embedding. mirror_over_null near 1 means the mirror is indistinguishable from a genuine orbit point, so reflection is absorbed by rotation and no chirality is encoded; a value well above 1 means the mirror lies off the orbit and the encoder carries handedness. reencode_noise is the pipeline's own floor and is far below both."
9270,9.597108991953206,13.436204767253942,1.3007443086441111e-05,14.376960486435646,0.7142723081552619,737816.7198715004,0.6675339339638495,180.0,0.8311283970735271,512,16,standardize,0.9473676985260375,0.9701092449872284,1.4551317227842241e-05,12.53537504132379,11.723665953926115,0.634765625,0.9738163173501487,0.9728402386026139,"onorbit_null_ratio is what a point known to be on the orbit scores: the distance from a held-out angle sample to the nearest sample of the interleaved half-grid, in units of that half-grid's spacing. mirror_over_spacing is the same quantity for the mirrored embedding. mirror_over_null near 1 means the mirror is indistinguishable from a genuine orbit point, so reflection is absorbed by rotation and no chirality is encoded; a value well above 1 means the mirror lies off the orbit and the encoder carries handedness. reencode_noise is the pipeline's own floor and is far below both."
9275,13.334568005764853,14.504247744188733,2.5737732566558926e-05,14.7075754011406,0.9193560563047798,518094.12392024294,0.9066462446781495,0.0,0.9768044108976426,512,16,standardize,0.9473676985260375,0.9701092449872284,1.4551317227842241e-05,12.53537504132379,11.723665953926115,0.634765625,0.9738163173501487,0.9728402386026139,"onorbit_null_ratio is what a point known to be on the orbit scores: the distance from a held-out angle sample to the nearest sample of the interleaved half-grid, in units of that half-grid's spacing. mirror_over_spacing is the same quantity for the mirrored embedding. mirror_over_null near 1 means the mirror is indistinguishable from a genuine orbit point, so reflection is absorbed by rotation and no chirality is encoded; a value well above 1 means the mirror lies off the orbit and the encoder carries handedness. reencode_noise is the pipeline's own floor and is far below both."
9282,17.123205996328487,18.300518834607665,1.2196728963780916e-05,23.205385616451803,0.9356677890436205,1403917.8903767648,0.7378979293577753,45.0,0.9226132251159593,512,16,standardize,0.9473676985260375,0.9701092449872284,1.4551317227842241e-05,12.53537504132379,11.723665953926115,0.634765625,0.9738163173501487,0.9728402386026139,"onorbit_null_ratio is what a point known to be on the orbit scores: the distance from a held-out angle sample to the nearest sample of the interleaved half-grid, in units of that half-grid's spacing. mirror_over_spacing is the same quantity for the mirrored embedding. mirror_over_null near 1 means the mirror is indistinguishable from a genuine orbit point, so reflection is absorbed by rotation and no chirality is encoded; a value well above 1 means the mirror lies off the orbit and the encoder carries handedness. reencode_noise is the pipeline's own floor and is far below both."
9311,11.876910215163477,15.619100361019013,1.1945812982486412,21.44925830315796,0.7604093667779346,9.942320570877886,0.5537212544740928,90.0,1.2905713596076842,512,16,standardize,0.9473676985260375,0.9701092449872284,1.4551317227842241e-05,12.53537504132379,11.723665953926115,0.634765625,0.9738163173501487,0.9728402386026139,"onorbit_null_ratio is what a point known to be on the orbit scores: the distance from a held-out angle sample to the nearest sample of the interleaved half-grid, in units of that half-grid's spacing. mirror_over_spacing is the same quantity for the mirrored embedding. mirror_over_null near 1 means the mirror is indistinguishable from a genuine orbit point, so reflection is absorbed by rotation and no chirality is encoded; a value well above 1 means the mirror lies off the orbit and the encoder carries handedness. reencode_noise is the pipeline's own floor and is far below both."
9331,8.539656409506733,10.63940799180299,1.2546117998214147e-05,9.84513040869098,0.8026439456110729,680661.2540008228,0.8673990140311585,270.0,0.886756774302564,512,16,standardize,0.9473676985260375,0.9701092449872284,1.4551317227842241e-05,12.53537504132379,11.723665953926115,0.634765625,0.9738163173501487,0.9728402386026139,"onorbit_null_ratio is what a point known to be on the orbit scores: the distance from a held-out angle sample to the nearest sample of the interleaved half-grid, in units of that half-grid's spacing. mirror_over_spacing is the same quantity for the mirrored embedding. mirror_over_null near 1 means the mirror is indistinguishable from a genuine orbit point, so reflection is absorbed by rotation and no chirality is encoded; a value well above 1 means the mirror lies off the orbit and the encoder carries handedness. reencode_noise is the pipeline's own floor and is far below both."
9339,12.82559149405407,14.712946277393518,1.2379734677371037e-05,17.217535927118405,0.8717214929113569,1036015.0543046787,0.7449144609510109,180.0,0.7763000761487532,512,16,standardize,0.9473676985260375,0.9701092449872284,1.4551317227842241e-05,12.53537504132379,11.723665953926115,0.634765625,0.9738163173501487,0.9728402386026139,"onorbit_null_ratio is what a point known to be on the orbit scores: the distance from a held-out angle sample to the nearest sample of the interleaved half-grid, in units of that half-grid's spacing. mirror_over_spacing is the same quantity for the mirrored embedding. mirror_over_null near 1 means the mirror is indistinguishable from a genuine orbit point, so reflection is absorbed by rotation and no chirality is encoded; a value well above 1 means the mirror lies off the orbit and the encoder carries handedness. reencode_noise is the pipeline's own floor and is far below both."
9343,15.10005832952489,10.79607169927006,9.628860776331057e-06,13.776120014160368,1.398662286630222,1568208.1899701697,1.0961038604486355,67.5,1.0573157837071026,512,16,standardize,0.9473676985260375,0.9701092449872284,1.4551317227842241e-05,12.53537504132379,11.723665953926115,0.634765625,0.9738163173501487,0.9728402386026139,"onorbit_null_ratio is what a point known to be on the orbit scores: the distance from a held-out angle sample to the nearest sample of the interleaved half-grid, in units of that half-grid's spacing. mirror_over_spacing is the same quantity for the mirrored embedding. mirror_over_null near 1 means the mirror is indistinguishable from a genuine orbit point, so reflection is absorbed by rotation and no chirality is encoded; a value well above 1 means the mirror lies off the orbit and the encoder carries handedness. reencode_noise is the pipeline's own floor and is far below both."
9366,12.127056421485344,12.515058143447224,1.1379211179078152e-05,13.924339172016802,0.9689972098000172,1065720.3061475987,0.8709250953795074,270.0,0.8114052274958256,512,16,standardize,0.9473676985260375,0.9701092449872284,1.4551317227842241e-05,12.53537504132379,11.723665953926115,0.634765625,0.9738163173501487,0.9728402386026139,"onorbit_null_ratio is what a point known to be on the orbit scores: the distance from a held-out angle sample to the nearest sample of the interleaved half-grid, in units of that half-grid's spacing. mirror_over_spacing is the same quantity for the mirrored embedding. mirror_over_null near 1 means the mirror is indistinguishable from a genuine orbit point, so reflection is absorbed by rotation and no chirality is encoded; a value well above 1 means the mirror lies off the orbit and the encoder carries handedness. reencode_noise is the pipeline's own floor and is far below both."
9369,11.513917850552145,12.499640193647295,1.630668311636229e-05,14.652249037590792,0.921139942604418,706085.8280246437,0.7858123228053822,67.5,0.8514509156025671,512,16,standardize,0.9473676985260375,0.9701092449872284,1.4551317227842241e-05,12.53537504132379,11.723665953926115,0.634765625,0.9738163173501487,0.9728402386026139,"onorbit_null_ratio is what a point known to be on the orbit scores: the distance from a held-out angle sample to the nearest sample of the interleaved half-grid, in units of that half-grid's spacing. mirror_over_spacing is the same quantity for the mirrored embedding. mirror_over_null near 1 means the mirror is indistinguishable from a genuine orbit point, so reflection is absorbed by rotation and no chirality is encoded; a value well above 1 means the mirror lies off the orbit and the encoder carries handedness. reencode_noise is the pipeline's own floor and is far below both."
9370,16.156174217560807,15.847461735637882,0.41303840368025735,17.750455085713305,1.0194802478196676,39.11542867105326,0.9101836623087102,180.0,0.7903204766202796,512,16,standardize,0.9473676985260375,0.9701092449872284,1.4551317227842241e-05,12.53537504132379,11.723665953926115,0.634765625,0.9738163173501487,0.9728402386026139,"onorbit_null_ratio is what a point known to be on the orbit scores: the distance from a held-out angle sample to the nearest sample of the interleaved half-grid, in units of that half-grid's spacing. mirror_over_spacing is the same quantity for the mirrored embedding. mirror_over_null near 1 means the mirror is indistinguishable from a genuine orbit point, so reflection is absorbed by rotation and no chirality is encoded; a value well above 1 means the mirror lies off the orbit and the encoder carries handedness. reencode_noise is the pipeline's own floor and is far below both."
9396,8.521332804957039,9.082472082326843,1.5614453780030282e-05,9.847043952488157,0.9382173407984706,545733.6468506625,0.8653696323558974,315.0,1.0462742765125927,512,16,standardize,0.9473676985260375,0.9701092449872284,1.4551317227842241e-05,12.53537504132379,11.723665953926115,0.634765625,0.9738163173501487,0.9728402386026139,"onorbit_null_ratio is what a point known to be on the orbit scores: the distance from a held-out angle sample to the nearest sample of the interleaved half-grid, in units of that half-grid's spacing. mirror_over_spacing is the same quantity for the mirrored embedding. mirror_over_null near 1 means the mirror is indistinguishable from a genuine orbit point, so reflection is absorbed by rotation and no chirality is encoded; a value well above 1 means the mirror lies off the orbit and the encoder carries handedness. reencode_noise is the pipeline's own floor and is far below both."
9399,11.501697856779751,10.17486700143119,1.1568570328856424e-05,11.10292639344052,1.1304027713740072,994219.4696340421,1.0359158882269832,225.0,0.9896399102668273,512,16,standardize,0.9473676985260375,0.9701092449872284,1.4551317227842241e-05,12.53537504132379,11.723665953926115,0.634765625,0.9738163173501487,0.9728402386026139,"onorbit_null_ratio is what a point known to be on the orbit scores: the distance from a held-out angle sample to the nearest sample of the interleaved half-grid, in units of that half-grid's spacing. mirror_over_spacing is the same quantity for the mirrored embedding. mirror_over_null near 1 means the mirror is indistinguishable from a genuine orbit point, so reflection is absorbed by rotation and no chirality is encoded; a value well above 1 means the mirror lies off the orbit and the encoder carries handedness. reencode_noise is the pipeline's own floor and is far below both."
9437,9.913330352320768,11.565189926868943,2.1415940970703036e-05,14.394946581581703,0.857169697601725,462894.9232668405,0.6886673942232512,202.5,1.0132173347080153,512,16,standardize,0.9473676985260375,0.9701092449872284,1.4551317227842241e-05,12.53537504132379,11.723665953926115,0.634765625,0.9738163173501487,0.9728402386026139,"onorbit_null_ratio is what a point known to be on the orbit scores: the distance from a held-out angle sample to the nearest sample of the interleaved half-grid, in units of that half-grid's spacing. mirror_over_spacing is the same quantity for the mirrored embedding. mirror_over_null near 1 means the mirror is indistinguishable from a genuine orbit point, so reflection is absorbed by rotation and no chirality is encoded; a value well above 1 means the mirror lies off the orbit and the encoder carries handedness. reencode_noise is the pipeline's own floor and is far below both."
9442,16.70267672198875,15.41266377097418,2.2080828572655473e-05,18.879765067363977,1.0836982477645416,756433.4221892862,0.8846866824027068,0.0,0.8820287764106646,512,16,standardize,0.9473676985260375,0.9701092449872284,1.4551317227842241e-05,12.53537504132379,11.723665953926115,0.634765625,0.9738163173501487,0.9728402386026139,"onorbit_null_ratio is what a point known to be on the orbit scores: the distance from a held-out angle sample to the nearest sample of the interleaved half-grid, in units of that half-grid's spacing. mirror_over_spacing is the same quantity for the mirrored embedding. mirror_over_null near 1 means the mirror is indistinguishable from a genuine orbit point, so reflection is absorbed by rotation and no chirality is encoded; a value well above 1 means the mirror lies off the orbit and the encoder carries handedness. reencode_noise is the pipeline's own floor and is far below both."
9482,17.560673479590978,12.740799799721444,0.6359083024647589,16.24860191647676,1.3783022852281936,27.615103327832653,1.0807498128059698,0.0,1.1755533854557352,512,16,standardize,0.9473676985260375,0.9701092449872284,1.4551317227842241e-05,12.53537504132379,11.723665953926115,0.634765625,0.9738163173501487,0.9728402386026139,"onorbit_null_ratio is what a point known to be on the orbit scores: the distance from a held-out angle sample to the nearest sample of the interleaved half-grid, in units of that half-grid's spacing. mirror_over_spacing is the same quantity for the mirrored embedding. mirror_over_null near 1 means the mirror is indistinguishable from a genuine orbit point, so reflection is absorbed by rotation and no chirality is encoded; a value well above 1 means the mirror lies off the orbit and the encoder carries handedness. reencode_noise is the pipeline's own floor and is far below both."
9483,13.857385512334503,14.76653366437149,1.1438698207903936e-05,17.40533443779082,0.9384318505140736,1211447.776702361,0.7961573827761138,202.5,0.778362254139921,512,16,standardize,0.9473676985260375,0.9701092449872284,1.4551317227842241e-05,12.53537504132379,11.723665953926115,0.634765625,0.9738163173501487,0.9728402386026139,"onorbit_null_ratio is what a point known to be on the orbit scores: the distance from a held-out angle sample to the nearest sample of the interleaved half-grid, in units of that half-grid's spacing. mirror_over_spacing is the same quantity for the mirrored embedding. mirror_over_null near 1 means the mirror is indistinguishable from a genuine orbit point, so reflection is absorbed by rotation and no chirality is encoded; a value well above 1 means the mirror lies off the orbit and the encoder carries handedness. reencode_noise is the pipeline's own floor and is far below both."
9517,10.03344509481237,10.317966164054138,1.1068836710042692e-05,10.108360731314447,0.9724246944874674,906458.8590153366,0.9925887452482778,45.0,0.861056975321744,512,16,standardize,0.9473676985260375,0.9701092449872284,1.4551317227842241e-05,12.53537504132379,11.723665953926115,0.634765625,0.9738163173501487,0.9728402386026139,"onorbit_null_ratio is what a point known to be on the orbit scores: the distance from a held-out angle sample to the nearest sample of the interleaved half-grid, in units of that half-grid's spacing. mirror_over_spacing is the same quantity for the mirrored embedding. mirror_over_null near 1 means the mirror is indistinguishable from a genuine orbit point, so reflection is absorbed by rotation and no chirality is encoded; a value well above 1 means the mirror lies off the orbit and the encoder carries handedness. reencode_noise is the pipeline's own floor and is far below both."
9528,10.891169274627227,12.417195941731876,1.4928392039484592e-05,13.093110308176147,0.8771037620517883,729560.775589281,0.8318244495218304,270.0,0.8653513614077675,512,16,standardize,0.9473676985260375,0.9701092449872284,1.4551317227842241e-05,12.53537504132379,11.723665953926115,0.634765625,0.9738163173501487,0.9728402386026139,"onorbit_null_ratio is what a point known to be on the orbit scores: the distance from a held-out angle sample to the nearest sample of the interleaved half-grid, in units of that half-grid's spacing. mirror_over_spacing is the same quantity for the mirrored embedding. mirror_over_null near 1 means the mirror is indistinguishable from a genuine orbit point, so reflection is absorbed by rotation and no chirality is encoded; a value well above 1 means the mirror lies off the orbit and the encoder carries handedness. reencode_noise is the pipeline's own floor and is far below both."
9534,12.127555867644631,10.07846933691409,1.060383604765169e-05,11.6678307119973,1.2033132673456095,1143695.1508063332,1.0394010820858606,67.5,0.9248577490685975,512,16,standardize,0.9473676985260375,0.9701092449872284,1.4551317227842241e-05,12.53537504132379,11.723665953926115,0.634765625,0.9738163173501487,0.9728402386026139,"onorbit_null_ratio is what a point known to be on the orbit scores: the distance from a held-out angle sample to the nearest sample of the interleaved half-grid, in units of that half-grid's spacing. mirror_over_spacing is the same quantity for the mirrored embedding. mirror_over_null near 1 means the mirror is indistinguishable from a genuine orbit point, so reflection is absorbed by rotation and no chirality is encoded; a value well above 1 means the mirror lies off the orbit and the encoder carries handedness. reencode_noise is the pipeline's own floor and is far below both."
9559,15.105670913638269,15.379451636182086,1.4939658153551985e-05,19.510171737579235,0.9821982779997361,1011112.219461783,0.7742459224253111,135.0,1.3525525888598002,512,16,standardize,0.9473676985260375,0.9701092449872284,1.4551317227842241e-05,12.53537504132379,11.723665953926115,0.634765625,0.9738163173501487,0.9728402386026139,"onorbit_null_ratio is what a point known to be on the orbit scores: the distance from a held-out angle sample to the nearest sample of the interleaved half-grid, in units of that half-grid's spacing. mirror_over_spacing is the same quantity for the mirrored embedding. mirror_over_null near 1 means the mirror is indistinguishable from a genuine orbit point, so reflection is absorbed by rotation and no chirality is encoded; a value well above 1 means the mirror lies off the orbit and the encoder carries handedness. reencode_noise is the pipeline's own floor and is far below both."
9588,8.748965986539242,9.478385349388372,1.0961103793438966e-05,13.644723514099164,0.9230439219380124,798182.9340742258,0.6411977477959806,135.0,1.5694674694337944,512,16,standardize,0.9473676985260375,0.9701092449872284,1.4551317227842241e-05,12.53537504132379,11.723665953926115,0.634765625,0.9738163173501487,0.9728402386026139,"onorbit_null_ratio is what a point known to be on the orbit scores: the distance from a held-out angle sample to the nearest sample of the interleaved half-grid, in units of that half-grid's spacing. mirror_over_spacing is the same quantity for the mirrored embedding. mirror_over_null near 1 means the mirror is indistinguishable from a genuine orbit point, so reflection is absorbed by rotation and no chirality is encoded; a value well above 1 means the mirror lies off the orbit and the encoder carries handedness. reencode_noise is the pipeline's own floor and is far below both."
9606,10.795566058836215,16.289231613127427,1.2592070606446761e-05,22.28176404307322,0.6627424985556785,857330.4896582465,0.48450230592008514,90.0,1.2322323715437984,512,16,standardize,0.9473676985260375,0.9701092449872284,1.4551317227842241e-05,12.53537504132379,11.723665953926115,0.634765625,0.9738163173501487,0.9728402386026139,"onorbit_null_ratio is what a point known to be on the orbit scores: the distance from a held-out angle sample to the nearest sample of the interleaved half-grid, in units of that half-grid's spacing. mirror_over_spacing is the same quantity for the mirrored embedding. mirror_over_null near 1 means the mirror is indistinguishable from a genuine orbit point, so reflection is absorbed by rotation and no chirality is encoded; a value well above 1 means the mirror lies off the orbit and the encoder carries handedness. reencode_noise is the pipeline's own floor and is far below both."
9609,12.879219956247294,15.256821091127865,1.2172623664018015e-05,17.414102081321243,0.8441614330613608,1058047.9863447978,0.7395856470866697,22.5,1.0658091040713427,512,16,standardize,0.9473676985260375,0.9701092449872284,1.4551317227842241e-05,12.53537504132379,11.723665953926115,0.634765625,0.9738163173501487,0.9728402386026139,"onorbit_null_ratio is what a point known to be on the orbit scores: the distance from a held-out angle sample to the nearest sample of the interleaved half-grid, in units of that half-grid's spacing. mirror_over_spacing is the same quantity for the mirrored embedding. mirror_over_null near 1 means the mirror is indistinguishable from a genuine orbit point, so reflection is absorbed by rotation and no chirality is encoded; a value well above 1 means the mirror lies off the orbit and the encoder carries handedness. reencode_noise is the pipeline's own floor and is far below both."
9612,9.412368386806326,11.391224628039954,1.3880389890538716e-05,11.12091414632041,0.8262823966825662,678105.4754969149,0.8463664284217685,180.0,0.867370240739038,512,16,standardize,0.9473676985260375,0.9701092449872284,1.4551317227842241e-05,12.53537504132379,11.723665953926115,0.634765625,0.9738163173501487,0.9728402386026139,"onorbit_null_ratio is what a point known to be on the orbit scores: the distance from a held-out angle sample to the nearest sample of the interleaved half-grid, in units of that half-grid's spacing. mirror_over_spacing is the same quantity for the mirrored embedding. mirror_over_null near 1 means the mirror is indistinguishable from a genuine orbit point, so reflection is absorbed by rotation and no chirality is encoded; a value well above 1 means the mirror lies off the orbit and the encoder carries handedness. reencode_noise is the pipeline's own floor and is far below both."
9657,10.133683307863382,10.36365121022168,1.3124579821780163e-05,18.391027232428897,0.9778101464731388,772114.8749498704,0.5510123594398609,225.0,1.6880502486040403,512,16,standardize,0.9473676985260375,0.9701092449872284,1.4551317227842241e-05,12.53537504132379,11.723665953926115,0.634765625,0.9738163173501487,0.9728402386026139,"onorbit_null_ratio is what a point known to be on the orbit scores: the distance from a held-out angle sample to the nearest sample of the interleaved half-grid, in units of that half-grid's spacing. mirror_over_spacing is the same quantity for the mirrored embedding. mirror_over_null near 1 means the mirror is indistinguishable from a genuine orbit point, so reflection is absorbed by rotation and no chirality is encoded; a value well above 1 means the mirror lies off the orbit and the encoder carries handedness. reencode_noise is the pipeline's own floor and is far below both."
9669,13.361411667411161,16.026011448307987,1.436772986574456e-05,17.88626197283981,0.8337328168339633,929959.8330608474,0.7470209084324265,67.5,0.903762152123196,512,16,standardize,0.9473676985260375,0.9701092449872284,1.4551317227842241e-05,12.53537504132379,11.723665953926115,0.634765625,0.9738163173501487,0.9728402386026139,"onorbit_null_ratio is what a point known to be on the orbit scores: the distance from a held-out angle sample to the nearest sample of the interleaved half-grid, in units of that half-grid's spacing. mirror_over_spacing is the same quantity for the mirrored embedding. mirror_over_null near 1 means the mirror is indistinguishable from a genuine orbit point, so reflection is absorbed by rotation and no chirality is encoded; a value well above 1 means the mirror lies off the orbit and the encoder carries handedness. reencode_noise is the pipeline's own floor and is far below both."
9688,11.355181829805906,12.906756256960643,2.0314091753586244e-05,13.70611747558635,0.8797858736723281,558980.5327034257,0.8284754490126045,180.0,0.8497974242288513,512,16,standardize,0.9473676985260375,0.9701092449872284,1.4551317227842241e-05,12.53537504132379,11.723665953926115,0.634765625,0.9738163173501487,0.9728402386026139,"onorbit_null_ratio is what a point known to be on the orbit scores: the distance from a held-out angle sample to the nearest sample of the interleaved half-grid, in units of that half-grid's spacing. mirror_over_spacing is the same quantity for the mirrored embedding. mirror_over_null near 1 means the mirror is indistinguishable from a genuine orbit point, so reflection is absorbed by rotation and no chirality is encoded; a value well above 1 means the mirror lies off the orbit and the encoder carries handedness. reencode_noise is the pipeline's own floor and is far below both."
9712,12.075574854250384,12.463718950684505,9.875088091649822e-06,13.968335366803888,0.9688580833722342,1222832.1147293106,0.8644963438484088,157.5,1.0226999413043067,512,16,standardize,0.9473676985260375,0.9701092449872284,1.4551317227842241e-05,12.53537504132379,11.723665953926115,0.634765625,0.9738163173501487,0.9728402386026139,"onorbit_null_ratio is what a point known to be on the orbit scores: the distance from a held-out angle sample to the nearest sample of the interleaved half-grid, in units of that half-grid's spacing. mirror_over_spacing is the same quantity for the mirrored embedding. mirror_over_null near 1 means the mirror is indistinguishable from a genuine orbit point, so reflection is absorbed by rotation and no chirality is encoded; a value well above 1 means the mirror lies off the orbit and the encoder carries handedness. reencode_noise is the pipeline's own floor and is far below both."
9716,11.578750846646539,13.338930510003419,1.2597598287199193e-05,17.8394218441207,0.8680419196998704,919123.6760114874,0.6490541536503058,67.5,1.161020406684711,512,16,standardize,0.9473676985260375,0.9701092449872284,1.4551317227842241e-05,12.53537504132379,11.723665953926115,0.634765625,0.9738163173501487,0.9728402386026139,"onorbit_null_ratio is what a point known to be on the orbit scores: the distance from a held-out angle sample to the nearest sample of the interleaved half-grid, in units of that half-grid's spacing. mirror_over_spacing is the same quantity for the mirrored embedding. mirror_over_null near 1 means the mirror is indistinguishable from a genuine orbit point, so reflection is absorbed by rotation and no chirality is encoded; a value well above 1 means the mirror lies off the orbit and the encoder carries handedness. reencode_noise is the pipeline's own floor and is far below both."
9770,14.543056777012184,11.98713585256727,1.3735437501417689e-05,13.67626676440688,1.213221986960089,1058798.219970142,1.0633791390250713,112.5,0.7969899408771127,512,16,standardize,0.9473676985260375,0.9701092449872284,1.4551317227842241e-05,12.53537504132379,11.723665953926115,0.634765625,0.9738163173501487,0.9728402386026139,"onorbit_null_ratio is what a point known to be on the orbit scores: the distance from a held-out angle sample to the nearest sample of the interleaved half-grid, in units of that half-grid's spacing. mirror_over_spacing is the same quantity for the mirrored embedding. mirror_over_null near 1 means the mirror is indistinguishable from a genuine orbit point, so reflection is absorbed by rotation and no chirality is encoded; a value well above 1 means the mirror lies off the orbit and the encoder carries handedness. reencode_noise is the pipeline's own floor and is far below both."
9801,12.817460748444248,13.725439255206757,1.153424203766826e-05,14.737274676911207,0.9338470347010521,1111252.9723743685,0.8697307358005127,180.0,0.7739332112580388,512,16,standardize,0.9473676985260375,0.9701092449872284,1.4551317227842241e-05,12.53537504132379,11.723665953926115,0.634765625,0.9738163173501487,0.9728402386026139,"onorbit_null_ratio is what a point known to be on the orbit scores: the distance from a held-out angle sample to the nearest sample of the interleaved half-grid, in units of that half-grid's spacing. mirror_over_spacing is the same quantity for the mirrored embedding. mirror_over_null near 1 means the mirror is indistinguishable from a genuine orbit point, so reflection is absorbed by rotation and no chirality is encoded; a value well above 1 means the mirror lies off the orbit and the encoder carries handedness. reencode_noise is the pipeline's own floor and is far below both."
9808,18.323087097891747,13.520231953947821,2.090532458028681e-05,17.23608318925924,1.3552346705517522,876479.436017461,1.0630655988774689,337.5,1.3002390529212606,512,16,standardize,0.9473676985260375,0.9701092449872284,1.4551317227842241e-05,12.53537504132379,11.723665953926115,0.634765625,0.9738163173501487,0.9728402386026139,"onorbit_null_ratio is what a point known to be on the orbit scores: the distance from a held-out angle sample to the nearest sample of the interleaved half-grid, in units of that half-grid's spacing. mirror_over_spacing is the same quantity for the mirrored embedding. mirror_over_null near 1 means the mirror is indistinguishable from a genuine orbit point, so reflection is absorbed by rotation and no chirality is encoded; a value well above 1 means the mirror lies off the orbit and the encoder carries handedness. reencode_noise is the pipeline's own floor and is far below both."
9810,10.29596953466699,10.486479305547732,1.0414703961454718e-05,10.274356656017769,0.981832818686825,988599.346920741,1.0021035748877338,112.5,0.9591263853088607,512,16,standardize,0.9473676985260375,0.9701092449872284,1.4551317227842241e-05,12.53537504132379,11.723665953926115,0.634765625,0.9738163173501487,0.9728402386026139,"onorbit_null_ratio is what a point known to be on the orbit scores: the distance from a held-out angle sample to the nearest sample of the interleaved half-grid, in units of that half-grid's spacing. mirror_over_spacing is the same quantity for the mirrored embedding. mirror_over_null near 1 means the mirror is indistinguishable from a genuine orbit point, so reflection is absorbed by rotation and no chirality is encoded; a value well above 1 means the mirror lies off the orbit and the encoder carries handedness. reencode_noise is the pipeline's own floor and is far below both."
9838,11.101631020991313,8.999631358715517,0.9619422712148523,9.523452910964675,1.2335650848898556,11.540849542843029,1.1657149066395476,247.5,0.865662341482298,512,16,standardize,0.9473676985260375,0.9701092449872284,1.4551317227842241e-05,12.53537504132379,11.723665953926115,0.634765625,0.9738163173501487,0.9728402386026139,"onorbit_null_ratio is what a point known to be on the orbit scores: the distance from a held-out angle sample to the nearest sample of the interleaved half-grid, in units of that half-grid's spacing. mirror_over_spacing is the same quantity for the mirrored embedding. mirror_over_null near 1 means the mirror is indistinguishable from a genuine orbit point, so reflection is absorbed by rotation and no chirality is encoded; a value well above 1 means the mirror lies off the orbit and the encoder carries handedness. reencode_noise is the pipeline's own floor and is far below both."
9941,16.07783176951147,15.286826641705456,1.5427580554712715e-05,17.85090173564457,1.0517442335381757,1042148.6189939303,0.9006733669597965,90.0,0.7861831050264588,512,16,standardize,0.9473676985260375,0.9701092449872284,1.4551317227842241e-05,12.53537504132379,11.723665953926115,0.634765625,0.9738163173501487,0.9728402386026139,"onorbit_null_ratio is what a point known to be on the orbit scores: the distance from a held-out angle sample to the nearest sample of the interleaved half-grid, in units of that half-grid's spacing. mirror_over_spacing is the same quantity for the mirrored embedding. mirror_over_null near 1 means the mirror is indistinguishable from a genuine orbit point, so reflection is absorbed by rotation and no chirality is encoded; a value well above 1 means the mirror lies off the orbit and the encoder carries handedness. reencode_noise is the pipeline's own floor and is far below both."
9951,10.440014194504627,12.116012345364247,1.1165830226309788e-05,16.622219120534762,0.8616708118904418,934996.6803099927,0.6280758374558568,90.0,1.1508313172169342,512,16,standardize,0.9473676985260375,0.9701092449872284,1.4551317227842241e-05,12.53537504132379,11.723665953926115,0.634765625,0.9738163173501487,0.9728402386026139,"onorbit_null_ratio is what a point known to be on the orbit scores: the distance from a held-out angle sample to the nearest sample of the interleaved half-grid, in units of that half-grid's spacing. mirror_over_spacing is the same quantity for the mirrored embedding. mirror_over_null near 1 means the mirror is indistinguishable from a genuine orbit point, so reflection is absorbed by rotation and no chirality is encoded; a value well above 1 means the mirror lies off the orbit and the encoder carries handedness. reencode_noise is the pipeline's own floor and is far below both."
